word	V	A	D	n
what	2.939	3.102	3.069	309
said	2.949	3.025	3.070	421
remember	2.937	3.053	3.070	43
she	3.010	3.099	3.038	275
letter	2.839	3.124	3.039	19
last	3.016	3.073	3.046	118
working	3.057	3.038	3.127	26
wasn	2.837	3.044	3.021	37
here	3.011	3.034	3.084	173
off	2.977	3.078	3.087	92
public	2.944	3.037	3.067	62
helps	3.426	3.119	3.197	13
goodwill	3.326	3.048	3.170	50
assistance	3.170	3.016	3.125	19
get	2.977	3.087	3.132	161
people	2.981	3.058	3.053	239
the	2.995	3.021	3.065	4517
welfare	2.936	3.052	3.114	19
through	3.010	3.011	3.059	149
support	3.101	3.069	3.125	115
her	2.983	3.119	3.058	244
that	2.954	3.062	3.077	1405
family	3.197	3.076	3.079	67
and	3.010	3.050	3.071	3079
future	3.139	3.133	3.157	41
could	2.909	3.068	3.038	179
our	3.137	3.090	3.149	307
learned	3.170	3.081	3.165	11
works	3.101	3.057	3.117	19
out	2.920	3.067	3.072	292
rise	3.108	3.049	3.176	9
class	3.036	3.070	3.100	20
system	2.967	2.978	3.050	42
independent	3.005	3.015	3.104	12
becoming	3.005	3.032	3.124	15
coming	3.059	3.129	3.149	18
toward	2.995	2.987	3.094	19
totally	2.942	2.976	3.176	9
was	2.917	3.036	3.013	786
step	3.023	3.041	3.119	19
first	3.016	3.032	3.087	194
now	2.973	3.110	3.109	195
long	2.960	3.021	3.035	122
employment	3.078	2.963	3.021	12
life	3.040	3.093	3.095	128
for	3.015	3.029	3.073	1353
from	2.966	3.033	3.051	658
like	2.941	3.066	3.053	285
seem	3.001	2.947	3.069	19
source	3.092	2.993	3.060	20
unlikely	2.775	2.987	3.020	4
might	2.908	3.075	3.106	81
another	2.961	3.008	3.038	83
story	3.045	3.069	3.113	50
success	3.254	3.095	3.146	30
existed	2.948	3.053	3.050	4
number	3.010	3.011	3.061	37
his	2.902	3.046	3.027	422
job	3.184	3.051	3.150	43
forced	2.745	3.170	2.969	15
never	2.878	3.087	3.051	90
him	2.911	3.147	3.093	183
injury	2.870	3.042	3.010	5
work	3.070	3.034	3.106	109
after	2.880	3.049	3.018	170
found	3.103	3.133	3.086	82
options	3.009	2.876	3.081	8
site	2.964	2.994	3.071	24
enthusiastic	3.425	3.090	3.160	2
combined	3.118	3.025	3.118	4
skills	3.189	2.995	3.111	13
publishing	2.960	2.947	3.117	7
industry	2.869	2.994	2.985	37
desktop	3.163	2.960	3.190	4
ethic	3.175	2.890	3.160	2
with	3.010	3.059	3.069	933
new	3.084	3.032	3.093	287
burgeoning	2.942	2.960	3.030	5
trained	2.868	3.135	3.123	4
dear	3.083	2.905	3.018	49
more	2.985	3.040	3.085	371
than	2.958	3.029	3.085	242
career	3.166	3.031	3.131	14
got	3.042	3.066	3.110	61
only	2.951	2.979	3.051	195
lifetime	3.196	3.080	3.210	5
earned	3.179	3.033	3.069	18
ged	3.353	3.000	3.193	3
not	2.866	3.033	3.060	551
trials	2.985	3.175	3.100	4
rain	2.963	3.050	3.062	6
snow	2.632	3.041	2.900	20
rode	2.993	3.033	3.117	3
bike	3.117	3.048	3.191	27
there	2.986	3.024	3.067	278
wanted	2.819	3.160	3.087	52
had	2.927	3.044	3.027	358
second	2.987	2.984	3.034	80
chance	3.098	3.087	3.187	20
change	3.017	3.081	3.133	48
will	3.052	3.051	3.105	502
stories	3.005	3.035	3.051	43
many	3.014	2.996	3.061	164
their	2.967	3.053	3.066	299
your	3.150	3.111	3.143	435
want	2.889	3.152	3.168	66
own	3.006	3.066	3.094	87
who	2.940	3.081	3.050	291
help	3.099	3.113	3.096	177
gift	3.293	3.116	3.123	87
tell	2.930	3.088	3.139	59
them	2.998	3.045	3.085	170
enclosed	3.178	3.026	3.121	39
envelope	3.107	2.974	3.024	7
generous	3.279	3.179	3.188	14
today	3.084	3.139	3.131	90
use	3.063	3.011	3.138	84
please	3.136	3.062	3.091	88
give	3.094	3.094	3.122	61
sincerely	3.086	2.856	3.039	38
foundation	3.097	2.935	3.074	15
chairman	3.045	2.906	3.111	11
william	3.020	2.900	3.080	5
industries	2.946	3.026	3.059	10
carter	2.850	2.983	3.290	3
investment	2.987	2.926	3.091	12
community	3.168	3.012	3.090	68
wise	3.320	2.910	3.187	3
graduates	3.590	3.235	3.290	2
every	3.056	3.130	3.116	87
estimated	3.159	2.967	3.072	9
dollar	3.240	3.041	3.194	7
helped	3.379	3.121	3.174	20
earn	3.308	3.104	3.275	8
donated	3.440	3.185	3.190	2
spent	2.977	3.003	3.031	23
adding	3.006	3.005	3.073	8
economy	2.907	2.947	2.999	12
fuel	3.023	3.123	3.133	3
variety	3.256	3.123	3.176	11
ways	3.114	3.149	3.256	14
thriving	3.210	3.088	3.098	5
then	2.922	3.075	3.039	161
money	3.051	3.078	3.089	48
approximately	3.120	3.076	3.080	5
tells	3.015	3.098	3.159	16
million	2.996	2.969	3.058	110
dollars	3.074	2.983	3.141	18
jobs	2.962	3.067	3.105	29
find	3.032	3.083	3.101	95
few	3.029	3.008	3.062	69
you	3.031	3.124	3.136	1036
telling	3.071	3.203	3.084	7
ago	2.965	3.031	3.014	30
received	3.339	3.151	3.122	10
months	2.835	2.981	3.012	31
state	2.917	2.993	3.054	117
reduced	3.270	2.994	3.139	7
helping	3.317	3.077	3.146	23
addition	3.056	3.042	3.101	25
used	3.030	3.021	3.102	64
even	2.906	3.073	3.049	172
year	3.073	3.069	3.080	170
this	2.967	3.032	3.074	774
because	2.955	3.071	3.094	118
directly	3.027	2.978	3.161	14
kind	3.065	3.109	3.071	38
does	2.940	2.994	3.043	73
finds	2.870	3.074	2.977	16
disabilities	2.993	3.029	3.094	7
physical	2.976	3.042	3.045	13
mental	3.036	3.002	3.099	12
sometimes	2.919	2.994	3.060	25
restaurant	3.199	3.030	3.106	19
over	2.897	3.076	3.029	185
fulfilling	3.333	3.207	3.110	3
coach	2.728	3.060	3.117	4
middle	3.054	3.015	3.072	24
society	3.015	3.053	3.086	52
how	2.919	3.063	3.053	175
taught	3.233	3.071	3.161	7
cast	3.053	3.093	2.940	3
shadow	3.277	3.097	3.063	3
positive	3.302	3.057	3.194	25
barrier	3.200	2.933	3.033	3
throughout	2.930	3.018	2.984	30
time	2.972	3.055	3.085	219
solution	3.400	3.184	3.106	5
effects	2.984	2.952	3.044	9
someone	2.921	3.160	3.059	45
business	3.025	3.032	3.102	60
welcomes	3.334	3.048	3.104	5
power	2.954	3.031	3.066	23
consumer	2.949	3.081	3.111	15
increased	3.114	3.185	3.112	12
but	2.906	3.039	3.049	604
purchasing	3.070	2.950	3.107	4
worker	2.960	2.990	3.062	6
parents	2.948	3.128	3.016	18
act	2.843	3.040	3.144	31
sufficiency	3.227	3.133	3.377	3
dependency	2.835	2.895	3.155	2
self	3.006	2.983	3.070	65
instead	2.961	3.053	3.056	23
role	3.080	3.005	3.079	26
models	3.086	3.002	3.092	9
are	3.032	3.034	3.085	636
have	2.974	3.066	3.081	558
would	2.937	3.034	3.048	294
been	2.980	3.043	3.067	240
saved	3.087	3.040	3.112	8
tax	3.083	2.978	3.064	29
know	2.923	3.071	3.051	137
problems	2.780	3.080	3.022	23
don	2.754	3.112	3.094	129
just	2.920	3.081	3.055	202
solutions	3.175	2.982	3.155	4
difficult	2.764	2.943	2.998	17
happen	3.013	3.093	3.144	14
inspiring	3.573	3.303	3.270	3
day	3.008	3.102	3.115	105
hard	3.011	3.067	3.133	34
those	2.915	3.065	3.038	113
see	3.006	3.045	3.078	172
services	3.144	2.982	3.093	40
staff	3.044	2.993	3.070	29
benefit	3.049	3.087	3.209	23
produces	3.333	3.067	3.133	3
results	3.149	3.039	3.141	24
recipients	3.250	2.933	3.047	3
group	3.047	3.018	3.096	58
addresses	3.000	2.630	3.105	2
member	3.095	3.069	3.158	35
can	3.027	3.082	3.100	365
yourself	3.078	3.081	3.152	32
says	2.961	3.043	3.082	82
november	3.043	2.938	3.070	13
did	2.902	3.058	3.063	117
share	3.012	3.010	3.064	66
participant	2.400	2.980	2.770	2
training	3.076	2.962	3.098	13
interview	2.917	3.006	3.093	28
classmates	3.230	3.205	3.160	2
program	3.164	3.011	3.098	45
back	2.969	3.090	3.050	164
call	3.000	3.019	3.078	61
once	2.962	3.023	3.073	63
confirms	2.930	3.425	2.940	2
tears	2.715	3.362	2.820	4
already	2.954	3.084	3.105	49
five	3.071	3.009	3.062	36
years	2.990	3.036	3.056	119
offer	3.056	3.011	3.096	47
figured	2.888	3.106	3.092	5
meeting	2.990	3.029	3.055	12
neighborhood	3.225	3.132	3.162	17
keep	3.017	2.991	3.084	69
addressing	2.870	3.060	2.970	3
audience	2.969	2.996	3.040	9
center	3.080	2.972	3.059	78
next	3.050	3.005	3.060	66
corner	2.909	3.093	3.010	26
begins	3.052	2.991	3.141	14
division	3.032	2.884	3.086	10
develop	3.187	2.999	3.085	13
order	2.939	3.031	3.098	36
man	2.961	3.038	3.060	99
serious	2.797	3.145	3.038	21
some	2.939	3.046	3.057	205
industrial	2.926	3.001	3.008	17
waste	2.730	3.167	3.282	14
has	3.005	3.014	3.068	337
takes	2.935	3.065	3.069	24
elsewhere	2.951	2.991	3.083	15
gain	3.052	2.974	3.151	13
confidence	3.312	3.113	3.173	10
all	3.005	3.072	3.084	413
eventually	2.963	3.043	3.038	12
into	2.937	3.060	3.034	210
turns	2.893	2.955	3.023	12
proudly	3.227	3.057	3.200	3
himself	2.923	3.058	3.070	33
leaves	2.636	3.154	2.951	13
real	3.002	3.103	3.076	76
successes	3.255	3.095	3.258	6
these	2.992	3.032	3.084	178
neither	2.980	2.878	3.037	13
news	3.055	2.971	3.086	31
world	3.048	3.084	3.097	145
respect	3.116	3.000	3.106	5
report	2.954	2.968	3.054	23
meet	3.036	3.119	3.157	21
continued	3.002	3.043	3.159	20
needs	3.022	3.065	3.147	23
changing	3.045	3.095	3.124	14
human	2.914	2.976	3.033	52
friends	3.144	3.148	3.102	50
difference	3.199	3.147	3.164	31
lives	3.178	3.151	3.095	39
most	3.023	3.053	3.075	158
generosity	3.340	3.290	3.190	2
rest	2.916	3.047	3.061	32
feel	2.966	3.079	3.033	38
provide	3.099	3.103	3.139	36
card	3.187	3.009	3.149	28
generously	2.987	2.957	3.110	3
response	2.973	3.107	3.082	12
board	3.084	2.992	3.099	25
former	2.920	3.032	3.072	24
dustman	3.000	2.775	3.000	2
jack	2.914	2.961	3.026	7
prepare	3.192	3.102	3.154	10
make	3.082	3.073	3.156	166
asking	3.096	3.088	3.159	19
mission	3.171	3.050	3.151	25
continue	3.045	3.041	3.069	32
nation	2.799	3.071	3.009	14
guys	3.096	3.053	3.157	7
called	2.997	3.085	3.067	51
best	3.145	3.109	3.104	54
good	3.211	3.115	3.126	115
december	3.160	2.939	3.097	8
review	3.085	3.071	3.157	14
one	3.011	3.030	3.066	427
charities	3.110	2.886	3.108	5
motel	3.067	2.950	3.200	3
while	2.958	3.043	3.051	109
thoroughly	2.926	3.196	3.244	5
about	2.960	3.051	3.069	295
short	3.071	2.981	3.089	32
minutes	3.113	3.026	3.139	19
robert	2.921	3.101	3.143	8
since	2.987	3.028	3.076	80
room	2.968	3.066	2.989	39
clean	3.129	3.131	3.202	14
stated	3.080	2.940	3.146	5
other	2.964	3.012	3.064	228
magazine	3.263	3.125	3.147	22
well	3.029	3.042	3.068	131
effective	3.140	3.028	3.078	22
innovative	3.233	3.063	3.183	6
valuable	3.256	3.103	3.228	10
affect	3.010	2.929	3.147	9
way	3.022	3.023	3.080	164
appreciate	3.188	3.137	3.086	9
measured	3.000	3.027	3.073	3
true	2.999	3.019	3.126	41
endorsement	2.947	3.054	3.060	7
value	2.948	3.037	3.077	26
challenges	2.850	2.950	3.059	7
lot	3.062	3.049	3.086	39
face	2.810	3.118	2.978	62
must	2.945	3.118	3.072	72
benefits	3.301	3.161	3.191	15
together	3.156	3.102	3.119	39
everyone	3.100	3.148	3.039	25
need	2.957	3.078	3.091	109
partnership	3.234	3.100	3.157	10
important	3.081	3.080	3.124	56
donation	3.144	3.066	3.033	21
president	3.008	2.973	3.059	59
james	2.950	2.899	2.995	22
mcclelland	3.000	2.817	3.040	3
break	3.108	3.020	3.159	14
free	3.147	3.133	3.147	95
cycle	3.400	3.000	3.400	2
workforce	3.380	2.935	3.250	2
enter	3.101	2.989	3.050	13
neighborhoods	2.932	3.142	3.031	12
proven	3.150	3.050	3.050	2
methods	2.980	3.100	3.080	5
they	2.954	3.067	3.070	389
where	3.033	3.020	3.053	162
towns	2.960	3.044	3.029	12
needed	2.931	3.116	3.116	35
expanded	3.126	3.054	3.087	8
played	3.013	2.966	3.075	11
course	3.043	3.028	3.048	38
different	2.954	2.969	3.075	53
roles	2.950	3.050	3.100	2
possible	3.108	3.005	3.089	41
previous	3.070	2.925	3.052	12
reminder	3.040	3.340	3.100	5
donor	2.750	3.080	2.962	4
programs	3.153	2.990	3.109	39
turned	2.972	2.997	3.040	42
benefited	3.167	3.233	3.133	3
when	2.946	3.056	3.047	268
joins	3.237	2.997	3.203	3
somebody	3.003	3.001	3.131	7
person	3.000	3.059	3.078	37
fewer	3.133	2.908	3.105	4
businesses	3.103	3.073	3.227	6
ranks	3.264	3.000	3.204	5
done	2.981	3.043	3.099	37
history	3.037	3.023	3.043	43
lack	2.582	3.012	3.033	17
esteem	3.090	3.030	3.163	3
barriers	2.977	3.090	3.330	3
education	3.081	3.003	3.160	21
loves	3.390	3.397	3.357	3
company	2.967	2.967	3.046	81
moving	2.944	3.047	2.987	19
goals	3.098	2.981	3.158	20
set	3.033	2.999	3.084	86
thousands	2.932	3.166	3.064	27
come	3.014	3.101	3.074	92
characteristics	2.948	2.938	3.098	5
michael	2.991	3.038	3.057	19
two	2.957	2.999	3.063	170
common	3.004	2.966	3.049	36
overcome	3.445	3.375	3.258	4
comes	2.934	3.129	3.037	31
entire	3.010	3.068	3.067	23
pay	2.898	3.009	3.076	27
wages	3.500	3.150	3.100	2
taxes	3.000	3.350	3.017	6
participants	3.056	2.889	3.076	14
paid	3.018	3.031	3.051	16
nearly	3.043	3.091	3.043	27
age	2.998	2.996	3.019	37
felt	2.884	3.259	2.960	38
three	2.981	3.055	3.054	105
quarters	2.998	3.054	3.034	9
also	3.051	3.000	3.092	198
savings	3.151	2.924	3.107	7
however	2.972	2.996	3.080	55
cents	2.913	2.938	3.028	24
counted	2.833	2.860	3.160	3
house	3.017	3.058	3.036	56
without	2.834	3.067	3.008	70
terms	2.958	2.819	3.056	12
focused	2.931	2.996	3.030	8
families	2.984	2.991	3.012	40
beginning	2.978	2.976	3.045	28
stamps	3.100	2.950	3.000	2
wage	2.787	2.897	2.970	3
may	2.983	3.007	3.021	170
live	3.031	3.115	3.060	53
food	3.058	3.041	3.065	61
purchase	2.990	2.958	3.081	14
won	2.940	3.104	3.086	58
send	3.148	2.998	3.087	25
contribution	3.295	3.092	3.206	25
largest	3.147	3.054	3.130	24
meaning	2.864	3.008	3.008	12
word	2.957	3.083	3.060	28
reason	2.963	3.065	3.047	24
born	2.903	3.045	3.066	17
returned	3.106	2.948	3.089	16
form	2.989	2.952	3.057	44
payments	2.948	2.988	3.032	10
abilities	3.127	3.080	3.000	4
force	2.803	3.140	3.046	25
match	3.339	3.154	3.233	7
upon	3.035	3.026	3.066	16
entering	3.105	2.965	3.112	4
discovered	3.140	3.168	3.078	9
opportunities	3.243	3.202	3.082	13
seemed	2.960	3.152	2.983	21
packaging	2.867	2.860	2.993	3
several	2.991	2.990	3.045	50
performed	3.092	3.028	3.128	5
eliminated	2.807	3.095	3.123	6
recent	2.882	2.995	2.996	20
before	2.944	3.042	3.057	154
cut	2.898	3.055	3.029	22
position	2.908	3.034	2.989	12
lasted	2.835	3.070	3.010	2
greatest	2.823	3.023	3.028	13
think	2.946	3.112	3.148	95
accomplishments	3.280	3.060	3.225	2
survive	2.833	3.083	2.967	6
finally	3.155	3.058	3.097	20
identified	3.046	2.994	3.175	8
attribute	3.075	3.027	3.058	4
major	2.951	2.984	3.039	50
counselors	3.240	2.867	3.007	3
shine	3.350	2.900	3.000	2
right	2.996	3.081	3.122	106
interviews	3.300	2.930	3.030	2
proved	2.991	2.939	3.009	8
joy	3.518	3.473	3.104	9
loved	3.260	3.417	3.130	11
bring	2.976	3.087	3.100	28
ones	3.050	3.063	3.078	23
monitor	2.925	2.800	3.150	4
bent	3.220	3.062	3.078	5
tree	2.863	3.094	2.956	16
provides	3.016	2.981	3.081	16
each	3.071	3.034	3.093	78
night	2.929	3.073	3.000	73
service	3.138	3.004	3.070	49
customer	3.075	2.850	3.000	4
unemployment	2.847	3.089	2.893	7
entry	2.997	2.931	2.997	7
complaint	2.762	3.015	2.989	8
include	2.931	2.975	3.017	18
level	3.062	2.985	3.101	31
dependent	3.000	2.900	3.000	2
become	3.071	3.022	3.103	51
critics	2.810	3.035	3.097	30
strongest	3.400	3.150	3.100	2
train	2.964	3.048	3.030	13
placed	2.988	2.998	3.014	14
double	3.063	3.036	3.020	16
storm	2.621	3.072	2.879	12
reform	2.900	3.040	2.976	5
sea	3.197	3.143	3.058	23
debate	2.885	3.068	3.057	12
gathering	3.187	3.142	3.143	9
getting	2.950	3.088	3.100	17
answer	2.928	3.102	3.117	16
date	3.062	3.045	3.091	21
unknown	2.937	3.040	2.970	3
uncertain	2.914	2.922	3.126	5
starting	2.865	3.052	3.025	12
finding	2.706	3.340	2.948	5
still	2.925	3.109	3.046	115
its	2.994	3.003	3.054	307
central	3.030	2.958	3.041	37
meaningful	3.020	2.860	3.020	5
point	2.942	2.986	3.071	64
indiana	3.103	2.870	3.056	7
lowest	2.667	3.100	2.967	3
jerry	2.971	3.017	3.067	7
blind	3.097	3.080	3.020	10
homeless	2.419	3.139	2.731	7
were	2.881	3.045	3.027	300
hope	3.194	3.129	3.071	48
numerous	3.096	3.036	3.084	12
obstacles	3.033	3.200	2.867	3
offers	3.185	3.017	3.131	19
injection	2.750	3.200	2.700	2
check	3.052	3.003	3.131	15
manufacturer	3.167	2.867	3.300	3
contributing	3.367	3.000	3.133	3
legal	2.970	2.985	3.138	13
safe	3.053	3.117	3.047	21
troubles	2.575	3.093	2.993	4
place	2.992	3.051	3.048	90
promising	3.095	3.050	3.255	4
building	2.988	2.998	3.049	52
plastic	3.140	2.893	3.103	6
march	2.994	2.875	3.059	19
commitment	3.134	3.062	3.104	14
despite	3.007	2.990	2.979	22
made	2.925	3.040	3.034	126
count	3.040	3.010	2.950	6
bad	2.707	3.016	3.015	20
mistake	2.705	2.995	3.030	4
didn	2.765	3.090	3.054	87
path	2.991	2.968	3.073	10
rebuilding	2.859	3.102	2.989	9
knew	2.828	3.031	3.036	29
thrown	2.807	3.140	3.073	3
serve	3.064	2.990	3.087	22
placement	3.140	2.960	3.020	5
employers	3.065	2.885	2.930	2
workers	2.893	2.974	3.046	37
resources	2.964	3.038	3.053	18
stability	3.082	2.988	3.248	5
sending	3.175	3.102	3.176	10
themselves	3.046	3.086	3.089	36
hit	2.850	3.136	2.996	32
reality	2.801	3.000	2.977	12
wife	2.947	3.000	2.980	27
street	3.010	3.028	3.051	63
ended	2.858	3.088	3.035	13
unable	2.625	3.133	2.873	6
city	3.060	2.993	3.077	130
address	3.028	2.832	3.055	26
zip	2.974	2.700	3.015	12
name	2.967	2.996	3.111	80
township	2.964	3.054	3.034	7
went	2.878	3.020	2.969	38
trustee	3.100	3.000	3.000	2
until	2.916	3.075	3.057	68
referred	2.996	2.921	3.003	7
search	2.971	2.966	3.083	14
academy	3.032	3.058	3.075	6
blue	3.045	3.058	3.033	25
immediately	3.006	3.096	3.140	28
end	2.907	3.043	3.034	74
obtained	3.026	2.950	3.087	8
construction	3.030	3.031	3.090	15
soon	3.001	3.026	3.022	25
determination	2.892	2.892	3.135	6
take	3.022	3.055	3.127	117
released	2.963	2.879	3.059	8
prison	2.491	2.937	2.951	7
going	2.901	3.165	3.128	104
faced	2.698	3.050	2.796	5
child	2.943	3.137	3.081	49
unemployed	2.210	3.000	2.540	2
failure	2.691	3.076	2.984	14
record	3.184	3.074	3.105	31
tuition	2.800	2.910	2.920	3
deposit	3.000	3.100	3.100	2
such	2.927	3.028	3.068	108
college	3.016	2.991	3.088	18
fund	3.228	3.129	3.143	28
often	2.851	2.982	3.006	64
apartment	2.962	3.038	3.090	12
doesn	2.857	3.004	3.037	23
exist	2.822	3.070	2.960	4
private	2.904	2.942	3.067	20
cross	3.021	2.968	3.030	11
successfully	3.168	3.093	3.070	6
children	3.091	3.068	3.098	84
threshold	2.924	2.954	2.914	5
executive	2.980	2.874	3.059	19
mary	2.983	2.900	3.058	12
roth	2.975	2.725	3.000	4
director	3.060	2.877	3.089	22
pleasant	3.184	2.968	3.142	20
young	3.013	3.043	3.087	69
same	2.911	3.049	3.058	92
adults	3.182	3.087	3.217	22
leave	2.864	3.078	3.008	40
run	3.080	2.986	3.092	39
feelings	3.065	3.094	3.062	8
june	3.016	2.917	3.097	19
started	2.917	3.111	3.103	27
very	3.032	3.061	3.052	91
begin	3.031	3.033	3.105	27
furniture	3.018	2.911	3.032	12
necessities	2.560	2.840	2.750	2
basic	2.858	3.007	3.070	9
begun	2.850	3.150	3.150	2
leaving	2.832	2.892	2.936	13
establish	2.991	2.994	3.043	7
donors	3.095	2.888	3.205	4
financial	3.036	3.054	3.131	34
measure	3.019	2.942	3.064	31
formally	3.103	2.950	3.033	3
four	2.952	2.986	3.048	53
apply	2.976	2.996	2.933	7
being	2.873	3.048	3.025	100
eligible	3.075	2.895	3.070	4
receive	3.210	3.055	3.173	35
requirements	3.015	2.935	3.112	4
individuals	3.044	3.012	3.009	15
release	2.907	2.973	3.013	9
courts	2.866	2.937	2.939	7
successful	3.118	3.020	3.073	31
tests	2.877	3.120	3.127	3
completion	3.200	2.967	3.200	3
elation	3.300	3.325	3.160	2
home	2.982	3.006	3.068	85
combination	3.067	3.167	3.083	6
left	2.873	3.049	3.008	83
possession	2.895	2.805	3.145	2
school	3.076	3.022	3.085	62
diploma	3.145	2.805	3.245	2
high	3.013	3.086	3.086	59
essay	2.948	2.795	3.058	6
why	2.871	3.066	3.042	112
reviewed	2.874	2.971	3.071	7
panel	2.841	3.027	3.019	15
which	2.974	2.986	3.056	285
funds	2.856	2.994	3.032	13
grant	3.025	2.931	3.106	8
should	2.940	3.023	3.095	96
proof	3.015	3.107	3.082	6
reference	2.960	3.080	2.983	3
determines	3.072	2.960	3.048	5
stating	3.000	2.985	3.123	4
letters	2.892	2.995	3.086	11
civil	2.882	2.892	2.982	5
task	2.974	2.950	3.076	21
war	2.879	3.060	3.076	47
lost	2.858	3.139	2.991	19
psychological	3.012	3.032	3.024	14
abuse	2.686	3.211	3.038	16
emotional	2.825	3.100	2.975	4
sexual	2.991	3.097	3.049	23
therapy	3.150	2.875	3.000	4
others	2.951	3.055	3.077	39
homes	3.008	3.051	3.077	21
grow	2.901	3.079	3.092	17
away	2.862	3.130	3.023	50
biggest	3.060	3.113	3.082	11
tragedy	2.327	3.273	2.920	3
birth	2.850	3.100	3.050	2
jessica	2.945	2.903	3.027	6
baby	2.898	3.203	3.014	19
little	2.890	3.037	3.010	91
adoptive	3.194	3.118	3.076	5
between	2.959	2.980	3.055	121
caught	2.852	3.131	3.031	16
struggle	2.885	3.190	2.917	4
figures	3.100	2.875	3.000	4
triple	3.062	2.892	2.982	5
happy	3.373	3.133	3.175	22
opportunity	3.371	3.189	3.240	27
productive	3.186	3.064	3.134	5
loving	3.548	3.148	3.170	11
members	3.046	3.036	3.082	37
given	2.891	2.994	2.975	37
sufficient	3.133	2.817	3.210	3
welcome	3.467	3.223	3.187	17
belong	2.847	3.156	3.101	8
regain	3.092	2.898	3.132	5
worth	3.028	3.137	3.138	31
abused	2.613	3.223	2.823	3
explosively	2.655	3.315	3.070	2
shrinking	2.723	3.200	3.030	3
funding	3.024	3.051	3.117	8
sources	2.828	3.054	2.977	11
kids	2.970	3.071	3.106	40
better	3.066	3.131	3.186	51
improved	3.183	2.867	3.067	6
kerry	2.400	3.150	2.900	2
dad	2.760	3.105	3.075	6
older	2.918	3.009	3.032	17
claimed	2.672	3.114	3.040	5
suicide	2.235	3.050	2.760	2
murder	2.417	3.233	2.967	6
mom	2.853	3.086	2.933	9
indianapolis	3.187	3.082	3.095	22
trouble	2.665	3.053	2.961	12
crime	2.629	3.131	3.032	16
desperately	2.682	3.180	3.054	5
mother	2.963	3.078	3.105	25
trying	2.697	3.157	3.006	23
friend	3.151	2.987	3.082	36
victims	2.301	3.244	2.957	7
torn	2.490	3.410	2.924	5
too	2.887	3.095	3.013	93
apart	2.694	3.143	2.966	9
alcoholic	2.960	2.963	2.969	7
repeated	2.467	3.097	2.870	3
ward	2.833	3.060	3.020	3
court	2.853	3.047	3.090	33
father	2.527	3.032	2.965	6
alice	2.930	2.810	3.053	3
behavior	2.972	2.958	3.079	32
sent	2.722	3.033	2.911	14
severe	2.560	3.010	3.025	2
recovering	2.850	3.000	2.890	2
john	3.069	2.908	3.044	17
relationships	3.199	3.022	3.065	12
again	2.937	3.115	3.008	68
serving	2.978	3.008	3.080	4
began	2.829	3.081	2.993	40
weeks	2.942	2.998	3.022	25
matter	2.912	3.019	3.050	26
able	3.046	3.034	3.105	39
contribute	3.020	2.920	3.088	5
ready	3.042	3.108	3.113	27
generally	3.053	2.885	3.101	11
proud	3.538	3.200	3.375	4
profit	3.062	2.985	3.124	16
agency	3.126	2.979	3.111	16
multi	3.280	3.070	3.188	4
weren	2.976	3.011	2.996	7
wouldn	2.940	3.017	2.987	29
numbers	2.874	3.094	2.917	7
rising	3.050	3.166	3.032	9
deserve	3.043	3.310	3.173	3
quickly	2.981	3.147	3.047	19
tom	3.134	3.114	3.008	20
governments	2.920	2.970	3.125	4
local	3.029	3.010	3.098	61
truly	3.127	2.995	2.966	10
federal	2.807	2.989	3.014	29
much	2.948	3.077	3.063	129
continues	2.836	2.925	2.955	13
significant	2.973	2.959	3.064	14
hundreds	2.889	3.036	2.996	17
impact	2.977	2.995	3.065	15
spite	3.143	3.047	3.237	3
care	3.033	3.014	3.091	36
really	2.902	3.119	3.040	62
volunteers	3.362	3.135	3.262	10
futures	2.972	3.020	3.010	4
neglect	2.593	3.211	3.064	7
fight	2.869	3.148	3.144	22
increases	2.843	3.130	2.990	3
hear	2.957	3.104	3.059	18
newsletter	3.190	3.017	3.400	3
grade	2.768	2.882	2.918	6
yet	2.903	2.994	3.022	36
enough	2.899	3.089	3.074	59
side	3.031	3.027	3.070	29
special	3.234	3.119	3.132	51
appeal	3.071	2.936	3.064	9
raising	3.069	3.153	3.145	11
residential	2.802	2.911	2.951	8
therapeutic	2.995	2.880	2.920	4
whether	2.944	3.019	3.058	33
foster	2.836	2.844	3.016	5
whole	3.028	2.985	3.027	49
stay	3.060	3.051	3.053	18
certainly	3.093	3.102	3.208	18
memories	2.844	3.154	2.957	9
holiday	3.191	3.073	3.186	15
open	3.092	3.064	3.097	74
means	3.044	3.056	3.112	25
presents	3.169	3.023	3.181	10
meal	3.100	2.973	3.123	10
utensils	2.915	2.845	3.000	2
cooking	3.096	2.991	3.091	10
season	3.062	3.022	3.103	29
beyond	2.921	2.986	2.993	17
supplies	2.826	3.061	3.031	10
educational	3.234	2.916	3.152	5
books	3.011	3.054	3.041	13
tools	2.838	3.032	2.920	5
clothing	3.028	3.011	2.993	16
mail	2.953	2.940	3.065	13
let	2.978	3.090	3.129	77
kinds	3.034	3.116	3.000	8
holidays	3.297	3.507	2.977	3
love	3.396	3.315	3.116	62
full	3.124	3.081	3.084	43
wish	2.927	3.169	3.019	14
warmth	3.490	3.120	3.137	3
thanks	3.413	3.163	3.108	34
risk	3.141	3.021	3.105	17
cares	3.112	3.050	3.155	4
including	3.031	2.965	3.046	50
based	3.022	2.960	3.066	52
treatment	2.804	3.053	3.012	13
wide	3.072	3.069	3.081	17
range	3.165	3.024	3.111	18
arrangements	2.947	2.937	3.003	3
baking	3.250	3.100	3.150	2
busy	3.244	3.082	3.073	12
buying	2.936	3.076	3.120	14
making	3.094	3.081	3.121	55
gifts	2.877	2.984	3.068	23
consider	3.036	2.989	3.108	25
past	2.918	3.019	2.988	64
healthy	3.124	3.038	3.090	17
environment	3.067	3.142	3.160	25
struggling	2.700	3.033	2.800	3
contact	2.962	2.969	3.107	18
lisa	3.137	3.055	3.125	4
interested	2.967	3.012	3.228	9
marcia	2.800	2.990	2.950	2
information	3.036	2.966	3.070	70
sponsors	3.150	3.000	3.170	2
later	2.926	3.008	3.049	50
non	2.955	3.069	3.079	25
matched	3.117	3.050	3.123	6
considering	3.336	3.044	3.228	5
memorable	3.393	3.273	3.180	3
thank	3.610	3.187	3.129	29
believe	3.016	3.122	3.091	53
sponsor	3.270	3.083	3.196	14
companies	2.975	3.050	3.023	26
seek	2.958	3.006	3.079	16
organizations	3.156	3.052	3.111	18
providing	3.097	3.056	3.152	12
counseling	3.100	3.025	3.075	4
keeping	3.064	2.971	3.130	8
focus	2.981	2.915	3.072	10
beds	2.880	2.967	3.000	3
etc	2.760	2.992	3.032	5
cleaning	2.530	3.010	3.055	2
particularly	2.955	3.027	3.114	25
necessary	2.992	3.079	3.077	11
sponsoring	3.160	3.265	3.260	2
inc	3.029	2.979	3.072	29
plans	2.872	3.037	2.989	24
camp	3.268	3.146	3.107	21
costs	2.902	3.004	3.004	21
boys	3.115	3.220	3.120	13
clubs	3.026	3.074	3.068	15
girls	3.033	3.096	3.055	17
afford	2.825	3.188	3.012	11
deserving	3.190	3.100	3.190	2
deductible	3.192	3.044	3.086	11
yes	3.177	3.218	3.076	35
start	3.085	3.211	3.171	32
appreciated	3.350	3.200	3.000	2
size	3.062	3.013	3.086	20
richard	3.000	2.889	3.033	9
summer	3.141	3.067	3.094	32
club	3.136	2.969	3.114	27
six	2.972	3.044	3.058	34
arts	3.146	2.913	3.102	19
sports	3.042	2.838	3.020	6
exploring	3.287	2.897	3.002	4
learning	3.116	3.074	3.072	9
enjoy	3.301	3.228	3.276	23
instruction	3.080	2.820	2.900	3
fun	3.384	3.244	3.165	24
living	3.036	3.041	3.057	25
dedicated	3.175	3.074	3.053	13
committed	3.196	3.127	3.313	10
experiences	2.975	3.062	3.205	4
super	3.124	3.028	3.117	9
safari	3.210	2.970	3.163	3
learn	2.999	3.042	3.102	20
nature	3.102	3.014	3.117	50
activities	3.129	3.015	3.145	32
daily	3.137	3.023	3.061	20
cooperation	3.020	3.048	3.135	12
developed	2.986	3.078	3.088	10
leadership	3.113	3.127	3.156	10
stuff	3.047	3.033	3.099	15
brochure	3.290	3.000	3.200	3
read	3.001	3.040	3.060	38
wonderful	3.545	3.273	3.151	15
counting	3.068	3.015	3.093	4
tomorrow	3.285	3.159	3.228	8
depending	3.065	2.937	3.190	6
deputy	2.940	3.002	2.984	5
campbell	2.876	3.104	2.978	5
chief	2.991	2.949	3.055	14
department	3.047	2.993	3.063	24
police	2.717	3.204	3.073	24
united	2.929	3.040	3.061	67
return	2.985	2.974	3.039	42
youngsters	2.947	2.950	3.020	3
feeling	2.966	3.038	3.003	19
alone	2.795	3.021	2.936	28
february	2.917	2.845	3.056	8
reach	3.175	3.066	3.153	26
risks	2.788	3.020	3.095	4
highest	3.020	3.136	3.042	10
especially	3.025	3.056	3.100	21
sense	3.054	3.020	3.135	25
giving	3.008	3.060	3.065	24
influence	2.992	3.056	3.091	13
potential	3.028	3.013	3.121	18
belonging	2.853	3.157	2.943	3
realize	2.962	3.197	3.101	8
overwhelming	2.633	3.100	2.800	3
pressures	2.760	3.002	2.848	5
everything	2.955	3.083	3.057	26
drugs	2.585	3.085	2.954	13
equipment	3.012	2.952	3.047	16
facilities	3.012	2.991	3.012	9
repairs	3.100	2.900	3.050	2
drinks	3.100	3.220	3.140	5
prize	3.318	3.277	3.190	6
great	3.158	3.121	3.087	87
soft	3.342	3.325	3.140	11
walk	3.060	3.057	3.089	25
raffle	3.320	3.230	3.353	3
neighbors	3.171	3.083	3.050	7
nothing	2.804	3.078	3.054	50
employees	2.968	2.985	3.025	11
grill	3.363	3.233	3.098	6
designed	2.959	3.045	3.069	23
jameson	3.271	3.147	3.095	18
maybe	2.898	3.042	2.970	42
gives	3.163	3.049	3.129	19
event	3.163	3.044	3.104	24
create	3.165	3.190	3.100	17
round	3.193	3.079	3.083	19
join	3.195	3.111	3.129	37
dreams	3.078	3.176	3.017	15
fill	3.100	3.153	3.144	8
simply	2.948	3.057	3.082	30
contacting	3.032	2.972	3.168	5
questions	2.916	2.954	3.109	21
com	3.032	2.772	3.019	18
pat	3.127	2.857	3.090	3
aol	3.050	2.750	3.150	2
inaugural	3.517	3.177	3.007	3
ever	2.942	3.027	3.056	67
hold	2.910	3.109	3.087	26
saturday	3.061	3.084	3.071	13
marks	3.036	3.053	3.050	12
september	2.982	3.058	3.084	12
having	3.049	3.148	3.060	41
raiser	3.575	3.710	3.175	2
table	3.128	3.035	3.086	21
picnic	3.033	3.033	3.033	3
corporate	3.093	3.017	3.155	15
feature	3.179	3.008	3.140	10
tough	2.857	3.117	3.033	7
egg	3.133	3.067	3.047	3
basketball	3.167	3.133	3.033	3
crafts	3.242	2.978	3.022	5
creek	3.060	3.020	3.140	5
hungry	3.077	3.080	3.038	6
toss	3.140	3.050	3.035	4
plenty	3.188	3.119	3.061	12
bet	2.941	3.091	3.071	11
hog	3.460	3.250	3.210	2
hot	3.061	3.044	3.030	14
roast	3.460	3.250	3.210	2
dogs	3.024	3.116	3.065	17
anyone	2.900	3.106	3.083	29
campers	3.156	3.142	3.085	11
prizes	3.227	3.000	3.263	3
small	3.018	3.012	3.034	85
friendly	2.829	3.073	2.983	10
type	3.079	3.001	3.064	14
any	2.904	3.000	3.047	136
products	2.881	2.948	3.040	12
youth	3.203	2.986	3.146	46
established	3.074	3.079	3.079	16
camping	3.240	3.015	3.144	8
experience	3.167	3.136	3.115	28
complete	2.910	3.077	3.032	6
postage	3.050	2.895	3.000	2
july	3.032	2.958	3.077	28
quick	2.975	3.048	3.089	11
picking	3.272	2.985	3.137	4
trail	3.049	2.960	3.108	23
annual	3.265	3.083	3.143	22
follow	3.002	2.981	3.066	22
overnight	3.068	2.926	3.069	9
events	3.066	2.933	3.076	20
ages	3.214	3.059	3.100	11
during	2.986	3.012	3.075	46
weekend	3.070	2.966	2.944	10
teachers	2.983	2.750	3.130	3
doctors	3.060	2.895	2.928	4
professionals	3.003	2.900	2.987	3
social	3.046	3.002	3.099	25
attend	2.950	2.985	2.968	6
behavioral	2.915	3.105	3.050	2
mrs	2.986	2.940	3.144	5
total	2.972	2.966	2.989	16
health	3.001	3.018	3.101	29
organized	2.903	3.164	3.049	14
physically	3.275	3.140	3.225	2
improve	3.208	3.028	3.141	20
socially	3.400	3.250	3.250	2
emotionally	3.150	3.100	3.050	2
goal	3.125	3.056	3.081	28
planning	3.237	3.044	3.135	8
continuing	2.920	3.009	3.029	8
decided	3.075	3.047	3.122	25
told	2.892	3.082	3.088	59
accomplishing	3.285	2.950	3.185	2
something	3.036	3.067	3.092	109
ask	2.953	2.954	3.042	33
yesterday	2.961	2.971	2.939	16
renewing	3.138	3.025	3.038	4
problem	2.784	3.054	3.064	29
close	3.015	3.070	3.019	34
sessions	3.150	3.000	3.075	4
alive	3.216	3.256	3.139	18
part	2.990	3.040	3.076	85
camper	3.250	3.100	3.200	2
till	3.030	3.060	3.025	2
scheduled	3.148	3.013	3.139	8
around	2.944	3.066	3.024	124
weekends	3.267	3.233	3.178	6
marsh	2.998	2.688	2.980	6
julie	3.000	2.725	3.000	2
attended	3.417	3.267	3.133	3
fall	3.017	2.985	3.031	20
winter	3.008	3.029	3.130	9
expense	2.997	2.930	3.110	3
capacity	2.910	3.107	3.040	4
squeezed	2.867	3.423	3.123	3
waiting	2.908	3.085	2.967	25
truth	2.701	3.075	3.002	10
extra	2.903	3.083	3.012	6
spot	3.117	3.035	3.094	14
list	2.985	3.049	3.026	17
returning	3.019	2.898	3.061	17
hoping	2.959	3.013	3.024	7
agencies	2.964	3.128	3.111	9
available	3.130	3.011	3.088	27
aren	2.799	2.907	3.076	16
limited	2.964	2.992	3.014	13
seems	2.892	3.054	3.012	24
doing	3.069	3.119	3.027	36
troubled	2.792	3.005	3.055	6
whose	2.936	3.035	3.074	36
teens	3.278	2.946	3.140	5
includes	3.132	3.013	3.104	16
camperships	3.275	3.360	3.275	2
else	2.961	3.092	3.035	38
challenging	3.176	2.946	3.266	5
willingness	3.075	3.075	3.075	2
understanding	2.967	3.159	3.031	7
above	3.033	3.050	3.087	36
anything	2.885	2.978	3.076	38
genuine	3.063	2.920	3.153	3
effort	3.040	3.000	3.138	23
requires	2.987	2.920	3.133	7
almost	2.966	2.996	3.027	48
team	3.065	3.085	3.070	30
taking	2.979	2.956	3.088	27
projects	3.069	3.057	3.086	10
grown	2.944	2.940	3.018	14
juniors	3.345	2.865	2.950	2
old	2.963	3.011	3.051	89
previously	3.064	2.991	3.034	14
earlier	2.925	2.999	3.050	24
decade	3.338	3.162	3.222	6
stable	3.300	3.133	3.100	3
meant	2.936	2.977	3.025	19
raise	3.127	3.085	3.195	12
isolated	3.005	2.677	3.027	4
regularly	3.131	2.998	3.085	8
project	3.003	2.978	3.055	17
undertaken	3.207	2.773	2.967	3
hospital	3.166	3.013	3.073	9
sick	2.717	3.172	2.920	6
visit	3.181	2.960	3.111	25
volunteer	3.146	2.818	3.092	5
efforts	2.967	3.030	3.059	39
increase	3.084	2.915	3.041	11
show	2.981	3.054	3.100	48
direction	3.138	2.892	3.190	6
lead	3.041	3.027	3.082	33
hand	2.994	3.116	3.012	61
points	2.927	3.017	3.021	15
guidance	3.080	3.100	3.138	4
encouragement	3.230	3.253	3.160	3
area	2.983	2.962	3.027	67
accomplish	3.053	3.172	3.027	4
growth	3.068	2.961	3.092	18
effect	2.974	3.042	3.091	17
vision	3.212	3.107	3.078	12
result	2.963	3.004	3.026	24
conclude	3.050	2.907	3.033	3
celebration	3.383	3.207	3.067	3
enrichment	3.188	3.155	3.075	4
certificates	3.000	2.930	3.070	2
participation	3.095	2.940	3.005	4
reward	2.988	3.122	2.968	5
presenting	3.000	2.850	3.050	2
target	2.874	3.022	3.091	12
amount	2.993	2.931	3.106	18
therefore	2.953	2.943	3.060	19
recognize	2.995	3.050	3.262	6
represents	3.166	3.106	3.174	5
quite	2.968	3.037	3.067	21
interests	2.764	3.177	3.125	17
known	2.989	3.011	3.040	52
concerns	2.877	2.917	3.071	16
supply	3.118	3.062	3.137	8
consideration	3.279	3.104	3.114	8
request	3.109	3.063	3.050	9
additional	3.108	3.161	3.146	13
forward	3.040	3.195	3.075	30
hearing	3.005	3.249	3.012	8
look	2.987	3.016	3.067	89
valery	2.960	2.783	3.073	3
development	3.078	2.933	3.063	53
senior	3.143	2.978	3.056	11
emergency	2.808	3.205	3.063	11
income	2.926	2.961	3.024	16
programming	3.146	3.072	3.098	5
served	2.954	3.167	3.124	8
low	3.117	3.042	3.085	26
store	3.170	3.004	3.107	12
located	3.049	2.936	3.142	11
areas	2.975	2.965	2.973	26
map	3.040	2.837	3.076	7
heart	3.055	3.129	3.089	27
exciting	3.407	3.401	3.211	19
centers	3.263	3.104	3.120	17
residents	2.999	3.065	2.995	10
southwest	3.240	3.207	3.130	3
cci	3.194	3.006	3.140	8
comprehensive	3.084	3.056	3.030	5
efficient	3.053	2.980	3.074	10
identify	3.067	3.029	3.083	13
county	2.982	2.958	3.097	55
marion	3.126	2.913	3.131	8
federation	3.075	3.033	3.149	16
hours	2.923	2.976	3.081	32
visiting	3.078	3.047	3.002	8
spend	2.838	2.972	3.042	17
computer	2.876	2.997	3.048	18
guest	3.195	2.885	3.205	4
management	3.007	2.910	3.056	15
week	3.008	3.052	3.094	34
colleges	3.067	2.900	3.100	3
august	3.046	3.091	3.074	9
developing	2.977	2.807	3.003	6
speakers	2.950	2.925	3.075	4
personal	2.950	3.049	3.056	30
both	2.995	2.964	3.068	93
willing	2.910	3.076	3.040	5
mind	2.990	3.074	3.083	55
asked	2.979	2.889	3.016	53
encourage	2.960	2.996	2.980	5
organization	3.006	3.065	3.070	21
church	2.965	3.017	3.050	17
worked	3.187	3.055	3.119	16
century	3.087	3.004	3.063	40
move	2.969	3.043	3.069	40
ahead	3.029	3.118	3.119	18
committee	2.900	3.008	3.065	39
talk	2.855	3.065	3.065	24
solid	3.117	3.202	3.152	6
seeing	3.021	3.055	3.117	11
providers	3.380	3.073	3.165	4
process	3.071	3.011	3.157	21
stronger	3.026	3.153	3.081	7
ultimately	2.988	3.051	3.087	12
title	3.008	2.888	3.037	13
mmm	3.122	2.930	3.080	4
chris	3.000	3.100	3.100	2
chair	2.937	2.916	3.062	15
clear	2.915	2.993	3.051	35
control	2.928	2.989	3.059	49
base	2.691	3.085	2.934	16
ensure	3.017	2.972	3.112	9
turn	2.985	3.030	3.053	34
put	2.902	3.122	3.121	57
initiatives	3.047	2.913	3.004	9
plan	2.934	3.022	3.080	43
office	3.027	2.909	3.095	35
preschool	3.235	2.965	3.145	4
stopover	2.960	3.060	3.010	2
seniors	3.057	2.933	3.123	3
transportation	3.039	2.950	3.125	8
affiliate	3.100	3.200	3.200	2
plus	3.218	3.103	3.111	17
greater	2.942	3.011	3.054	16
council	3.084	3.024	3.044	5
administration	2.851	3.060	3.001	8
housing	2.807	2.793	2.976	9
churches	3.075	3.100	3.075	4
parks	3.165	2.912	3.085	11
network	3.109	3.019	3.170	14
corporations	3.213	3.115	3.153	6
access	3.058	2.949	3.051	18
occur	3.000	3.027	2.983	3
exactly	2.929	3.031	3.052	29
happened	2.774	3.026	2.978	19
provided	2.917	2.915	3.012	13
final	2.976	3.088	2.974	16
higher	3.032	2.999	3.152	16
buck	2.983	3.207	3.333	3
enable	3.193	3.070	3.223	6
playing	2.992	3.052	3.052	13
moore	2.859	3.019	3.086	79
question	2.923	3.037	3.039	35
locations	3.133	3.023	3.193	3
adult	3.160	3.040	3.110	11
case	2.877	3.067	3.120	40
aids	3.390	2.850	3.160	2
recreation	3.345	3.083	3.265	4
provider	3.125	2.850	3.110	2
mccoy	3.171	3.020	3.089	19
taken	2.824	3.035	2.979	29
yours	3.118	3.023	3.161	13
steps	3.006	3.079	3.026	19
recently	3.046	3.034	3.086	8
involved	2.834	3.022	3.075	17
led	2.925	2.992	3.094	24
adopted	3.044	2.939	2.971	7
ride	3.097	3.110	3.072	24
april	3.048	2.947	3.043	22
fare	3.200	3.050	3.000	2
policy	2.924	2.984	3.180	19
half	2.951	3.031	3.043	33
normal	3.004	2.973	3.068	13
buses	2.982	2.947	3.048	6
under	2.873	3.012	3.016	84
conduct	2.760	3.231	3.243	9
evenings	3.100	3.067	3.067	3
mapping	2.950	2.950	3.050	2
confirmed	2.700	2.950	2.950	4
met	3.044	2.988	3.109	14
cannot	2.856	3.088	3.042	25
annually	3.110	2.765	3.210	2
brandon	3.050	2.650	3.050	2
initiative	3.040	2.968	3.120	5
obtain	3.075	3.000	3.150	4
economic	2.835	3.046	3.020	24
caring	3.308	2.995	3.086	16
things	2.924	3.100	3.072	64
places	3.074	3.030	3.081	34
conclusion	2.866	3.046	3.096	7
arrived	3.093	2.998	3.031	14
processes	3.315	3.465	3.345	2
responsible	3.361	3.236	3.208	9
adulthood	2.960	3.060	3.225	2
assist	3.197	2.835	3.128	4
hopeful	2.897	3.007	2.957	3
supporters	2.902	3.115	3.115	6
meridian	3.187	3.024	3.200	7
insurance	2.720	3.105	3.137	12
individual	3.045	3.042	3.098	17
sustaining	3.085	3.000	3.145	2
corporation	3.090	2.867	3.090	3
various	3.024	2.997	3.087	14
application	3.103	2.967	3.133	3
supporting	2.906	3.177	3.127	7
single	2.874	3.047	3.058	24
obviously	2.590	2.978	3.012	9
overview	3.160	2.997	3.062	4
scope	2.787	3.017	2.910	3
discuss	2.981	2.943	3.183	15
interest	3.112	3.015	3.109	20
commission	3.184	2.944	3.202	5
joining	3.359	3.119	3.269	7
citizens	2.888	3.042	3.073	18
fellow	2.919	2.969	3.031	11
january	3.129	3.031	3.100	7
supporter	2.792	3.002	3.078	5
originally	3.092	3.030	3.096	9
founded	3.166	3.006	3.120	10
government	2.912	2.981	3.058	73
convening	3.350	3.015	3.160	2
purpose	2.964	2.992	3.104	8
collaboration	3.200	3.050	3.150	2
systems	3.109	2.960	3.151	8
bill	2.990	3.011	3.045	35
front	3.028	3.016	3.105	34
councils	3.133	2.993	3.193	3
line	3.002	2.976	3.079	23
bus	2.898	2.995	2.998	11
scenes	2.953	3.073	2.947	3
behind	2.950	3.056	3.038	51
pass	2.981	3.018	3.057	16
thoughts	3.239	3.040	3.180	9
differently	3.033	3.167	3.067	3
quality	3.004	3.070	3.087	18
pilot	2.936	3.054	3.059	8
issue	2.928	2.972	3.048	28
formation	2.970	2.998	3.000	4
pressing	3.027	3.517	3.033	3
directed	2.813	3.053	3.000	3
expelled	2.890	3.175	3.100	2
students	3.176	3.031	3.113	19
represented	3.130	3.049	3.129	7
decision	3.027	3.089	3.136	11
actively	3.000	3.210	3.053	3
speak	2.983	3.098	3.128	17
voice	2.816	3.177	2.985	12
league	2.928	3.009	3.062	12
wayne	3.110	2.960	3.000	2
northwest	3.170	2.887	3.097	3
partnerships	3.132	2.832	3.128	5
fort	2.893	2.926	3.005	15
joint	3.107	2.940	3.033	3
concrete	2.930	2.760	2.968	5
example	2.960	2.900	3.051	65
assets	3.166	2.890	3.158	5
partners	3.132	3.070	3.174	5
build	3.077	3.107	3.154	15
october	2.884	2.770	2.956	9
collaborative	3.273	3.070	3.107	3
within	3.021	2.947	3.042	45
unique	3.239	3.044	3.077	14
groups	3.004	2.963	3.048	27
direct	3.008	2.892	3.036	13
focusing	3.250	3.015	3.010	2
separate	2.931	2.930	3.038	15
promotion	3.107	2.968	3.117	6
ongoing	2.931	2.984	2.999	9
regarding	2.980	2.946	3.080	5
discussions	3.075	2.963	3.125	4
delivery	2.922	2.980	3.143	4
provision	3.140	3.033	3.283	3
technical	3.133	3.100	3.200	3
supports	3.133	2.893	3.072	6
recognized	3.037	2.946	3.076	9
related	2.968	2.929	3.026	13
retained	3.010	2.890	3.100	2
charged	2.684	3.096	2.980	5
coordinated	3.167	2.937	3.097	3
values	3.117	2.990	3.052	9
supported	3.023	2.997	3.040	6
likelihood	3.055	2.765	2.815	2
encouraged	2.975	2.960	3.125	2
inroads	2.910	2.910	2.955	2
remains	2.986	2.951	3.066	15
creating	3.204	3.078	3.117	10
atmosphere	3.267	3.083	3.092	6
foundations	3.270	3.055	3.143	4
financially	3.100	2.975	3.160	2
appropriate	3.002	2.962	3.029	15
thanking	3.370	3.010	3.210	2
advance	3.283	3.072	3.093	11
remain	2.921	2.984	3.121	15
philip	2.900	2.967	3.033	3
declared	2.761	3.006	3.070	7
engaged	3.058	3.072	3.075	8
bodies	3.012	2.888	2.998	4
ten	3.038	2.980	3.108	5
metro	2.800	3.100	2.900	2
along	3.071	3.027	3.081	52
era	3.050	2.966	3.062	14
described	3.094	2.987	3.072	12
bear	3.077	2.987	3.091	9
coalition	3.061	2.982	3.068	10
fruit	3.227	3.156	3.084	7
hopefully	3.410	2.860	3.260	2
scholarship	3.275	3.043	3.173	6
highly	3.015	2.984	3.137	16
partner	3.104	3.017	3.178	13
visible	3.146	3.102	3.106	5
jcc	3.255	3.058	3.134	12
weinberger	3.125	2.945	3.110	2
ext	3.087	2.923	3.105	4
myrna	3.125	2.945	3.110	2
auction	3.187	3.044	3.112	26
jewish	3.500	3.000	3.110	2
laikin	3.050	2.900	3.150	2
judy	3.033	2.873	3.100	3
fabulous	3.433	3.100	3.200	3
invited	3.128	3.028	3.133	6
integral	3.203	3.143	3.207	3
pleased	3.250	3.000	3.100	6
sale	3.089	3.019	3.083	27
seeking	2.955	2.970	3.080	6
guests	3.167	3.085	3.160	4
evening	3.153	3.065	3.011	20
cultural	3.071	2.975	3.011	17
resettlement	3.335	3.120	3.110	2
knowing	3.002	3.041	3.036	18
childcare	3.335	3.120	3.110	2
market	2.998	3.005	3.065	70
sponsorship	3.265	3.095	3.120	2
statistics	2.948	2.998	3.116	5
preserved	3.177	3.023	3.163	3
package	3.041	2.972	3.082	12
strengthened	3.265	3.095	3.120	2
book	3.044	3.031	3.028	28
sample	3.343	3.063	3.120	3
grateful	3.697	3.210	3.140	3
current	3.022	3.010	3.073	22
currently	2.871	2.991	2.984	15
sister	3.130	3.066	3.049	12
big	3.130	3.076	3.083	84
campaign	2.869	3.023	3.010	39
sisters	3.322	3.160	3.166	18
nurture	3.020	2.883	3.115	6
regular	3.127	3.015	3.123	13
contributor	2.750	3.150	3.050	2
increasing	3.000	2.750	3.050	2
completing	3.050	3.000	3.000	2
pledge	2.887	3.024	3.011	7
early	3.048	3.023	3.063	42
vulnerable	2.850	2.975	2.800	4
adolescence	3.000	2.900	2.900	2
perfect	3.237	3.114	3.136	32
guide	3.163	3.083	3.116	29
bridge	3.008	3.048	3.079	12
gap	3.077	2.960	3.143	3
perhaps	2.931	3.050	3.024	51
mentors	3.250	3.100	3.150	2
dream	3.056	3.052	3.024	16
fully	2.935	3.066	3.121	22
strong	3.039	2.978	3.089	27
formed	3.100	2.876	3.066	5
growing	2.871	3.083	3.045	24
mentoring	3.410	2.987	3.147	3
impressive	3.253	3.014	3.080	7
girl	3.014	3.124	3.036	17
unserved	2.750	3.145	3.140	2
offering	3.156	3.062	3.152	10
infrastructure	2.903	2.933	2.985	4
fosters	3.195	2.870	3.010	2
maintains	3.050	2.896	3.036	5
orientation	3.075	2.909	3.042	10
professional	3.057	2.954	3.079	11
supervision	3.115	2.795	3.160	2
description	2.938	2.935	3.045	4
serves	3.073	2.883	3.122	6
imagine	2.836	3.153	3.096	12
decisions	2.945	3.055	3.005	4
surrounded	3.040	3.020	3.070	6
isn	2.899	3.145	3.073	27
harder	2.842	3.110	2.975	4
matching	3.653	3.373	3.213	3
void	2.996	2.808	3.096	5
mentor	3.060	3.133	3.127	3
model	3.089	3.052	3.077	13
choices	3.000	3.035	3.055	4
changes	2.998	2.929	3.084	14
makes	3.095	3.021	3.134	45
pivotal	3.033	3.113	3.067	3
showed	3.056	2.922	3.011	9
enhanced	3.353	2.900	3.097	3
absenteeism	3.250	2.750	3.150	2
lowered	2.825	3.200	3.075	4
study	3.000	2.987	3.089	44
relations	2.928	2.962	2.990	6
aggressive	2.940	3.104	2.984	5
matches	3.217	2.990	3.167	3
drug	2.726	3.201	3.038	27
ventures	3.000	3.100	3.025	4
month	2.941	3.014	3.070	21
completed	3.126	3.031	3.101	8
brother	3.033	3.000	3.050	6
participating	3.150	2.950	3.100	2
performance	3.095	2.990	3.086	8
philanthropy	3.150	2.700	3.000	3
violent	2.773	3.213	3.158	12
amy	3.067	3.142	3.007	24
testament	3.445	3.320	3.150	2
extent	3.040	2.980	3.100	5
urgency	3.003	3.240	3.243	3
lots	3.095	3.050	3.218	4
movies	2.864	3.062	3.003	10
concerts	3.113	2.917	3.034	7
dinner	3.222	3.104	3.198	20
participate	3.087	2.875	3.087	4
minded	3.024	3.046	3.024	9
gained	3.338	3.118	3.234	5
importantly	2.920	3.094	3.150	5
allowing	3.097	3.014	3.172	8
sit	2.925	3.109	2.999	12
sure	3.031	3.070	3.117	75
play	3.055	3.066	3.129	35
retain	3.181	3.030	3.081	8
recruit	3.530	3.115	3.355	2
maintain	3.044	3.024	3.088	17
understand	2.888	2.969	3.088	23
changed	2.937	3.022	3.136	13
farther	3.120	3.156	3.060	5
anniversary	3.275	3.100	3.075	4
challenge	2.927	3.017	3.044	7
attention	3.038	3.002	2.980	17
nap	3.288	2.842	3.146	5
commerce	2.988	2.944	3.040	12
credit	2.958	2.923	3.053	6
minimum	3.105	2.795	3.055	2
generation	2.905	2.998	3.072	6
credits	2.870	3.003	2.943	3
box	3.014	2.966	3.055	20
usa	2.800	2.857	2.900	7
carl	3.034	2.969	2.959	8
poverty	2.812	3.098	3.026	11
possibility	2.898	3.110	3.063	6
outlook	3.110	3.260	2.975	2
preparing	3.283	3.150	3.105	4
confident	3.500	3.367	3.433	3
convenience	3.100	3.025	2.950	4
announce	2.990	2.983	2.970	3
days	2.896	3.041	2.988	41
ymca	3.217	3.050	3.127	3
inner	3.060	3.040	3.060	5
honesty	3.260	3.073	3.150	3
reaching	2.963	3.032	3.044	9
urban	3.102	3.084	3.077	10
branch	2.966	2.976	3.029	8
responsibility	2.967	3.052	3.200	6
messages	2.733	3.033	3.067	3
heard	2.834	3.098	2.980	29
shared	3.210	3.113	3.034	8
swing	3.000	2.860	2.927	3
communities	2.922	2.967	2.990	8
message	2.732	3.160	3.105	13
invite	3.140	2.995	3.260	4
pair	3.120	2.977	3.013	7
mexico	2.900	2.975	3.025	8
rep	2.930	2.967	2.963	3
diplomatic	3.003	3.113	2.987	3
richardson	2.933	2.933	3.033	3
visitor	3.132	3.060	3.070	6
friday	2.998	3.066	3.118	17
flies	3.100	2.780	2.945	2
hall	2.972	2.993	2.992	22
iraq	2.746	3.062	3.050	64
jordan	3.033	2.916	2.976	7
driving	2.869	3.075	3.012	23
amman	3.000	2.825	2.990	2
washington	3.010	2.985	3.097	21
newspapers	3.033	3.100	3.107	3
filed	2.890	2.914	3.024	7
stemming	2.920	2.910	2.940	4
hospitals	2.850	3.125	2.900	4
korea	2.867	3.086	3.024	22
north	2.935	2.970	3.039	46
crisis	2.786	3.131	3.069	7
traveled	2.970	3.080	3.045	2
democrat	2.720	3.200	3.080	3
aid	2.937	3.075	3.025	11
medical	2.943	3.080	2.969	12
ineffective	2.750	3.150	2.950	2
scott	3.240	3.065	3.160	4
thwarted	2.750	3.150	2.900	2
sanctions	2.870	3.050	3.044	7
ability	2.972	3.016	3.119	18
recover	2.833	2.900	2.967	3
devastation	2.700	3.033	2.900	3
say	2.911	3.076	3.084	74
country	2.939	2.986	3.042	38
bombing	2.551	3.133	3.016	9
according	2.944	2.917	3.071	23
destroyed	2.637	3.126	3.128	11
gulf	2.876	3.022	3.022	5
iraqi	2.784	3.068	3.059	21
tony	2.951	2.973	3.001	9
humanitarian	2.890	3.009	3.131	8
assess	3.025	2.872	3.000	4
monday	2.896	3.006	2.991	14
agreed	2.956	2.991	3.131	8
population	2.925	2.959	3.037	40
semi	2.833	2.967	2.947	3
congress	3.011	2.935	3.098	12
travel	2.880	3.070	3.077	21
official	2.949	2.998	3.104	38
ohio	2.962	3.005	3.068	11
malnutrition	2.400	3.250	3.050	2
blames	2.650	3.200	3.100	2
hardships	2.850	3.000	3.000	2
inspectors	2.660	2.850	3.085	2
destruction	2.837	2.981	3.077	9
lifted	2.956	3.058	3.156	5
weapons	2.779	3.036	3.137	16
produce	2.917	3.077	3.038	13
mass	2.812	3.079	3.005	13
late	2.908	3.000	3.030	26
barred	2.848	2.978	2.978	4
congressman	3.105	2.995	3.050	2
visited	3.167	2.883	3.033	6
least	2.845	3.023	3.042	40
representative	3.002	2.900	2.985	6
energy	3.053	2.985	3.090	10
secretary	2.979	3.063	3.053	10
baghdad	2.640	3.113	3.008	9
sunday	3.085	3.018	3.067	10
kuwait	2.875	3.000	3.015	2
trip	3.084	2.983	3.094	14
hour	2.839	2.995	3.004	32
capital	2.981	3.014	3.114	14
hopes	3.072	3.020	3.051	13
associated	2.923	2.899	3.066	17
states	2.870	3.030	3.086	63
issues	2.934	2.924	3.066	16
reporters	2.840	3.150	3.040	4
press	2.812	3.003	3.029	22
political	2.937	2.987	3.026	21
investigate	2.637	3.067	3.097	3
relief	2.894	3.158	3.132	5
suffering	2.738	3.119	2.966	10
quarter	2.813	2.925	2.971	24
reports	2.729	3.127	3.002	10
route	3.029	2.954	2.987	8
plight	2.733	3.090	2.965	6
expected	3.016	3.045	3.039	30
trade	2.997	2.994	3.067	39
iraqis	2.884	3.099	2.986	7
happens	2.904	3.029	3.075	11
particular	2.938	3.008	3.032	13
medicine	3.062	2.950	3.101	8
oil	2.889	3.081	3.011	14
handle	2.828	3.268	3.090	5
nations	2.811	3.076	3.054	25
arrives	3.170	2.797	3.000	3
using	2.949	2.951	3.090	30
britain	2.524	3.056	3.024	7
ease	3.071	2.939	3.151	7
assessing	3.000	3.070	3.087	4
lawmaker	2.768	2.945	3.013	4
wednesday	3.019	2.898	3.035	17
ordinary	3.033	2.827	3.047	3
wants	2.912	3.046	3.136	9
items	3.003	2.975	3.104	19
appear	2.925	3.077	3.058	12
innocent	2.659	3.154	2.990	7
invasion	2.980	3.008	3.044	5
hurt	2.700	3.087	2.948	12
writer	2.998	2.948	3.067	6
rid	2.973	3.193	3.233	3
television	3.097	3.144	3.104	17
export	2.925	2.887	3.060	6
countries	2.640	3.054	3.007	14
itself	2.951	2.984	3.066	41
deal	2.967	3.035	3.096	32
insisted	3.000	2.800	3.110	2
international	3.058	3.052	3.102	41
commodities	3.083	2.943	3.037	3
flow	2.948	3.073	2.934	10
speed	3.040	3.014	3.039	14
urgent	2.933	3.133	3.133	3
appeals	2.803	3.083	3.220	3
territory	2.958	2.933	3.075	6
voted	2.850	3.107	3.033	3
timor	2.925	3.160	3.100	2
independence	2.930	3.120	2.967	3
violence	2.640	3.133	3.058	23
links	2.808	2.920	3.067	6
implicated	2.645	3.015	2.910	2
indonesia	2.814	3.023	3.017	12
forces	2.862	3.033	2.993	13
east	2.988	2.993	3.091	57
military	2.848	3.026	3.026	19
virtually	3.080	3.142	3.138	6
swept	2.675	3.360	3.150	2
sign	3.078	3.208	3.161	21
terrorism	2.805	3.111	3.126	29
blocking	3.110	3.110	3.225	2
papers	2.871	3.052	2.995	11
thursday	3.215	3.033	3.173	6
powell	2.951	3.007	3.087	12
prevent	2.952	3.066	3.156	13
sharing	2.990	3.002	3.036	8
asian	2.942	3.006	3.031	15
borders	2.795	3.060	3.167	4
representatives	2.910	2.999	3.137	11
threaten	2.583	3.205	3.315	4
threat	2.821	3.092	3.078	12
transnational	2.795	2.945	3.210	2
disturbing	2.453	3.165	2.910	4
crimes	2.930	3.080	3.260	4
tackled	2.795	2.945	3.210	2
peace	3.183	3.045	3.093	15
global	2.778	3.038	3.112	19
acts	2.941	2.937	3.107	12
ministers	3.000	2.887	3.073	3
tuesday	2.995	3.071	3.110	28
asia	3.036	2.957	3.125	13
china	3.040	2.929	3.052	67
regional	2.945	3.052	3.055	11
outside	2.990	2.961	3.050	40
russia	2.721	3.127	3.002	14
southeast	3.037	2.890	3.040	3
japan	2.925	3.020	3.096	17
among	3.030	2.962	3.060	31
counterpart	2.815	2.912	2.973	4
dominates	2.890	2.975	2.940	2
agenda	2.900	3.200	3.033	3
generated	2.950	3.100	3.050	2
though	2.948	3.023	3.049	66
korean	2.800	2.933	2.907	3
sun	3.062	2.933	3.067	18
took	3.000	3.029	3.050	65
bush	2.871	3.015	3.097	34
finishing	3.050	2.900	3.150	2
jakarta	3.133	2.900	3.100	3
philippines	2.755	3.048	3.140	4
heads	3.006	2.933	3.050	7
region	2.962	3.029	3.077	18
investigation	2.771	2.944	2.984	7
action	2.957	3.024	3.100	27
criminal	2.774	3.030	3.116	10
torricelli	2.877	2.991	3.055	33
charges	2.929	3.031	3.076	16
prosecutors	3.000	3.000	3.300	2
present	2.966	3.018	3.063	21
megawati	3.110	2.947	3.273	3
ideas	2.992	3.003	3.168	13
expects	2.972	3.082	3.020	6
receiving	2.555	3.330	2.880	2
civilian	2.930	3.145	3.130	2
officers	2.829	3.048	3.063	10
counterterrorism	2.920	3.063	3.047	3
fiscal	2.856	3.078	3.028	5
reviewing	3.100	3.033	3.133	3
fellowships	2.950	2.950	3.000	2
pushing	2.972	2.998	3.108	4
require	2.923	2.828	3.053	12
approval	3.000	3.052	3.063	6
congressional	3.064	2.962	3.064	5
acknowledged	3.255	3.000	3.155	2
goes	3.013	2.961	3.119	25
cause	2.738	3.026	3.127	26
danger	2.783	3.138	3.074	10
cooperating	3.065	3.070	3.360	2
singapore	2.900	2.900	3.155	4
prime	3.176	3.000	3.198	5
idea	3.001	3.120	3.085	26
tong	3.200	3.067	3.033	3
renewed	3.100	3.000	3.050	2
minister	3.012	3.112	3.058	12
ties	2.980	3.080	3.160	5
endorsed	3.100	2.950	3.000	2
rights	2.900	2.962	3.068	38
abuses	2.730	3.030	3.137	3
indonesian	2.267	3.333	2.943	3
rubs	2.960	2.955	3.095	2
democratic	2.801	3.073	3.029	7
institution	2.953	2.797	3.108	6
expose	2.960	2.955	3.095	2
malaysia	2.966	3.145	3.036	8
mahathir	2.833	2.940	2.900	3
american	2.902	3.068	3.034	83
officials	2.818	3.015	3.027	21
foreign	2.959	3.021	3.033	22
proposed	3.075	2.925	2.950	4
malaysian	3.073	3.017	3.107	3
republican	2.888	3.075	3.212	4
concluded	2.975	2.883	3.055	6
evidence	2.785	2.996	3.091	18
ethics	2.888	3.031	3.105	15
candidate	2.942	2.952	3.066	5
election	2.987	2.980	3.112	9
against	2.878	3.117	3.117	80
forrester	2.875	3.000	3.125	2
highlighted	2.842	2.985	3.112	4
brief	2.899	2.891	3.072	8
emphasis	2.913	2.936	2.990	8
moral	2.871	2.963	3.013	7
criticized	2.755	2.913	3.162	6
stop	2.892	3.161	3.103	31
suspected	2.732	3.063	2.872	6
linked	2.669	3.054	2.946	13
rivals	2.947	2.953	3.000	3
arm	2.948	3.207	3.050	21
militants	2.490	3.033	2.840	3
trial	2.863	2.955	3.067	11
tactics	2.750	3.100	2.950	2
anwar	3.010	3.100	3.037	3
ibrahim	2.717	3.117	3.000	6
always	3.130	3.035	3.091	47
sentence	2.761	3.120	3.053	16
touched	3.000	3.133	2.900	3
affairs	2.900	2.995	3.080	4
husband	2.795	2.936	2.986	8
pacific	2.997	3.064	3.053	9
assistant	2.920	2.992	3.012	5
morning	2.936	2.997	2.928	17
wan	3.062	2.958	3.089	17
discussion	3.000	2.975	3.050	4
kelly	3.029	2.929	3.107	7
severely	2.265	3.300	3.100	4
admonished	2.508	3.244	3.110	5
microsoft	2.974	2.915	3.082	13
software	3.071	3.014	3.100	7
devices	3.053	3.000	3.100	3
talks	3.020	3.031	2.993	18
wireless	2.967	2.917	3.017	6
phone	3.014	3.082	3.131	16
carriers	2.867	2.867	2.933	3
internet	2.934	3.122	3.074	20
down	2.878	3.066	3.045	131
operating	2.918	2.970	3.067	9
net	2.914	2.990	3.044	18
version	2.985	2.962	2.979	10
windows	3.019	3.001	3.043	14
drive	2.872	3.131	3.054	20
strategy	2.982	3.079	3.119	13
smart	3.175	3.200	3.175	4
nor	2.887	2.946	3.045	17
comment	3.115	2.892	3.058	10
customers	2.982	3.002	3.109	17
main	3.019	2.969	3.062	30
struggled	2.910	3.210	2.973	3
persuade	2.927	3.018	3.113	4
cell	3.009	3.048	3.069	11
aligned	2.900	2.900	3.050	2
nokia	3.000	3.007	3.000	3
competing	2.950	2.875	3.050	4
opposition	2.827	3.100	2.983	6
link	3.097	2.869	3.022	9
advantage	3.040	3.041	3.175	15
analysts	3.160	2.890	3.145	4
polls	2.893	3.100	3.103	3
rival	2.950	2.700	3.250	2
relatively	2.995	2.930	3.089	15
contest	2.603	3.037	2.873	3
calendar	2.992	3.060	3.037	10
prefer	2.890	2.963	3.157	3
documents	2.950	2.970	2.983	6
technology	3.129	3.080	3.180	27
announced	2.991	3.127	3.141	8
try	2.907	3.080	3.169	26
expos	2.960	2.866	3.008	5
red	2.972	3.022	3.047	38
sox	2.999	2.961	2.991	8
traded	2.925	3.100	2.990	2
less	2.911	3.020	3.044	52
imported	3.040	3.042	3.052	5
boston	2.865	3.076	2.995	12
floyd	2.938	2.966	2.967	8
outfielder	3.104	2.950	3.080	5
offense	2.750	2.950	2.760	2
minaya	2.875	2.938	2.905	4
south	2.985	3.006	3.101	34
pitchers	2.860	3.000	2.920	2
manager	2.857	2.995	3.005	10
exchange	3.018	2.968	3.072	13
player	3.000	2.898	3.069	10
general	2.994	2.921	3.027	37
named	2.994	3.035	3.057	16
teams	3.188	3.117	3.103	4
players	3.006	2.939	2.987	9
trades	3.000	2.843	3.000	3
waivers	2.780	2.910	2.960	3
deadline	2.980	2.778	3.062	5
florida	2.966	3.076	3.050	11
cleveland	2.910	2.998	2.988	6
colon	3.050	2.900	3.000	2
marlins	3.000	3.000	3.000	2
stunned	2.716	3.106	2.887	7
baseball	3.119	3.079	3.152	10
batted	3.050	2.950	3.000	2
runs	3.094	2.929	3.084	8
hitting	2.804	2.904	3.024	5
drove	2.372	3.283	2.850	6
dropping	3.200	3.177	3.073	3
games	3.087	3.030	3.072	18
national	3.080	3.043	3.122	60
atlanta	3.000	2.815	3.110	2
recommended	3.235	3.120	3.315	2
senate	2.816	3.072	3.124	25
bob	3.000	3.027	3.140	3
senator	2.866	3.035	3.077	11
ground	2.826	3.104	2.956	24
packwood	2.850	2.950	3.050	2
oregon	2.700	3.000	3.067	3
agent	2.690	3.065	3.017	11
settle	3.020	3.113	3.097	3
signed	3.131	2.967	3.104	11
choice	3.158	3.044	3.117	18
acquired	3.067	2.833	3.067	3
song	2.943	2.928	3.030	6
kim	3.014	2.894	3.084	5
pitcher	3.050	2.962	3.075	4
handed	2.991	2.955	3.129	13
yankees	2.900	2.850	3.150	2
slipped	2.793	3.121	3.084	14
tried	2.935	3.148	3.016	23
wore	3.125	3.175	3.025	4
realization	2.750	3.100	2.950	2
cocaine	2.750	2.950	3.000	2
fledged	2.523	3.093	2.880	3
connected	2.937	3.053	3.057	6
crack	2.530	3.158	2.840	8
came	2.994	3.055	3.028	69
evident	3.093	2.928	3.057	6
george	3.202	3.090	3.142	6
offensive	2.900	3.187	3.177	3
stuck	2.755	3.252	3.183	4
redskins	3.073	3.037	3.207	3
starke	2.923	3.125	3.006	13
tackle	2.793	3.190	3.277	3
death	2.631	3.173	2.949	32
everywhere	3.215	3.238	3.101	18
columbia	3.113	3.018	3.042	9
york	3.047	2.950	3.064	60
killing	2.512	3.169	3.065	18
crew	2.719	3.131	2.986	12
block	2.776	3.231	3.093	11
ran	2.818	3.264	3.032	16
shooting	2.421	3.264	2.897	9
sector	2.820	3.037	3.090	4
instances	2.720	2.973	3.277	4
dignity	2.935	2.750	3.000	2
cases	2.839	3.096	3.129	15
pillow	2.700	3.133	2.867	3
tech	2.942	3.079	3.046	8
tired	2.772	3.045	2.994	10
bed	2.903	2.943	2.885	16
gun	2.716	3.095	3.025	26
resigned	2.900	2.900	3.050	2
black	2.934	2.997	3.010	84
eye	2.999	3.072	3.065	17
suffer	2.567	3.040	3.077	3
automotive	2.925	2.900	3.000	4
field	3.139	3.128	3.115	16
auto	2.933	2.950	3.000	6
technician	3.150	2.950	2.950	2
excel	3.110	3.010	3.060	2
opened	2.981	3.041	2.963	35
institute	3.068	2.979	3.068	12
third	2.950	2.987	3.043	23
cities	3.022	3.165	3.068	10
walks	3.237	3.103	3.133	11
attracted	3.104	2.988	3.022	13
district	3.062	3.041	3.050	18
university	3.012	2.893	3.044	24
bowls	3.265	3.150	3.260	2
joe	3.100	3.133	3.083	6
allen	3.210	3.157	3.177	3
original	3.096	3.026	3.072	8
hill	2.930	2.973	2.992	12
gang	2.740	3.015	3.022	4
thought	2.912	3.015	2.973	72
redskin	2.810	3.155	2.955	2
drama	3.180	3.020	3.066	5
degree	3.037	2.928	2.995	6
built	3.034	3.067	3.100	40
studied	2.995	2.986	2.968	11
became	2.960	3.031	3.004	28
sold	3.053	3.034	3.081	15
putting	3.055	2.998	3.312	4
couldn	2.765	3.015	2.944	33
jail	2.538	3.167	3.173	6
die	2.476	3.166	2.900	23
either	2.906	2.980	3.014	22
saw	2.853	3.224	2.998	38
structure	2.969	2.864	3.009	18
dealer	2.890	2.964	3.114	8
dads	2.530	3.005	2.950	2
men	2.983	3.034	3.051	43
america	2.930	3.079	3.094	65
internationally	2.867	2.960	3.033	3
twelve	2.907	2.917	3.110	3
classes	2.988	2.991	3.094	8
seventy	3.067	3.067	3.100	3
license	2.984	2.914	3.000	5
english	3.144	2.946	3.111	9
driver	3.028	3.040	3.036	10
speaks	3.084	2.736	2.994	5
document	2.975	3.098	2.973	6
wherever	2.784	3.082	3.132	5
charles	2.956	2.916	3.038	14
enrolled	3.150	3.100	3.200	2
lived	2.888	3.024	3.002	19
easterling	3.033	3.033	3.000	3
lay	2.930	3.029	3.035	22
head	2.841	3.028	2.982	54
whatever	2.786	3.156	3.027	10
kicked	3.063	3.280	3.047	3
threatening	2.750	3.200	2.800	2
guy	2.990	3.151	3.103	10
teacher	2.545	3.217	2.855	6
walking	2.948	3.013	2.993	26
dedication	3.333	3.110	3.310	4
shows	3.007	3.100	3.043	30
maturity	3.350	3.095	3.310	2
retired	3.000	2.810	3.060	2
jewell	3.000	2.760	3.000	2
edward	3.025	2.805	3.025	4
copyright	2.715	2.810	3.000	2
library	3.000	2.980	3.125	4
flapping	3.240	3.225	3.110	2
wings	3.145	3.112	3.080	4
skill	3.050	3.090	3.115	2
invaluable	3.200	2.840	3.005	2
jersey	2.850	3.077	3.078	8
floor	2.962	3.249	3.006	20
publicly	2.880	3.060	3.008	5
seat	2.900	3.000	3.029	7
chamber	2.895	3.225	3.045	4
blessing	3.300	3.150	3.150	2
supposed	2.882	3.140	2.950	5
god	3.009	3.292	3.066	16
rates	3.042	3.017	3.083	12
poor	2.712	3.041	3.011	22
near	2.892	3.032	2.973	37
depot	3.000	2.785	3.160	2
vehicle	2.973	3.000	3.027	4
talked	3.017	2.986	2.976	7
sits	3.117	2.917	3.150	3
workshop	3.263	3.140	3.347	3
rebuilt	3.033	2.920	2.887	3
finish	2.896	3.060	2.999	8
millennium	3.000	2.953	2.987	3
included	3.009	2.903	3.045	19
shell	3.185	3.055	2.930	2
celebrations	3.230	3.065	3.020	2
auctioned	3.100	3.057	3.207	3
certain	2.863	3.001	2.975	19
lone	2.700	3.015	2.985	2
afraid	2.543	3.229	2.829	7
percent	3.002	2.972	3.083	13
everybody	3.550	3.217	3.332	4
eagle	3.039	2.905	3.103	8
operation	2.750	3.250	3.000	2
piece	3.044	3.083	3.058	17
king	3.074	3.023	3.052	9
secret	2.872	3.026	3.006	18
price	3.147	3.058	3.111	29
coin	3.102	3.083	3.102	23
involves	3.080	3.040	3.104	5
gold	3.032	3.049	3.065	33
mysterious	3.287	3.193	3.097	3
collector	3.125	3.050	3.167	4
winning	3.155	3.112	3.136	13
minute	3.101	3.064	3.073	15
buyer	2.872	3.142	3.220	6
nine	2.983	3.040	3.018	13
manhattan	2.912	3.046	3.038	13
believed	2.984	3.056	3.090	18
bid	3.059	2.974	3.112	10
sotheby	3.128	2.950	3.083	4
eight	2.853	2.953	3.062	18
celebrity	2.967	3.000	3.000	3
bidders	2.855	2.970	3.025	4
collectors	3.150	3.175	3.125	4
ebay	3.033	2.933	3.067	3
seemingly	2.900	2.967	2.800	3
devoid	3.000	3.000	3.150	2
bidding	2.750	3.250	3.250	2
joined	3.013	3.113	2.971	8
followed	3.049	2.939	3.027	18
david	2.935	3.008	3.038	24
seasons	3.100	2.827	3.037	3
redden	3.050	2.890	3.055	2
marketplace	3.133	2.860	3.103	3
suggests	3.052	3.018	3.128	6
houses	2.901	3.123	3.031	23
vice	3.061	2.986	3.038	9
enormously	3.150	2.840	3.105	2
astonishing	3.180	3.277	2.953	3
split	2.867	3.138	2.993	9
london	3.045	3.098	3.068	16
agents	2.910	2.980	2.955	4
hotel	3.136	2.987	3.115	19
fenton	3.033	3.017	3.140	3
mint	3.160	3.040	3.184	5
stephen	3.170	3.130	3.210	3
proceeds	3.000	3.125	3.060	2
sell	2.998	3.044	3.092	18
arrested	2.838	3.142	3.026	9
unprecedented	2.940	3.000	3.060	2
seven	3.130	3.012	3.058	13
accepted	2.876	3.056	3.093	9
businessman	3.050	2.845	3.025	4
familiar	3.070	3.005	3.051	10
sworn	2.760	3.056	2.940	5
testimony	2.896	2.998	3.042	5
account	2.965	3.030	3.042	8
chang	2.844	2.976	3.062	33
monies	3.150	2.900	3.250	2
fore	3.300	3.050	3.300	3
witnessed	3.050	2.800	3.150	2
debt	3.036	2.943	3.117	7
journey	3.114	3.020	3.058	5
commented	2.872	2.855	3.052	6
historic	3.169	2.932	3.080	14
satisfying	3.350	3.000	3.025	4
ending	3.141	3.042	2.970	9
thrilled	3.725	3.445	3.390	2
silver	3.020	3.057	3.071	9
numismatic	3.033	3.033	3.200	3
stack	3.155	2.825	3.020	6
customary	2.967	2.967	3.033	3
rare	3.304	3.140	3.214	7
coins	3.095	2.935	3.159	8
seen	2.952	3.058	3.046	58
lawrence	3.070	2.945	3.000	2
mona	3.183	3.113	3.167	3
publication	3.335	3.275	3.165	2
editor	2.892	2.971	2.992	9
beth	3.107	3.077	3.147	3
weekly	3.030	3.015	3.103	4
circulation	2.555	3.145	2.975	2
deisher	2.985	3.055	3.110	2
forbidden	3.033	3.220	2.937	3
speculation	3.040	2.872	3.070	5
betting	3.100	3.100	3.050	4
pools	2.950	3.095	3.025	4
sites	3.012	2.971	3.042	9
web	2.964	2.984	3.064	13
telephone	3.122	2.979	3.121	9
recognizing	3.100	2.850	2.950	2
crowd	2.794	3.094	2.980	22
broken	2.573	3.250	3.018	10
mark	2.982	3.018	2.988	13
tension	2.960	3.040	3.100	2
explosion	3.010	3.343	3.073	3
louder	3.150	3.245	3.385	2
bargain	3.110	3.001	3.087	9
dropped	2.781	3.034	2.997	10
added	3.081	2.979	3.164	18
totaled	3.150	3.000	3.000	2
association	2.938	3.033	3.065	28
gathered	3.076	3.119	3.091	9
swelled	2.800	3.350	3.100	2
convention	3.103	3.005	3.152	6
draw	3.051	2.993	3.119	8
cutting	2.993	2.822	3.049	9
ribbon	3.083	2.850	3.040	3
ceremony	3.086	2.929	3.060	7
beautiful	3.427	3.264	3.183	31
reached	3.026	3.064	3.118	25
battle	2.956	3.191	3.115	8
ownership	2.884	2.921	3.080	8
legally	2.960	2.936	3.166	5
light	3.049	3.024	3.037	59
offered	3.042	2.967	3.105	8
boom	3.068	3.048	3.158	5
pieces	3.055	2.783	3.125	6
deemed	2.940	2.900	3.150	3
depiction	2.940	2.800	2.983	3
rush	2.974	3.200	3.221	7
issued	2.945	2.878	3.038	6
twice	3.119	3.028	3.039	8
eagles	3.005	2.900	2.950	2
owed	3.000	2.610	3.240	2
favors	2.730	2.980	3.050	2
failed	2.721	3.008	2.941	14
unusual	2.961	2.981	3.061	11
designation	3.040	2.994	3.094	5
saint	3.150	3.100	3.025	4
roosevelt	3.000	3.100	3.150	2
theodore	3.100	3.150	3.050	2
forever	2.929	3.151	3.076	15
sculptor	3.100	3.095	3.105	2
saints	3.118	3.030	3.075	4
following	3.050	2.926	3.089	17
standard	2.967	2.873	3.047	12
save	3.021	3.100	3.083	53
reserved	2.967	2.900	3.200	3
ordered	2.880	2.954	3.194	5
smithsonian	2.833	2.857	3.013	3
franklin	3.123	3.025	3.085	4
currency	3.042	2.908	3.235	4
presumably	3.067	3.000	3.033	3
mid	2.967	2.901	3.028	11
stolen	2.840	3.046	2.928	5
employee	2.912	3.024	3.102	5
seized	2.800	3.100	3.034	5
melted	3.166	3.002	2.984	5
treasury	2.975	2.893	3.052	4
enhance	3.200	3.035	3.150	2
egypt	2.788	2.795	2.962	6
royal	3.160	2.973	3.061	9
collection	3.205	2.997	3.107	19
somehow	2.770	3.038	2.944	8
vanished	2.920	2.675	2.990	4
underground	2.942	2.987	3.042	6
mistaken	2.657	3.030	3.073	3
arrest	2.795	3.045	3.000	4
attempting	2.771	2.957	3.143	7
owned	3.091	2.978	3.066	11
collapsed	2.763	3.233	3.033	3
sept	3.034	3.040	3.127	7
vault	3.022	3.031	3.071	9
moved	2.992	2.954	3.057	20
escaped	2.630	3.060	2.767	3
terrorist	2.601	3.102	3.075	11
attack	2.638	3.191	2.933	27
master	3.077	2.950	3.117	6
undervalued	3.030	2.900	3.100	2
rarities	3.030	2.900	3.100	2
paintings	3.123	2.960	3.085	4
vastly	2.953	2.933	3.100	3
comparison	3.093	2.902	3.102	6
tender	3.230	2.970	3.080	4
monetized	3.005	2.800	3.105	2
fee	3.000	2.900	2.950	2
transfer	3.047	2.985	3.172	4
certificate	3.025	2.810	3.205	4
paying	2.978	3.073	3.107	6
excerpts	2.945	2.985	2.945	2
sen	2.948	2.927	3.025	6
findings	3.029	2.931	3.009	7
dealings	2.855	3.000	3.070	2
disclosure	2.692	2.998	3.230	4
judgment	2.610	2.954	3.095	8
evidenced	2.592	2.923	3.205	4
cost	2.952	3.012	3.085	24
regard	2.617	3.123	3.180	4
consequently	2.717	3.022	3.205	4
retail	2.900	2.960	3.206	5
acceptance	2.720	2.915	3.205	4
fair	2.957	3.011	3.051	13
due	2.833	2.945	3.033	23
rules	2.798	3.027	3.121	19
resulted	2.665	2.961	3.143	8
obligations	2.590	2.997	3.273	3
stereo	2.850	3.050	3.200	2
rather	2.930	2.948	3.178	37
displayed	2.674	3.038	3.232	5
payment	2.865	2.990	3.183	4
violation	2.574	3.038	3.124	5
understood	2.806	3.110	3.151	7
rule	2.878	2.848	3.087	6
accepting	3.222	3.286	3.274	5
consistent	2.938	3.020	3.148	5
bronze	3.025	2.922	3.089	8
governing	2.880	2.720	3.100	5
statues	3.028	2.988	3.087	13
display	3.076	2.839	3.129	7
loan	2.833	2.859	3.023	8
loans	2.700	2.767	3.100	3
inconsistencies	2.763	3.007	3.067	3
concerning	2.870	2.973	3.049	7
conflicts	2.841	2.931	3.077	7
incongruities	2.763	3.007	3.067	3
wrote	2.974	3.008	3.026	14
actions	2.851	3.070	3.112	18
christmas	2.917	2.923	3.005	4
belief	2.928	2.938	3.135	13
circumstances	2.746	3.029	3.057	9
earrings	2.917	2.862	3.055	4
ingratiate	2.800	2.967	3.133	3
attempts	2.820	2.985	2.993	10
situations	2.800	2.670	2.955	2
pattern	2.962	2.961	3.091	12
involving	2.730	2.820	2.983	4
relationship	2.917	2.880	3.118	20
writing	3.038	3.030	3.116	30
period	3.017	2.972	3.096	25
considered	2.993	3.008	3.039	15
principal	2.991	2.920	3.057	7
judge	2.808	3.029	3.110	13
credibility	2.846	3.074	3.041	8
allegations	2.700	3.050	2.850	2
justice	2.938	3.086	3.068	12
witness	2.897	3.012	3.068	9
noted	2.983	3.008	3.028	9
trusted	2.800	3.050	2.985	2
law	2.839	2.988	3.059	51
violations	2.636	3.050	3.130	5
violate	2.850	3.000	3.050	2
false	2.914	3.106	3.020	7
convicted	2.598	3.143	3.055	6
conspiracy	2.947	2.995	3.058	6
body	2.810	3.200	3.044	19
extensive	2.846	3.078	3.086	5
created	2.853	3.019	3.082	18
expresses	2.800	3.100	3.033	3
appearance	2.753	3.017	3.154	7
statutes	2.427	3.217	3.183	3
impropriety	2.427	3.217	3.183	3
hereby	2.700	3.050	3.000	2
further	2.915	2.998	3.008	13
item	2.982	2.914	3.062	8
section	2.990	2.861	3.036	31
notes	3.062	2.982	3.090	12
maintaining	3.150	3.165	3.225	4
delivered	3.084	3.176	3.072	5
understands	3.050	3.048	3.208	5
upstate	3.310	3.070	2.973	3
cable	3.203	3.023	3.025	12
commercial	2.948	2.970	2.976	9
governor	3.032	3.045	3.104	11
markets	2.966	2.966	3.057	12
broadcast	2.767	3.033	2.967	3
mccall	3.093	2.943	3.003	9
screen	3.201	2.976	3.036	14
words	2.950	2.974	3.030	23
resume	3.040	2.996	3.015	8
images	3.226	3.122	3.102	9
visual	3.074	2.843	3.097	7
series	3.065	3.032	3.063	16
lieutenant	3.150	3.140	3.040	3
ambassador	3.112	3.105	3.080	4
leading	2.978	2.907	3.066	12
swearing	3.000	3.050	2.900	2
army	2.923	3.034	3.012	12
comptroller	3.050	2.990	3.050	2
standing	2.947	3.040	2.998	12
shifts	2.982	2.946	3.142	5
photograph	3.052	2.963	3.097	4
advertisement	3.020	3.047	3.080	3
uniform	3.070	3.020	3.070	2
talking	2.956	3.141	3.064	14
shown	3.011	2.881	3.060	26
looking	2.942	3.131	2.983	41
speaking	2.895	2.752	2.947	6
camera	2.900	3.109	3.066	11
chastised	2.855	3.120	3.020	2
pages	2.979	3.084	3.090	9
basis	2.977	3.010	3.102	13
inquiry	2.780	3.059	3.170	7
excellence	3.500	3.450	3.150	2
male	3.063	3.065	3.019	19
comptrollers	3.175	3.160	3.010	2
citibank	3.175	3.160	3.010	2
grew	2.901	3.084	2.982	10
kid	2.866	3.236	3.185	17
doors	3.056	3.154	2.997	9
sledgehammer	2.950	3.100	3.400	2
merit	2.892	3.108	3.008	5
claims	2.844	3.026	3.065	20
introductions	3.013	3.137	2.987	3
facts	3.010	2.893	3.043	6
presented	2.975	3.042	3.048	10
thus	2.915	3.029	3.025	23
raised	2.904	3.128	3.022	24
actually	2.892	3.112	3.104	25
saying	2.912	3.093	3.112	22
skilled	3.070	3.010	3.070	2
controls	2.851	2.954	3.149	7
stock	3.048	2.951	3.065	26
claim	2.804	3.040	3.022	23
meetings	2.936	3.014	3.098	5
bringing	3.103	3.059	3.053	7
introduction	2.990	2.922	3.014	19
voters	2.839	2.969	3.066	8
opponent	2.988	2.892	3.092	5
andrew	3.022	2.883	3.033	9
straightforward	3.200	2.910	3.110	2
emphasizing	3.000	2.750	3.120	2
recognition	2.895	2.860	2.998	6
straps	2.845	3.050	3.105	2
priority	3.220	3.185	3.178	4
boot	2.822	2.954	3.248	5
killed	2.289	3.204	2.918	28
supreme	2.767	3.117	3.040	3
overturned	2.577	3.200	3.093	3
officer	2.952	3.026	3.093	13
dancer	3.013	3.163	3.025	4
investigator	2.625	3.140	3.010	2
ann	2.950	2.900	2.968	4
nelson	2.739	3.117	2.993	9
closing	2.848	3.102	2.868	6
instructions	3.000	2.934	3.171	7
grounds	2.938	3.044	3.034	5
confused	2.767	3.167	2.900	3
jury	2.744	3.129	3.106	7
argument	2.882	3.046	3.108	8
ruled	2.975	2.908	2.993	4
verdict	2.700	3.150	3.050	2
sheet	2.922	3.150	3.022	6
prosecutor	2.658	3.112	3.094	5
row	2.900	3.009	2.989	9
woman	2.939	3.120	3.045	35
plea	2.900	3.050	2.850	2
guilty	2.750	3.050	3.075	4
ruling	2.933	3.067	3.033	3
sends	2.850	3.200	3.100	2
penalty	2.875	3.050	3.025	4
attorney	2.945	2.783	3.017	6
peter	2.931	2.969	3.040	8
spokesman	2.865	2.888	2.997	12
upheld	2.900	3.050	3.075	4
garden	3.060	3.055	3.060	22
marshall	2.497	3.140	2.960	3
govern	3.000	2.890	3.240	2
procedures	3.000	2.933	3.033	3
adopting	3.050	3.000	3.050	2
written	2.914	2.890	3.004	14
cruel	2.787	3.235	2.998	6
punishment	2.734	3.120	3.080	5
opinion	2.776	2.987	3.090	9
majority	2.875	3.001	3.073	12
reasons	2.866	2.997	3.086	18
zazzali	2.615	3.050	3.090	2
virginia	2.960	2.910	3.026	5
constitute	2.900	2.850	3.050	2
pizza	2.715	3.000	3.190	2
thomas	2.912	2.955	3.107	4
similar	2.885	2.961	3.073	15
expressed	2.715	2.900	3.140	2
reservations	2.825	2.945	3.195	2
standards	3.014	3.029	3.136	9
possibly	2.932	2.953	3.162	6
defense	2.856	2.895	3.045	11
bounds	3.040	2.985	3.125	2
witnesses	2.840	2.835	3.225	2
statements	2.960	2.897	3.083	3
expert	2.964	2.913	3.100	9
dissent	3.190	2.935	3.125	2
acceptable	2.740	2.985	3.175	2
summation	2.940	2.685	3.125	2
factors	2.893	2.986	3.137	9
partial	2.843	2.900	3.014	7
gave	3.005	3.129	3.040	29
cash	2.889	2.965	3.024	17
attorneys	2.856	2.972	3.058	5
charge	2.885	3.040	3.107	21
reclusive	2.817	3.040	3.193	3
surgery	3.275	3.225	3.000	2
exotic	3.210	3.032	3.079	8
sex	2.889	3.091	2.996	24
standoff	2.610	3.177	3.063	3
sentenced	2.503	3.110	2.930	3
prosecution	2.767	2.967	3.033	3
disclose	2.650	3.350	3.100	2
lower	3.008	2.990	3.025	25
petition	2.947	3.098	3.103	10
conviction	2.872	3.232	3.118	5
gambling	3.067	3.076	3.059	11
dining	2.803	2.828	2.995	4
couple	2.929	3.071	2.968	20
atlantic	2.503	3.197	2.927	3
kill	2.401	3.241	2.959	31
river	3.099	2.990	3.118	20
faith	2.975	3.062	3.062	8
subject	2.903	2.904	3.061	19
selling	3.047	3.020	3.067	12
editorial	3.040	2.936	3.016	5
times	2.999	3.020	3.074	51
fact	2.887	3.027	3.018	78
mubarak	2.968	2.952	2.978	5
describes	2.883	2.967	2.883	6
arab	3.100	2.900	3.050	2
affront	2.650	3.300	3.100	2
embarrassment	2.800	3.150	2.900	2
anti	2.888	3.087	3.060	26
christians	2.587	3.057	3.067	3
latest	3.028	3.017	3.155	19
attacks	2.531	3.126	2.987	18
activist	2.920	2.923	3.133	3
sentencing	2.650	2.800	3.050	2
elections	2.798	2.920	3.022	4
ailing	2.600	2.900	2.900	2
dual	2.950	3.050	3.150	2
holds	3.055	3.025	3.077	8
citizenship	3.000	3.000	3.105	2
egyptian	2.780	2.890	2.885	2
tolerant	2.500	3.200	2.900	2
closely	3.060	2.851	3.104	7
wishes	3.320	3.104	3.064	5
security	2.893	2.961	3.102	12
likely	2.888	3.060	3.013	22
citizen	3.028	3.012	3.012	13
jeopardize	2.600	3.150	3.100	2
afloat	3.150	3.050	3.050	2
billion	3.028	3.019	3.074	17
keeps	3.041	3.101	3.032	8
promoting	3.033	3.100	3.033	3
democracy	2.775	3.072	2.982	8
granted	3.049	2.999	3.012	10
israel	2.850	3.124	3.095	15
treaty	3.022	2.968	3.110	6
signing	3.277	3.167	3.103	3
demanded	2.628	3.228	3.270	4
cairo	2.650	3.100	3.100	2
promote	2.940	2.994	3.107	9
spoken	3.172	3.016	3.066	5
far	2.889	3.015	3.087	43
palestinians	2.436	3.030	2.900	5
pushed	2.883	3.036	3.029	7
extend	3.235	2.975	3.180	4
hardly	2.837	3.016	3.027	15
worst	2.518	3.095	2.845	4
glorious	3.610	3.505	3.260	2
large	2.984	2.975	3.072	31
substantial	3.037	3.002	3.037	6
relentlessly	2.855	3.220	3.030	2
propaganda	2.509	3.335	2.995	8
media	2.736	3.077	3.068	19
protests	2.712	3.070	2.887	6
insufficient	2.750	3.150	3.250	2
entirely	2.957	3.045	3.094	19
top	3.034	2.994	3.068	29
approach	2.854	3.106	3.015	11
personally	2.963	3.102	3.153	6
contributions	3.150	3.050	3.067	6
illegal	2.868	3.095	3.050	8
designs	2.950	2.850	3.005	4
gov	2.900	2.842	3.027	4
drawing	2.861	3.011	3.016	8
wave	2.880	3.134	2.969	7
pataki	2.900	2.980	3.188	4
downtown	3.181	3.039	3.167	9
zero	2.876	3.004	3.026	5
mix	3.065	2.963	3.143	13
uses	2.979	2.974	3.079	7
mayor	2.854	3.156	3.038	5
corp	2.972	2.981	3.050	18
pressure	3.005	3.005	3.059	11
schedule	3.080	3.068	3.012	5
progress	2.942	3.084	3.049	16
slightly	3.002	3.070	3.022	17
stall	2.857	3.178	2.850	4
port	3.089	2.932	3.152	9
authority	2.952	2.899	3.108	10
hole	2.894	3.105	3.146	10
mocks	2.650	3.350	3.000	2
requirement	3.082	2.848	3.250	5
openly	2.832	3.044	3.286	5
questioned	3.047	2.953	3.303	3
square	2.997	2.955	3.099	20
footage	3.000	2.900	3.315	2
replace	3.133	3.090	3.181	7
opening	3.039	2.908	3.100	11
designers	3.097	2.990	3.093	3
discussing	2.963	3.003	3.040	3
subway	2.714	3.148	3.088	5
proposals	3.200	3.050	3.100	2
term	3.071	3.021	3.122	14
lines	2.859	2.984	3.002	14
repair	3.060	3.084	3.112	5
medium	3.100	2.833	3.133	3
material	2.994	2.907	3.069	16
credible	2.933	3.000	3.033	3
investigators	2.805	2.950	3.125	4
alfred	3.050	2.950	3.150	2
connect	2.807	3.065	2.982	6
bigger	2.910	2.967	3.137	3
park	3.146	3.006	3.084	42
popular	3.103	3.042	3.094	29
lowering	3.080	2.980	3.140	5
option	3.164	3.024	3.100	5
alongside	3.160	3.024	3.100	5
west	3.034	3.003	3.036	38
expensive	2.897	2.940	3.043	15
remarks	3.000	2.940	3.073	3
legacy	2.950	3.086	3.060	5
concern	2.953	2.927	3.003	15
core	3.164	3.210	3.254	5
demonstrating	3.110	2.890	3.175	2
air	3.009	3.079	3.041	50
awaited	3.155	2.955	3.055	2
proposal	3.024	2.992	3.135	12
unveiled	2.830	2.885	3.070	2
strengthen	2.970	3.145	3.110	4
crippling	2.812	3.070	3.027	4
promises	3.057	3.170	3.027	3
skies	3.330	3.070	3.033	3
overdue	2.750	3.200	3.260	2
surely	3.017	3.043	3.115	11
falls	3.029	3.019	3.127	7
jeffords	2.825	3.000	3.050	4
vermont	3.113	2.923	3.137	4
sponsored	3.033	3.000	3.033	3
dioxide	3.033	3.067	3.133	3
reductions	2.850	3.050	3.100	2
causes	2.721	3.061	2.959	15
acid	2.950	3.100	3.000	2
sulfur	3.200	3.100	3.150	2
pollutants	2.900	2.970	3.045	2
smog	2.610	3.103	2.907	3
calls	2.850	3.097	3.069	16
carbon	2.923	2.993	3.052	27
warming	2.735	2.937	2.960	6
gas	2.929	2.985	3.025	11
ignores	2.843	2.993	3.133	3
emissions	2.780	2.943	2.987	9
huge	2.824	3.092	3.046	14
reduce	2.933	2.897	3.113	6
existing	3.017	3.060	3.162	6
key	2.934	2.983	3.060	15
roll	3.046	3.156	3.160	9
trading	3.025	2.941	3.005	15
argues	3.160	3.007	3.070	3
regulatory	2.813	3.105	3.047	6
disappear	2.950	3.050	2.750	2
scheme	2.943	2.998	3.052	6
censure	2.890	3.025	3.125	2
expulsion	2.740	3.175	3.125	2
lawmakers	2.828	3.038	3.052	4
punish	2.540	3.150	3.037	3
ranging	3.025	3.210	3.165	2
reducing	2.933	2.978	2.996	9
page	3.006	2.993	3.043	39
essential	2.941	2.961	2.974	7
tool	2.987	2.885	3.030	6
pollution	3.036	2.951	3.121	9
agree	3.014	3.038	3.132	13
lightly	2.962	3.025	3.030	4
nationwide	2.958	3.151	3.159	8
specific	2.942	2.877	3.137	6
regulations	2.908	2.990	3.069	11
abandoned	2.738	3.026	2.939	13
aimed	3.204	3.064	3.122	5
plants	3.102	2.925	3.160	11
limit	2.944	2.850	3.010	9
indeed	3.021	2.908	3.054	10
significantly	2.713	3.098	2.942	4
intention	3.115	2.875	3.405	2
upgrade	3.055	2.875	3.220	2
whenever	3.105	3.150	3.370	2
modern	3.057	2.988	3.102	48
install	3.037	2.850	3.147	3
landmark	3.150	2.827	3.125	4
thoughtful	3.128	2.940	2.955	4
conducting	2.900	2.550	3.100	2
authorities	2.864	2.941	2.971	7
handful	2.848	3.176	3.158	5
thwart	3.015	3.405	3.045	2
disappointed	2.400	3.000	2.840	5
lawyer	2.775	3.075	2.928	4
simon	2.675	3.175	2.840	2
client	2.800	3.050	2.950	2
vast	3.129	3.058	3.071	9
indicating	3.033	2.857	2.927	3
longtime	2.850	2.860	3.000	2
balaban	3.050	2.910	3.000	2
stern	3.132	3.125	3.065	4
watch	3.012	3.007	3.057	32
mention	2.937	2.917	2.997	7
grandfather	2.997	3.000	3.133	3
reported	2.822	2.989	2.943	14
italian	2.978	3.002	3.058	10
dozen	2.695	3.050	2.800	2
suits	3.065	2.893	3.050	4
antique	3.010	2.974	3.150	5
clock	2.942	3.014	3.030	10
carpet	2.890	2.900	3.000	2
oriental	3.065	3.000	3.000	2
susan	2.575	3.090	2.955	2
cite	2.740	3.000	3.050	2
democrats	2.767	3.111	3.133	9
republicans	2.740	3.157	3.150	3
conflicting	2.900	2.800	3.100	2
accounts	3.080	3.073	3.170	3
incomplete	2.777	2.960	3.100	3
compact	3.150	2.750	3.100	2
failing	2.525	3.112	2.783	6
wholesale	3.000	3.025	3.050	4
appliances	3.067	3.067	3.100	3
existence	2.920	2.975	3.064	8
appeared	2.964	2.947	2.987	10
discounted	3.105	3.055	3.110	2
violated	2.550	3.350	3.150	2
bank	2.972	2.999	3.118	21
showing	2.876	3.049	3.041	10
analysis	2.978	2.898	3.071	13
forms	2.957	2.968	3.051	20
excess	2.992	3.107	3.265	4
checks	2.939	2.933	3.017	7
machines	3.063	2.829	3.101	7
records	2.950	2.957	3.150	4
automatic	3.000	3.033	3.073	3
assembled	2.940	2.923	3.173	4
returns	3.069	2.945	3.058	16
spokeswoman	2.690	2.893	3.003	3
explanation	2.906	2.919	2.909	7
purposes	2.882	2.788	3.082	11
defend	2.868	3.142	3.079	9
wholly	2.785	3.095	3.105	2
leader	2.898	3.044	3.024	14
pascoe	3.055	3.000	2.945	2
deceit	2.625	3.190	3.060	2
misinformation	2.625	3.190	3.060	2
fitness	3.236	3.154	3.184	5
decide	3.051	3.084	3.107	9
solidifying	3.105	2.995	3.000	2
colin	3.155	2.945	3.000	2
balance	3.033	3.098	3.222	6
repeatedly	2.700	3.300	3.150	2
touching	3.010	3.100	3.060	5
producing	3.125	3.163	3.131	8
whom	2.811	3.146	3.069	10
strongly	3.075	3.035	3.090	6
universal	3.239	3.084	3.115	8
muslim	2.632	3.060	3.020	5
reluctant	2.850	2.950	3.100	2
conference	2.947	2.928	3.058	6
article	2.869	3.036	3.076	17
bloom	3.550	3.355	3.265	2
flowers	3.312	3.064	3.091	8
spring	3.169	3.092	3.128	18
trees	3.169	3.003	3.097	16
facility	2.946	2.890	3.062	13
women	3.042	3.093	3.090	37
permanent	2.965	2.889	3.042	8
extraordinary	3.041	3.003	3.050	7
art	3.112	2.972	3.104	42
scs	3.375	2.925	3.192	4
rewarding	3.488	3.045	3.225	4
coordinator	3.150	2.795	2.900	2
newton	3.050	3.095	3.000	2
grass	2.660	3.115	2.670	2
founders	3.367	3.123	3.083	3
keeffe	3.260	2.925	3.118	4
georgia	3.023	2.927	3.041	7
calendars	3.225	3.445	3.115	2
significance	3.025	2.875	2.975	4
awarded	3.320	3.190	3.050	4
enclosing	3.067	3.033	3.067	3
listing	3.100	2.850	3.200	2
note	2.995	2.954	3.058	26
admission	3.234	3.073	3.193	11
membership	3.339	3.131	3.231	40
museum	3.188	2.972	3.104	29
additionally	2.934	2.940	3.204	5
materials	3.216	3.003	3.184	7
traditional	3.127	2.944	3.109	34
background	3.029	2.892	3.067	13
detailing	2.810	2.910	3.235	2
exhibitions	3.460	2.860	3.185	2
upcoming	3.107	2.873	3.190	3
splendor	3.325	3.365	3.060	2
estate	2.913	3.062	3.027	12
painting	3.095	2.999	3.105	8
restored	3.089	3.126	3.131	9
japanese	2.968	3.046	3.089	22
exhibition	3.231	3.090	3.099	7
inviting	3.308	3.060	3.187	4
circle	3.017	3.014	3.057	10
mountain	3.041	3.030	3.027	18
tenth	3.000	2.930	3.070	2
movement	2.997	2.984	3.063	44
electronic	3.030	2.937	3.161	12
situated	3.128	2.994	3.082	10
dubai	3.105	3.035	3.092	16
ali	3.000	2.930	3.070	2
transit	3.050	2.915	3.110	4
zone	3.098	2.974	3.068	13
inauguration	3.233	2.933	3.033	3
launching	3.045	3.045	3.100	4
electronics	2.990	2.971	3.063	10
stages	2.767	3.190	3.067	3
stage	3.102	2.827	3.100	6
sheikh	3.073	2.973	3.140	3
mohammed	3.060	3.060	3.160	2
website	2.973	3.026	3.062	20
advanced	3.175	3.062	3.121	8
employ	3.075	2.888	3.027	4
offices	2.891	3.069	2.975	8
machinery	2.880	3.087	2.900	3
foreigners	2.623	3.220	3.013	4
headquarters	2.924	2.976	3.147	8
prince	3.000	2.923	3.012	6
rashid	3.110	2.960	3.110	2
crown	3.065	2.980	3.145	4
bin	3.107	3.073	3.107	3
launched	2.852	2.982	3.024	5
container	3.000	2.687	3.113	3
kit	3.300	3.233	3.200	3
hampshire	3.251	3.051	3.180	8
guides	3.312	3.095	3.192	6
add	2.956	2.947	3.100	8
water	3.017	3.043	3.067	40
vacation	3.097	3.059	3.073	9
canoe	3.211	2.985	3.137	10
quiet	3.041	3.005	2.993	17
hikes	3.186	3.033	3.183	7
lakes	3.179	2.996	3.120	7
white	2.996	2.981	3.063	112
discount	3.095	3.065	3.285	4
mountains	3.293	3.183	3.116	11
titles	3.550	2.990	3.150	2
prices	3.166	3.053	3.048	15
packages	3.245	2.998	3.138	6
incredibly	3.556	3.332	3.278	5
highlights	3.205	2.823	3.115	4
wear	3.175	2.977	3.143	6
pocket	3.065	3.040	3.073	6
easy	3.056	2.960	3.086	30
choosing	3.184	3.097	3.304	7
helpful	3.335	3.150	3.125	2
paddle	3.312	2.890	3.270	4
oriented	3.150	2.820	3.225	2
photographs	3.252	3.121	3.129	8
tips	3.226	3.086	3.126	5
detailed	3.125	3.075	3.175	4
safety	2.920	2.995	3.047	8
maps	3.300	3.060	3.180	5
picnicking	3.233	3.000	3.100	3
nearby	3.048	2.996	3.054	16
hidden	2.997	3.012	3.038	6
metropolitan	2.700	2.967	3.067	3
space	3.004	3.005	3.072	37
remarkable	2.730	2.980	2.980	2
miss	2.912	2.992	3.066	17
green	3.071	3.029	3.072	34
adventures	3.097	3.170	3.067	3
destinations	3.233	2.987	3.107	3
island	3.089	2.927	3.050	47
bottle	3.068	3.070	3.103	12
friendship	2.950	3.075	3.050	4
definitive	3.050	3.000	3.100	2
amc	3.192	3.016	3.155	20
outdoors	3.308	3.175	3.154	8
stewardship	3.250	3.035	3.085	2
land	2.910	3.019	3.099	38
countless	2.938	3.075	3.072	4
guarantee	3.245	3.111	3.296	8
rely	3.050	3.100	3.040	3
reporting	2.936	3.038	3.110	5
hike	3.283	3.043	3.170	6
pointing	3.125	2.998	3.050	4
authors	3.100	3.152	3.135	6
checked	3.066	3.241	3.077	8
appalachian	3.200	3.000	3.140	5
importance	3.042	2.817	3.146	8
seriously	3.092	2.995	3.055	6
trails	3.111	3.061	3.209	9
wildlife	3.214	3.147	3.177	72
host	3.239	3.077	3.145	10
thunder	2.907	2.950	2.895	6
acadia	3.100	2.927	3.033	3
seaside	3.150	2.950	3.150	2
ponds	3.222	2.967	3.137	4
crystal	3.180	2.953	3.000	3
towering	3.170	3.120	3.120	2
hiking	3.038	3.020	3.066	10
pine	3.100	2.740	2.925	2
wilderness	3.142	3.022	3.098	6
rivers	3.297	3.192	3.203	6
maine	3.110	2.925	3.113	10
observe	3.116	2.932	3.190	5
habitat	3.028	3.192	3.165	13
natural	3.047	2.963	3.114	30
completely	2.913	2.982	3.059	18
mount	3.190	2.980	3.090	3
desert	2.954	2.861	3.051	16
cites	2.827	3.117	2.950	3
maximum	2.900	3.025	3.150	4
subtle	3.080	3.020	3.040	5
wrong	2.807	3.073	3.017	15
surprisingly	2.755	3.000	3.120	2
film	2.947	2.993	3.026	36
misguided	2.750	3.100	3.100	2
criticism	2.923	2.808	3.028	6
inaccurate	2.887	3.000	3.073	3
distorting	2.840	2.840	3.055	2
basics	2.950	2.950	3.000	2
conservative	2.507	3.043	2.813	3
readers	3.044	3.065	3.091	15
technique	2.955	2.893	3.078	6
filmmaking	2.972	2.968	3.162	6
practice	2.854	3.122	3.091	14
follows	2.958	2.899	3.008	9
expect	2.837	3.090	3.116	8
quote	2.900	3.050	3.150	2
nra	2.787	2.983	3.051	15
rally	2.747	3.160	3.116	14
entirety	2.867	2.913	3.173	3
denver	2.750	3.052	3.078	5
heston	2.780	3.074	3.071	25
push	2.904	3.099	3.101	10
scandal	2.640	3.127	2.911	8
aware	2.667	3.200	3.167	6
location	2.842	2.980	3.022	6
notice	2.884	3.074	3.071	8
warning	2.709	3.025	2.975	8
speech	2.843	2.870	3.016	9
documentary	3.188	3.077	3.049	9
ignore	2.697	2.995	3.027	11
loudly	3.037	3.473	3.157	3
mentions	2.600	3.200	3.033	3
explain	2.841	3.164	3.063	13
chose	2.937	3.040	3.054	9
detail	2.952	3.010	3.058	5
littleton	2.600	3.100	3.167	3
fuck	1.723	3.783	3.400	3
controversy	2.367	3.467	2.933	3
effectively	2.627	3.423	3.320	3
mentioned	2.857	2.928	3.079	14
transcript	2.295	3.405	3.145	2
otherwise	2.917	3.029	3.078	12
lie	2.837	2.981	3.129	8
rolland	2.757	3.026	3.103	7
kayla	2.673	3.065	3.163	10
interpreted	2.950	2.925	3.025	4
techniques	2.980	2.908	3.034	5
smooth	3.185	2.976	3.176	11
distortion	2.755	2.985	3.078	6
context	2.900	2.890	2.998	5
vacuum	2.893	3.020	3.083	4
unethically	2.790	3.000	3.305	2
introduce	3.098	3.060	3.126	5
cold	2.853	3.065	2.925	11
hands	2.835	3.086	3.019	37
dead	2.602	3.096	2.922	27
view	2.914	3.050	2.994	23
deceiver	2.967	2.887	2.963	3
whatsoever	2.895	3.028	3.265	4
indication	2.967	3.000	2.867	3
write	2.916	3.076	3.143	36
extreme	2.610	3.073	2.903	3
kept	2.943	3.095	3.075	17
prominent	2.833	2.967	2.967	3
naive	2.833	3.067	3.167	3
respond	2.997	3.085	3.088	6
excerpt	2.860	2.947	2.993	3
pronounced	2.650	3.250	2.900	2
valid	2.878	2.972	3.070	5
fast	2.989	3.114	3.074	19
pace	3.007	3.003	3.017	6
editing	2.725	2.950	3.000	4
deliberate	2.800	3.000	3.067	3
contrasts	3.123	3.257	2.997	3
jaw	2.597	3.287	2.896	7
dialogue	3.050	2.790	2.900	2
dark	2.891	3.155	2.970	35
humor	2.600	3.350	3.050	2
viewer	2.900	2.925	3.050	4
highlight	3.067	2.960	3.133	3
paragraph	3.000	2.950	3.050	2
text	2.943	2.907	3.093	7
believing	2.902	2.978	3.100	4
deceive	2.990	3.010	3.100	2
flint	2.723	3.158	3.065	6
obvious	2.832	2.922	3.031	10
unfortunately	2.565	3.078	2.962	4
impression	2.872	2.980	3.043	6
viewers	2.936	3.008	3.064	5
incorrect	2.833	2.967	3.173	3
correctly	2.800	3.010	3.170	5
clearly	2.921	3.190	3.149	8
portrayal	2.725	2.890	3.055	2
accurate	2.902	2.956	3.282	5
culture	3.058	2.991	3.078	32
published	2.928	2.992	3.113	12
clinton	3.067	3.083	3.183	3
perfectly	2.902	3.052	3.100	13
pausing	2.933	2.967	3.200	3
sequence	2.886	3.046	3.079	7
sequences	2.700	2.900	3.050	2
forgotten	2.803	2.987	3.067	9
protestor	2.380	2.990	3.190	2
posters	2.640	2.775	2.975	2
cheney	2.900	2.875	3.150	4
quoted	2.667	2.833	3.200	3
haven	2.766	3.170	3.124	14
mouth	2.836	3.129	2.934	14
faked	2.565	2.945	2.970	4
contradicts	2.580	3.090	3.040	2
hell	2.453	3.284	3.021	9
ignored	2.614	3.037	3.028	13
decades	3.008	2.868	3.000	5
raises	2.679	3.107	2.986	7
vary	2.750	3.100	2.850	2
doubt	2.910	3.047	3.066	9
bowling	2.793	3.043	2.960	7
pro	3.260	3.236	3.276	5
unfair	2.550	3.090	2.860	3
incompetence	2.600	2.950	2.900	2
hanlon	2.800	2.900	3.000	2
attributed	3.020	2.976	3.004	5
scene	3.139	3.028	3.086	21
razor	2.800	2.900	3.000	2
viewing	2.825	2.925	3.000	4
fairly	2.917	2.870	3.001	8
somewhat	2.999	3.002	3.041	9
unfortunate	2.523	2.787	2.857	3
conclusions	2.950	2.850	2.950	2
statement	2.826	3.057	3.020	15
lies	2.700	3.142	3.005	8
desired	3.150	3.005	3.047	6
accuse	2.765	3.165	3.180	2
movie	3.086	2.972	3.081	17
questionable	2.800	2.895	2.995	2
resolution	3.023	3.069	3.066	9
webpage	2.800	3.045	2.945	2
aggressively	2.813	3.183	3.067	3
injured	2.620	3.128	2.980	5
react	2.650	3.300	3.150	2
warnings	2.825	3.200	3.025	4
owners	2.859	3.218	3.112	9
notable	2.800	2.967	3.067	3
arthur	2.844	3.150	2.975	27
guns	2.482	3.197	3.160	4
presence	2.914	3.049	3.108	11
advocates	2.773	3.017	3.095	6
accessible	2.833	3.167	3.100	3
beating	2.597	3.230	3.053	3
immediate	2.810	3.177	3.088	6
refers	2.525	3.450	2.915	2
busch	2.293	3.447	2.937	3
canadians	2.900	3.200	3.077	3
flicks	3.180	3.058	3.105	4
video	2.952	3.161	3.008	16
positively	3.110	2.935	3.210	2
watching	3.108	3.145	3.050	20
hang	2.783	3.091	3.001	7
simple	3.074	3.028	3.103	24
assert	2.693	3.147	3.043	3
avoid	2.782	3.147	3.057	9
express	2.878	3.105	3.098	6
sympathy	2.670	3.135	2.902	4
answers	2.677	3.163	3.093	7
objective	2.900	3.000	2.950	2
sub	2.975	2.888	3.028	8
surrounding	3.127	3.054	3.038	16
paranoia	2.867	3.063	3.067	3
cameras	3.000	2.850	3.105	4
construct	2.843	3.003	3.197	3
remained	2.836	3.046	2.987	9
hey	3.138	3.205	3.055	11
enactment	2.900	3.000	3.310	2
silent	3.112	3.068	3.010	5
obscure	2.833	2.948	3.065	4
shouted	2.816	3.428	3.246	8
parts	2.918	3.014	3.105	17
unethical	2.473	3.170	3.130	3
theory	2.933	3.033	3.111	12
removed	3.063	3.034	3.070	7
plausible	2.815	2.905	3.185	2
reader	3.023	2.967	3.150	6
sound	2.929	2.998	3.006	23
bizarre	2.577	3.103	3.123	3
gullible	2.865	2.955	3.185	2
explicit	2.777	2.970	3.193	3
fraud	2.743	3.037	3.223	3
animated	3.010	3.077	3.180	3
weakest	2.850	2.750	3.150	2
cartoon	2.600	2.750	3.000	2
racism	2.603	3.000	3.133	3
flourish	2.750	2.950	3.000	2
letting	2.870	2.963	3.090	3
kkk	2.550	3.000	3.200	2
southern	3.018	3.054	3.050	11
functions	2.960	2.952	3.127	6
buell	2.910	3.105	3.055	2
stabbing	2.518	3.222	3.258	4
suspended	2.604	3.034	3.146	5
boy	2.793	3.186	3.020	24
thug	2.417	3.272	3.183	4
fought	2.862	3.070	3.295	6
pencil	2.423	3.263	3.343	3
characterization	2.773	3.110	3.060	3
warns	2.718	3.123	3.100	6
reaction	3.000	2.983	3.100	3
looks	3.065	3.122	3.106	19
typical	3.121	3.044	3.192	8
wing	2.833	3.133	3.100	3
closed	2.891	3.049	3.011	27
billions	2.945	3.152	3.075	4
relative	2.965	2.898	3.122	6
equally	2.667	3.067	3.100	3
absolute	2.695	3.095	3.165	2
resort	2.924	3.030	2.930	13
profitable	2.810	2.935	2.975	2
faulty	2.480	2.930	3.037	3
son	2.516	3.081	3.124	9
shipped	2.700	3.133	3.133	3
knows	2.872	3.119	3.009	16
conflict	2.950	3.024	3.027	7
psychologist	2.958	3.147	3.170	4
awareness	3.055	3.365	3.100	2
consequences	2.860	3.033	3.143	3
types	2.968	2.945	3.057	15
implies	2.840	3.060	3.285	2
although	2.869	2.977	3.007	32
assertion	2.700	3.150	2.950	2
conservatives	2.490	3.247	2.933	3
frequently	2.787	2.916	2.976	7
vivid	2.800	3.105	3.005	4
journal	2.912	2.965	3.069	15
wall	2.891	3.042	3.004	28
oscar	3.300	3.100	3.200	2
probably	2.877	2.989	2.998	34
labor	2.780	3.061	2.940	7
taliban	2.861	3.104	3.070	7
warned	2.820	3.000	3.063	3
ban	2.841	3.074	3.181	10
poppies	2.850	3.050	3.100	2
motivation	2.928	3.045	3.107	13
opium	2.950	3.033	3.160	3
enforcement	2.803	2.993	3.163	3
distribute	2.913	3.120	3.200	3
seize	2.625	3.000	2.965	4
regime	2.950	2.950	3.050	2
controlled	3.032	2.990	3.074	5
authorized	3.000	2.933	3.033	3
hussein	2.680	3.060	2.940	5
hawks	2.900	3.050	2.950	4
quake	2.550	3.150	3.050	2
game	2.993	3.121	3.115	32
listening	2.687	3.199	3.071	7
radio	2.810	3.068	3.026	8
unless	2.870	3.099	3.192	8
documented	3.037	2.940	3.040	3
surprising	3.130	3.158	3.086	8
dwell	2.947	2.967	3.163	3
longer	2.939	2.971	3.082	28
rate	3.035	3.067	3.068	19
correct	2.900	3.100	3.033	3
homicide	2.733	3.000	3.000	3
corrected	2.845	3.150	3.070	4
data	2.890	3.000	3.059	9
neutral	2.800	2.900	2.950	2
guncite	2.803	2.967	3.047	3
methodology	2.855	3.000	3.070	2
differences	2.933	2.983	3.070	11
england	2.865	3.005	2.931	13
germany	2.957	2.915	2.885	4
australia	2.833	3.008	3.050	6
per	2.973	2.909	3.001	14
concluding	2.783	2.927	3.053	3
leads	3.014	2.900	3.120	7
fail	2.697	3.007	2.981	7
examples	3.083	2.938	3.195	6
counter	2.891	2.944	2.927	9
cited	2.875	2.971	3.010	12
deadly	2.471	3.194	2.839	8
likes	3.000	3.000	3.050	2
fraudulent	2.775	3.150	2.950	4
unnecessary	2.700	3.060	3.225	2
addressed	2.925	2.925	3.125	4
ammunition	3.016	3.034	3.098	5
canada	3.003	2.963	3.162	6
casually	3.157	3.410	3.410	3
wal	2.840	3.130	2.917	3
asks	2.907	3.073	3.040	3
canadian	2.917	3.061	2.979	12
mart	2.840	3.130	2.917	3
buys	3.140	3.100	3.063	3
buy	2.985	3.029	3.124	42
pointed	2.934	2.956	3.048	9
distinguish	2.870	3.070	2.973	3
boiled	2.750	2.950	3.000	2
revealed	3.000	3.150	3.095	2
identification	3.017	2.850	2.950	6
allegedly	2.752	3.050	2.975	4
ethnicity	3.033	2.867	2.967	3
mixed	2.977	2.838	2.998	6
similarly	2.999	3.114	3.004	7
wealth	2.720	3.090	2.933	3
supposedly	2.625	3.025	3.055	2
promise	3.093	3.054	3.114	18
unhelpful	2.300	3.000	2.900	2
condition	2.900	2.700	3.050	2
explained	2.939	3.027	3.004	13
racist	2.900	3.000	3.100	2
applied	2.950	2.895	3.087	6
blamed	2.290	3.310	3.110	3
fool	2.614	3.106	3.226	5
dishonest	2.400	3.000	2.900	2
columbine	2.687	3.022	2.953	6
carefully	3.138	2.982	3.184	5
trash	2.867	2.823	3.060	3
audio	3.008	2.836	3.046	5
spin	2.567	3.267	3.133	3
none	2.789	3.086	3.056	14
aspect	2.623	3.017	2.710	3
diamond	2.933	3.167	3.150	3
brightly	3.250	3.050	3.000	2
shines	3.250	3.100	3.050	2
bit	2.857	3.038	2.974	12
gets	2.863	3.043	3.068	18
suffers	2.750	2.950	3.050	2
towards	2.998	3.018	3.011	17
tries	2.980	2.880	3.070	2
incite	2.350	3.100	3.150	2
photos	2.940	3.000	3.075	4
rooms	3.075	3.087	3.138	8
talented	3.400	3.150	3.250	2
deserved	3.300	3.100	3.200	2
unsuccessful	2.700	3.040	2.900	5
motivated	2.750	3.235	2.905	2
accuracy	2.900	2.983	3.017	3
jealousy	2.800	3.050	3.000	2
revoke	2.600	3.150	2.950	2
award	3.129	3.101	3.076	14
remarkably	2.805	3.265	3.060	2
fiction	2.986	2.909	3.043	7
interactive	3.079	3.020	3.083	7
narrative	3.000	3.082	3.052	4
grossing	3.410	3.305	3.255	2
users	3.200	3.250	3.100	2
database	3.360	3.310	3.200	2
rated	3.250	3.200	3.200	2
music	3.079	3.036	3.072	33
owes	3.125	3.000	3.060	2
genre	3.048	3.040	3.026	5
films	3.123	2.987	3.143	10
intends	2.983	3.037	3.250	3
freedom	2.907	3.247	3.001	12
fahrenheit	3.070	2.847	3.107	3
shortly	2.871	2.984	3.020	7
temperature	3.030	2.956	3.053	7
launch	3.123	2.942	3.060	6
presidential	3.157	3.108	3.110	6
roger	2.945	2.785	2.900	2
holding	3.064	3.008	3.012	16
domain	2.840	3.018	3.011	8
apparently	2.956	3.013	3.156	7
constant	3.088	3.142	3.083	12
hypothesis	3.013	2.997	3.085	4
fear	2.557	3.139	2.895	19
advertised	2.950	3.050	3.150	2
gone	2.839	3.076	2.976	19
surprise	3.039	3.155	3.062	11
european	3.041	2.943	3.103	20
psychologists	2.987	2.986	3.095	13
solve	2.840	3.100	3.145	6
disputes	2.770	3.000	3.020	2
perceived	2.759	3.036	2.999	12
regions	2.956	2.989	3.107	9
views	3.161	2.975	3.050	8
polemic	3.025	3.250	2.960	2
exaggeration	2.875	3.000	3.020	2
chances	2.883	2.967	2.973	3
arguments	2.915	3.075	2.985	4
misrepresentation	2.630	3.097	3.080	3
corporal	2.723	2.900	3.067	3
enemies	2.670	3.013	2.945	4
simultaneously	2.800	3.100	2.980	5
projected	2.987	3.073	3.063	3
punished	2.600	3.067	3.067	3
endure	2.850	3.150	3.200	2
weaker	2.800	3.250	3.100	2
americans	2.790	3.164	3.176	8
squeeeeeeeallll	3.200	3.365	3.160	2
oink	3.200	3.365	3.160	2
mustafa	2.550	2.925	3.040	2
sammy	2.700	3.458	3.430	4
fucking	2.550	3.565	3.560	2
wonder	2.966	3.117	3.057	16
cheer	2.715	3.215	3.140	2
notions	2.455	3.125	2.720	2
seeks	2.915	2.850	3.080	4
inaccuracies	2.800	2.935	2.945	2
alleged	2.842	2.982	2.980	6
deceptive	2.850	3.000	2.900	2
criticisms	2.715	3.095	3.020	2
listed	3.057	2.841	3.071	7
firearms	2.715	3.145	3.070	2
perform	3.000	2.938	3.044	8
licensed	2.933	3.000	2.933	3
picked	2.916	3.039	3.070	10
normally	2.933	3.067	3.067	3
hardy	3.033	2.733	2.967	3
mean	2.934	3.021	3.060	39
nobody	2.744	3.046	2.988	5
sounds	2.943	2.975	3.168	6
fascinating	3.507	3.347	3.040	10
character	3.036	3.086	3.026	10
assassination	2.775	3.440	2.590	2
thing	2.916	3.062	3.043	64
typically	2.837	2.837	2.803	3
irrelevant	2.967	2.807	3.100	3
estimate	2.934	2.920	2.956	5
extended	3.060	3.030	3.064	5
religious	2.956	3.122	3.040	5
situation	2.837	3.006	2.975	20
silly	2.906	3.118	3.168	5
lockheed	2.940	2.907	3.111	7
martin	3.019	2.914	3.099	10
quotes	2.767	2.850	2.837	3
reproduced	2.927	2.823	3.000	6
actual	3.012	3.002	3.001	9
missiles	2.833	3.100	3.200	3
factory	3.058	3.011	3.164	21
connection	3.093	3.112	3.136	12
guess	2.793	3.070	2.989	21
loud	2.590	3.020	2.723	3
roots	2.803	2.977	2.934	7
partially	2.660	3.065	2.670	2
funded	2.540	3.382	2.910	4
voices	2.904	3.040	2.888	5
campaigns	2.887	2.988	3.007	6
plant	2.956	2.985	3.120	22
refer	2.927	2.617	3.227	3
specifically	2.945	2.837	3.070	4
generic	2.970	2.768	3.145	4
colorado	3.025	2.910	3.205	4
mccollum	2.850	2.973	3.207	3
protest	2.747	3.088	3.085	6
spreading	2.920	3.223	3.187	3
cleverly	2.950	3.100	3.200	2
units	3.010	2.898	2.997	6
contractor	2.895	2.990	2.950	2
conveniently	2.900	3.050	2.850	2
destructive	3.040	3.135	3.115	4
production	2.936	3.034	3.076	14
embrace	3.025	3.125	3.200	4
slight	2.957	2.970	3.030	6
implication	2.900	2.945	3.095	2
misleading	2.560	3.000	3.035	4
jump	2.727	3.035	2.987	6
unlike	3.025	3.125	3.210	2
insulted	2.610	3.165	3.160	2
charlton	2.810	3.125	3.120	2
famous	3.073	3.021	3.094	30
tie	3.243	3.043	3.190	3
viewed	2.815	3.037	3.002	6
billboard	3.030	3.227	3.177	3
boring	2.856	2.874	3.074	5
grading	2.767	2.967	3.167	3
transitions	3.100	2.950	3.150	2
watchmen	3.100	3.100	3.150	2
registered	2.850	3.150	3.100	2
achieve	3.097	3.057	3.166	12
hadn	2.870	3.011	3.008	23
complexity	3.005	3.005	3.095	2
reading	3.163	3.084	3.092	14
artist	3.060	3.060	3.110	10
comics	3.067	2.967	3.100	3
tricks	3.250	3.250	3.200	2
post	3.068	3.038	3.075	35
html	2.950	2.750	3.000	2
rubbish	2.700	3.033	3.000	3
posts	3.002	2.858	2.986	5
easier	3.159	2.985	3.083	11
noticed	2.895	3.007	3.023	15
legitimate	2.925	3.169	3.131	8
object	3.045	2.909	3.091	11
teaching	3.210	3.060	3.186	5
liked	3.397	3.081	3.093	12
image	3.158	3.042	3.075	12
excellent	3.450	3.160	3.144	5
communist	2.840	3.037	3.107	3
nazi	2.950	3.050	3.110	2
relevant	2.825	3.127	3.058	4
comments	3.026	2.679	2.904	7
turning	3.052	3.134	3.061	9
noises	3.085	3.150	3.165	2
ballot	2.916	3.059	3.122	14
parties	2.930	2.972	3.052	5
vote	2.918	3.008	3.142	13
arrange	3.100	2.933	3.067	3
british	3.005	3.045	3.025	14
occurred	3.200	3.000	3.300	3
output	3.200	2.933	3.133	3
archives	3.207	3.017	3.233	3
defines	3.200	3.000	3.300	2
composed	3.100	3.000	3.067	3
identity	2.994	2.948	3.077	25
equivalent	2.662	2.962	2.930	5
anymore	2.877	3.078	3.130	4
barely	2.790	3.010	2.871	8
pretty	2.925	3.188	3.117	21
damn	2.083	3.725	3.188	4
academic	2.750	3.250	3.250	2
blogger	2.982	3.218	3.118	5
finished	3.127	3.125	3.229	8
scan	3.000	2.830	3.100	2
absolutely	3.050	3.187	3.050	8
facebook	2.980	3.151	3.105	12
statistical	3.200	3.200	3.200	3
sport	2.924	3.118	3.170	8
amazing	3.463	3.383	3.170	11
perspective	3.120	2.944	3.128	5
vague	2.997	2.927	3.030	3
twenty	2.905	3.005	3.030	17
forget	2.859	3.134	3.175	15
verify	2.800	3.100	2.975	2
capable	3.110	3.183	3.212	4
weird	2.943	2.957	3.100	7
historical	2.984	2.941	3.014	9
merely	2.936	2.943	3.022	11
memory	2.940	2.990	3.109	7
riding	3.156	3.092	3.127	9
remembering	2.900	2.780	3.063	3
sambito	3.167	3.167	3.067	3
wow	3.575	3.625	3.200	4
braves	2.550	2.900	3.150	2
plate	3.242	3.060	3.140	5
slam	3.133	3.167	3.100	3
inside	3.049	3.048	3.026	39
murphy	2.900	3.000	3.000	2
astros	3.000	3.050	3.100	2
mets	3.167	3.200	3.100	3
pitched	2.933	3.000	3.133	3
stayed	2.995	3.125	3.075	4
funny	3.245	2.960	3.000	2
brain	3.003	3.098	3.035	20
distant	2.933	3.003	3.027	4
alert	2.478	3.255	2.963	4
occasionally	2.820	2.972	3.042	5
reminds	2.950	3.050	3.100	2
ensuing	2.850	3.150	2.950	2
interesting	3.174	3.104	3.106	18
cricket	2.650	3.150	3.150	2
miles	3.007	3.092	3.066	21
yeah	3.106	3.037	3.090	10
burned	2.814	3.186	2.995	8
factor	3.058	2.928	3.048	5
writers	3.012	3.002	3.052	5
sparks	2.966	3.226	3.012	5
initiate	3.200	3.300	3.050	2
wonderfully	3.750	3.625	3.375	4
smoked	3.003	3.000	2.967	3
quantity	3.075	3.415	3.085	2
remote	2.932	3.013	3.071	9
responded	2.927	2.927	3.173	3
grand	3.127	2.992	3.110	10
cardinals	3.350	3.350	3.150	2
win	3.124	3.221	3.132	21
stadium	3.400	3.300	3.100	2
miracle	3.493	3.493	3.117	3
watched	2.862	3.076	3.025	10
afternoon	3.097	3.126	3.031	7
polarization	2.995	2.835	3.071	11
unit	2.937	2.855	3.099	10
lambrinos	3.000	2.737	3.093	4
diagram	3.000	2.725	3.000	2
logarithmized	2.930	2.635	3.070	2
sensitive	2.937	2.904	3.094	7
photodiodes	2.953	2.820	3.087	3
levels	2.939	3.010	3.089	20
ratio	2.930	2.855	3.130	2
signals	2.978	2.712	3.055	4
vector	2.950	3.000	2.900	2
function	3.022	2.883	3.037	26
heading	3.007	3.116	3.131	7
primarily	3.000	2.853	3.029	7
sensing	3.000	3.067	3.033	3
antie	3.046	2.914	3.088	54
ants	3.014	2.895	3.045	33
stalks	3.015	2.855	3.040	6
chemical	2.987	2.961	3.061	20
surprised	2.960	3.206	3.015	12
antennae	2.973	2.908	3.025	4
mimic	3.045	2.915	3.000	2
interact	3.025	3.025	3.100	4
ant	3.047	2.975	3.066	22
receptors	3.018	2.846	3.068	5
alkene	3.000	3.050	3.110	2
gordon	3.026	2.909	3.045	18
hydrocarbons	3.032	2.846	3.055	8
hydrocarbon	3.000	2.917	3.040	3
harvester	3.015	2.918	3.047	18
nestmate	3.020	2.890	3.064	5
dry	2.958	2.891	3.105	13
greene	3.080	2.887	3.103	3
research	3.014	2.980	3.085	25
cuticular	3.028	2.922	3.082	5
marker	2.970	2.973	3.135	4
causing	2.725	3.000	2.915	4
midden	3.006	2.992	3.132	11
pheromones	3.053	2.802	3.088	6
indicate	3.000	2.890	3.040	5
foragers	3.026	2.961	3.094	17
piles	2.600	2.925	2.850	2
detect	3.047	2.940	3.125	4
patrollers	3.046	2.925	3.098	10
arnold	3.033	2.917	3.033	3
nest	3.034	2.923	3.071	40
robots	3.030	2.873	2.970	9
interactions	3.110	2.908	3.020	5
switching	3.037	3.005	3.136	12
studies	3.015	2.937	3.035	11
allow	3.089	2.974	3.087	15
robot	3.028	2.961	3.091	18
foraging	3.075	2.912	3.036	10
rolling	2.920	3.018	3.208	5
activity	3.082	2.964	3.010	10
glass	2.989	2.965	3.084	24
patroller	3.040	2.935	3.082	6
colony	3.058	2.961	3.034	8
extracted	3.125	2.875	3.200	2
beads	3.070	2.980	3.145	2
marked	3.014	2.912	3.017	10
nests	2.955	2.920	3.047	4
removing	2.960	3.155	3.295	2
species	3.012	3.071	3.070	35
invaded	2.850	2.830	3.045	2
pheromone	3.000	2.850	3.000	3
assume	2.963	2.831	3.103	7
maintenance	3.001	2.843	3.097	7
processing	3.077	2.862	3.117	9
arranged	3.050	2.825	3.060	2
stalk	2.973	2.910	3.085	4
array	3.240	3.056	3.170	5
propose	3.027	3.047	3.182	4
behaviors	3.018	2.962	3.068	26
patrolling	3.049	2.921	3.011	16
plume	3.000	2.837	3.060	4
tracking	2.897	3.020	3.127	4
wires	2.955	2.800	3.145	2
grippers	3.140	3.084	3.158	5
tactile	3.250	2.990	3.225	2
gripped	3.350	3.150	3.200	2
sensors	3.059	2.964	3.072	20
exerted	3.200	3.000	3.067	3
parallel	3.022	2.886	3.064	5
rods	3.250	3.000	3.050	2
insulating	3.250	3.000	3.150	2
muscles	2.990	3.185	3.203	4
mandibles	3.000	2.995	3.055	2
objects	2.959	3.010	3.021	10
correspond	3.140	3.107	3.183	4
grasping	3.000	2.995	3.055	2
feedback	3.167	2.830	3.037	3
relation	3.000	3.037	3.033	3
below	3.008	2.949	2.949	9
sensory	3.050	2.900	3.000	2
deserts	3.073	3.097	3.153	3
sand	2.954	2.992	3.052	16
winds	2.800	2.950	2.833	3
seeds	3.034	2.929	3.070	14
varieties	3.025	2.838	3.080	4
forage	3.050	2.900	3.150	2
grasses	3.153	2.900	3.100	3
flowering	3.000	2.950	3.200	2
motors	3.025	2.860	3.077	4
wheels	3.180	3.092	3.187	6
legs	2.925	3.206	3.018	8
operated	2.965	2.952	3.085	4
lift	3.027	2.983	2.917	3
motor	3.038	2.956	3.040	5
sacs	3.073	2.853	3.000	3
forager	3.000	2.877	3.000	3
sprayers	3.000	2.875	3.000	2
drag	2.853	3.087	3.170	3
corresponding	3.030	2.737	3.030	3
researchers	2.967	2.970	3.067	3
paths	3.000	2.825	2.950	2
skirt	3.070	2.913	3.070	3
rear	3.033	2.850	3.133	3
alter	3.055	2.775	3.110	2
recognizable	3.048	3.020	3.155	4
tasks	3.016	2.836	3.046	7
spray	2.777	2.942	3.055	4
creatures	2.859	3.159	3.116	8
insects	2.975	2.867	3.025	4
undisturbed	3.000	2.725	3.110	2
animals	3.044	3.200	3.151	52
input	2.983	2.822	3.057	6
indicated	3.100	2.850	2.950	2
operate	2.940	3.040	3.040	5
architecture	3.028	3.033	3.050	11
hierarchy	3.033	2.987	3.033	3
subsumption	3.000	3.030	3.000	2
schema	3.020	2.940	3.064	5
approximate	2.973	2.797	2.910	3
running	2.958	3.003	3.076	21
pseudocode	3.018	2.813	3.122	6
subroutines	3.028	2.822	3.163	4
variables	3.037	2.893	3.077	3
capabilities	3.037	3.010	3.097	3
tend	3.021	3.034	3.001	7
fights	2.757	2.993	3.170	3
fighting	2.628	3.163	2.937	6
design	3.055	2.983	3.031	12
navigation	3.067	2.877	3.057	3
escape	2.870	2.993	3.000	7
determine	3.014	2.984	3.079	8
distance	2.997	2.929	3.134	12
cruise	3.131	3.026	3.081	15
mechanism	3.300	3.000	3.050	2
algorithm	3.000	2.887	3.050	6
detected	3.000	2.950	3.000	2
science	3.030	3.053	3.066	28
test	2.869	2.943	2.989	15
humanoid	3.050	3.000	3.050	2
representing	3.058	2.864	3.022	5
soil	3.044	2.989	3.196	11
equipped	3.120	3.112	3.095	4
navigate	2.975	2.890	3.075	4
sandy	2.850	3.100	3.025	4
drones	2.950	3.050	3.050	2
female	3.136	3.065	3.100	18
queens	2.950	3.050	3.050	2
breeding	2.956	3.012	3.078	5
sterile	2.950	2.925	3.050	2
rotate	3.000	2.735	3.105	2
orient	3.020	2.844	3.106	5
compass	3.041	2.819	3.063	7
negative	2.940	2.960	3.060	5
degrees	3.043	2.837	3.110	7
occurs	2.983	2.894	3.061	7
specialized	3.100	3.200	3.150	2
thermometer	3.072	2.908	3.075	4
deeper	3.050	2.958	3.068	5
exit	3.011	2.891	3.063	9
sunlight	3.157	2.810	2.960	3
reaches	2.920	2.926	2.920	5
photoreceptor	3.000	2.740	2.985	2
stimulation	2.967	3.017	2.960	3
code	3.011	2.730	3.041	10
divided	2.959	2.783	3.070	9
brood	2.940	2.750	3.000	2
inputs	2.950	2.973	3.123	6
bump	3.062	2.990	3.139	8
opposite	2.913	2.996	3.025	14
sonar	3.066	2.981	3.112	9
regardless	3.044	2.904	3.229	8
observation	2.923	3.001	3.124	9
deepest	3.060	2.883	3.067	3
detectors	3.075	2.950	3.127	4
pick	3.057	3.021	3.118	14
sides	3.010	3.109	3.064	7
locate	3.022	3.053	3.050	4
activated	3.018	2.910	3.150	4
detection	3.075	2.958	3.220	4
stimulated	3.025	3.050	3.100	4
smell	2.887	3.173	3.106	7
deposition	3.055	3.055	3.110	2
surface	3.003	2.971	3.119	9
likewise	3.125	3.125	3.180	2
dirt	2.904	3.066	3.104	5
seed	3.070	2.943	3.113	3
garbage	3.055	3.155	3.160	2
grip	3.033	2.847	3.047	3
carrying	3.050	3.050	3.023	6
reverse	2.980	2.935	3.060	6
gradient	3.040	2.866	3.114	5
localize	3.050	2.850	3.150	2
track	3.062	2.954	3.089	13
webb	3.000	2.900	3.000	2
disturbed	2.803	3.363	2.957	3
compared	2.923	3.014	3.000	19
experiments	2.750	3.150	2.800	4
biomimetic	3.000	2.890	3.000	2
russell	3.000	2.808	3.092	4
psychology	2.934	3.012	2.965	12
synthetic	3.000	2.815	3.125	2
subroutine	3.011	2.856	3.059	7
traces	3.000	2.890	3.107	3
portion	3.000	3.000	3.050	2
schafer	3.075	2.890	2.888	4
seconds	2.906	3.082	3.064	5
managed	2.930	2.997	3.051	10
engage	3.055	2.985	3.110	2
nestmates	3.000	2.930	3.000	2
infiltration	2.967	2.957	3.033	3
attempt	3.021	2.914	3.053	10
coded	3.000	2.900	3.000	2
complex	3.001	2.947	3.097	21
ingram	2.990	2.775	3.010	2
switch	2.972	2.951	3.005	14
younger	2.872	2.862	3.050	4
overall	2.970	2.951	3.141	8
shorter	2.975	3.075	3.025	4
consists	3.000	3.000	3.000	2
encoding	3.000	2.880	3.190	2
default	3.020	3.020	3.270	2
initial	2.914	2.958	3.024	10
sunrise	3.010	3.050	2.950	2
grasp	2.967	3.013	3.163	3
collect	2.967	2.890	3.107	3
halfway	2.922	2.980	3.034	5
mound	2.956	3.025	3.100	11
carry	2.879	3.136	3.143	12
overlap	2.940	3.060	3.160	2
involve	3.070	2.875	3.055	2
implemented	2.968	3.042	3.058	5
partly	2.941	2.862	3.018	8
expectancy	2.940	2.825	3.010	2
expression	3.063	3.013	3.101	11
gene	2.914	2.804	2.931	8
reasonable	3.133	2.933	3.033	3
explore	3.127	2.937	3.018	6
fashion	3.038	2.992	3.114	5
territories	3.064	2.954	3.088	20
wander	3.040	3.050	3.073	3
preference	2.978	2.880	3.076	8
infinitum	3.000	3.050	3.050	2
repeat	2.867	2.983	3.042	6
exploration	3.000	2.800	2.900	2
commonly	2.867	2.867	3.033	3
explored	3.000	2.850	3.050	2
chosen	3.088	3.186	3.288	5
distinct	2.960	3.006	3.036	7
proper	2.801	2.940	2.979	7
dig	3.233	3.000	3.167	3
represent	3.000	2.890	3.064	5
heat	2.917	3.023	2.954	7
conditions	2.890	2.918	3.068	5
smelling	3.000	3.000	3.050	2
degradation	3.067	3.033	3.033	3
inactive	3.000	2.940	3.000	2
accurately	2.900	2.967	3.067	3
digging	3.100	3.200	3.300	2
compare	3.038	2.806	3.014	5
clockwise	3.143	2.897	3.003	3
paper	2.938	2.999	3.059	28
collecting	3.050	2.950	3.240	3
strict	3.000	2.763	2.970	3
discovery	3.162	2.975	3.085	6
searching	3.010	3.075	3.010	2
larger	3.080	3.089	3.102	12
pulse	3.222	3.160	2.962	5
easily	2.937	2.990	3.001	8
remind	3.158	3.170	3.166	5
modeled	3.125	2.945	2.925	4
activation	3.100	2.940	2.950	2
infiltrating	3.045	2.985	3.100	2
simpler	3.006	2.846	3.048	5
insect	2.807	2.950	3.033	3
societies	2.897	2.923	3.067	3
markers	3.097	3.047	3.033	3
accomplished	3.232	3.178	3.308	4
queue	3.000	2.840	3.150	2
steady	3.079	3.010	3.066	10
fraction	3.030	2.920	3.005	4
modeling	2.830	2.875	3.000	2
hypothesized	3.100	3.150	3.145	2
thresholds	3.050	3.150	3.050	2
applications	3.050	2.890	3.050	2
engineers	3.150	2.890	3.050	2
rich	3.006	3.067	3.068	16
practical	3.165	3.055	3.165	2
battlefield	2.950	3.140	3.100	2
demands	2.870	2.893	2.987	6
useful	2.997	3.093	3.063	6
references	2.980	2.814	2.976	5
status	2.987	3.011	3.068	16
passed	2.876	2.991	2.968	19
undetected	3.000	2.900	3.000	2
performing	3.049	2.986	3.079	7
chassis	3.048	2.985	3.115	6
tiny	2.916	3.030	2.971	11
road	3.006	2.999	3.038	53
warrior	3.100	3.100	3.100	2
photoreceptors	3.045	2.865	3.050	2
circular	3.100	2.800	3.200	3
wheel	2.953	2.723	3.080	3
consisting	3.037	2.847	3.187	3
infiltrated	2.730	3.140	3.007	3
filling	2.942	2.941	2.934	8
station	2.999	3.028	3.020	15
depleted	2.638	2.830	2.948	4
refilled	3.037	2.680	2.897	3
entrance	3.110	2.935	3.010	4
powered	3.027	2.900	3.103	4
battery	2.764	2.809	3.084	8
attached	3.020	2.996	3.170	5
skin	2.949	3.082	3.029	15
depend	3.128	3.216	3.284	5
celsius	3.025	2.815	3.118	4
eyes	2.852	3.135	2.932	53
constructed	3.075	2.958	3.025	4
required	2.873	2.881	3.043	8
depressed	2.750	3.100	3.050	2
constantly	2.872	3.020	3.014	5
optical	3.050	3.050	3.210	2
polarized	3.000	3.050	3.100	2
respectively	3.050	2.925	3.050	2
labhart	2.950	2.875	3.110	2
cells	3.250	3.100	3.100	2
sort	3.010	2.967	3.067	23
filters	3.100	2.775	3.010	2
patterns	2.920	2.923	2.964	7
analytical	2.925	2.880	3.065	4
procedure	2.750	2.680	3.000	2
sky	2.915	3.045	2.949	15
achieved	3.138	2.938	3.166	5
suffered	2.800	3.150	2.950	2
safer	2.630	3.210	2.740	5
terrorists	2.489	3.211	3.100	7
choose	3.182	3.004	3.240	10
strike	2.757	3.221	3.029	7
freely	3.024	3.052	3.178	5
strength	2.750	3.250	3.000	2
losing	2.646	3.072	2.746	8
spectacular	3.212	3.088	3.022	5
nuclear	2.756	3.271	2.998	9
bio	2.900	3.300	2.900	2
massive	2.895	3.151	3.066	13
frantic	2.550	3.450	2.950	2
planned	2.936	3.023	3.037	9
door	2.971	3.026	2.982	41
mere	2.910	3.093	2.972	6
casual	2.733	3.067	2.900	3
preventing	2.750	2.975	3.010	2
policies	2.633	3.100	2.900	3
claiming	2.730	3.077	2.947	4
intended	2.890	3.100	2.952	4
scrutiny	2.643	2.957	3.063	3
headed	3.040	3.140	3.140	5
diminish	2.500	2.815	3.085	2
defeat	2.900	3.140	3.120	5
worse	2.484	3.128	2.838	13
dangerous	2.740	3.167	3.068	12
stamp	2.600	3.050	3.000	2
moment	3.031	3.108	3.005	34
climate	2.872	2.991	3.077	9
thereby	2.800	3.100	2.950	2
injure	2.250	3.100	3.100	2
humanity	2.875	3.075	3.025	4
deliberately	2.500	3.100	3.200	2
brute	2.800	3.100	2.950	2
defeated	2.970	3.050	3.335	2
palestine	2.900	3.050	2.850	2
radical	2.770	3.070	3.113	6
india	2.916	3.185	3.093	10
allah	2.433	3.333	3.233	3
muslims	2.800	3.133	3.067	6
mainly	2.977	3.090	3.190	6
cease	2.725	3.110	2.990	2
dispute	2.913	3.070	3.072	6
disaffected	2.810	3.150	3.005	2
domestic	2.907	3.033	2.937	3
northern	2.966	3.046	3.019	14
exception	2.984	3.020	2.958	5
occasional	3.078	2.997	3.023	6
ireland	3.160	3.130	3.066	5
worldwide	2.875	2.893	2.900	4
dramatically	3.060	3.100	3.044	5
active	3.121	3.088	3.115	12
theories	2.934	2.959	3.101	14
erroneous	2.850	2.995	3.320	2
attacked	2.459	3.223	3.037	8
loses	2.800	3.000	2.950	2
islam	2.337	3.275	2.800	4
shame	2.325	3.200	3.075	4
murderers	2.300	3.200	3.000	2
framed	2.980	3.053	3.075	4
eliminate	3.003	2.950	3.152	4
neocons	2.650	3.100	3.350	2
israeli	2.675	3.125	3.114	8
negotiating	2.967	3.000	3.067	3
disaster	2.600	3.203	3.173	4
deny	2.655	3.145	3.320	2
picture	2.901	3.036	3.081	17
blessings	3.865	2.955	2.775	2
hatred	2.550	3.150	2.850	2
loosely	3.000	3.150	3.050	2
confined	2.593	3.167	2.917	3
sole	2.966	3.054	3.103	7
extremist	2.800	3.150	2.900	2
rev	3.140	2.765	3.050	2
org	3.010	2.869	3.042	19
mcginnis	3.140	2.765	3.050	2
loveallpeople	3.140	2.765	3.050	2
civilians	2.430	3.190	2.810	2
moderate	2.955	2.982	3.100	4
spain	2.823	3.230	2.877	3
targets	2.535	3.160	2.910	2
exposition	3.026	2.901	3.037	14
paul	2.976	2.975	3.028	17
transition	3.076	2.987	3.071	10
wilson	2.989	2.919	3.036	11
motivic	3.037	2.837	3.148	6
creates	2.888	2.990	3.066	5
appears	2.933	2.854	3.093	13
element	2.950	2.500	3.050	2
theme	3.019	2.888	3.062	33
harmonic	3.020	2.841	3.000	10
tempo	2.967	2.960	3.027	3
appearances	2.893	3.007	3.017	3
meter	3.043	2.919	3.030	7
ascent	2.900	2.805	2.880	2
tritone	2.975	2.777	3.090	4
measures	2.993	2.848	3.034	32
motives	2.936	2.748	3.208	5
interval	2.940	2.730	3.180	2
iteration	3.000	2.655	2.830	2
contains	3.058	2.849	3.036	12
bart	3.026	2.918	3.044	18
sonata	3.020	2.920	3.040	5
fourth	2.941	2.887	3.027	19
fourths	2.989	2.851	3.000	9
scale	3.039	2.797	3.024	10
motive	3.000	2.863	3.092	17
dominant	3.006	2.904	3.122	17
tonic	3.014	2.913	3.013	7
accompanying	3.190	2.900	3.044	5
horns	2.925	3.050	3.100	4
dissonance	2.990	2.787	3.135	4
melody	2.978	2.710	3.047	4
chords	3.033	2.860	3.000	3
strings	2.990	3.067	3.193	3
occurring	3.033	2.817	2.937	3
metric	3.050	2.675	3.005	2
recapitulation	3.041	2.925	3.103	11
disappears	2.887	3.033	3.110	3
relate	3.150	3.075	3.100	4
themes	3.030	2.915	3.097	6
unheard	3.000	2.950	3.050	2
thematically	3.000	3.000	3.100	2
melodic	3.000	2.900	3.200	2
triad	3.000	2.650	3.100	2
minor	2.917	2.936	3.005	11
departures	3.000	2.950	3.150	2
prolonged	3.000	2.750	3.250	2
tonal	3.002	2.873	3.072	26
bass	3.045	2.899	3.055	10
contain	2.930	3.100	3.050	2
tone	2.929	2.887	3.032	18
anticipated	3.190	3.225	3.110	2
mostly	2.986	2.977	3.020	18
descent	3.004	2.882	3.026	14
chromatic	3.070	3.058	3.105	4
arrival	3.013	2.900	3.018	6
trombone	3.000	2.895	3.180	2
fugato	3.000	2.848	3.138	5
fills	2.975	2.890	2.967	4
pickup	3.297	2.960	3.147	3
intervening	2.967	2.927	2.967	3
intervallic	2.996	2.894	3.120	5
largely	2.964	2.977	3.054	15
passing	3.060	2.960	3.080	5
motion	3.059	2.956	3.026	14
imply	2.876	2.939	3.044	7
structural	3.000	2.942	3.043	9
furthermore	2.959	2.951	3.130	7
functioning	2.950	2.950	3.050	2
transposed	3.000	2.788	3.145	4
pentatonic	3.013	2.759	3.060	8
passage	3.007	3.039	3.078	13
centered	3.000	2.803	3.033	3
occurrence	3.100	3.100	3.150	2
descends	2.650	2.900	2.900	2
fake	2.810	2.962	2.962	5
neighbor	2.875	2.945	3.154	8
upper	3.156	3.039	3.030	8
eventual	3.050	2.950	3.050	2
forge	3.000	3.050	3.100	2
stark	2.847	3.020	3.113	3
contrast	2.961	2.897	3.049	7
formal	3.071	2.983	3.112	13
backwards	2.760	2.920	2.790	3
symmetry	3.000	2.903	3.050	4
instance	3.067	2.687	3.053	6
filled	2.947	2.954	3.013	20
progression	3.072	2.802	3.085	4
hence	3.000	2.900	3.033	3
confirmation	3.000	2.900	3.000	2
receives	2.633	3.133	2.867	3
interior	3.232	3.000	3.085	4
substituting	3.000	2.900	3.000	2
crucial	3.064	3.069	3.165	8
analogous	3.033	2.867	3.000	3
terminology	2.733	3.133	3.200	3
subsections	3.000	2.950	3.050	2
subsection	3.033	2.927	2.933	3
arise	2.943	2.957	3.063	6
modified	2.865	3.025	2.927	4
developmental	3.090	2.920	3.030	2
conventional	3.127	2.980	3.020	3
quartet	2.950	2.735	2.980	2
string	2.975	2.770	2.965	4
fifth	3.099	2.951	3.073	7
movements	3.000	3.006	3.022	10
classical	3.080	2.786	3.020	5
rhythm	3.033	2.826	3.044	7
transformation	3.167	2.950	2.967	3
contour	2.992	2.968	3.192	4
content	3.074	3.125	3.178	11
elements	2.945	2.930	3.160	8
chord	2.974	2.950	3.124	9
establishes	3.273	3.000	3.317	3
moves	3.052	3.050	3.172	9
apparent	3.000	2.675	3.050	2
sections	2.934	2.961	3.043	12
inversion	3.050	2.722	3.135	4
extension	3.028	2.942	3.048	6
identifies	3.000	2.900	3.290	2
rightly	3.000	2.955	3.320	2
insight	2.900	3.000	3.167	3
resultant	3.000	2.750	3.000	2
simplicity	3.037	2.887	3.107	3
calm	2.914	2.826	2.983	7
tonality	3.084	2.992	3.170	5
drawn	2.888	3.150	2.932	6
thematic	3.000	3.037	2.967	3
hide	2.983	2.937	3.070	6
horrible	2.616	3.400	3.010	5
constitutes	2.875	3.018	3.055	4
interpretation	2.950	2.883	3.100	6
allows	3.054	3.000	3.067	12
exact	3.000	2.620	3.110	2
pitch	3.000	2.750	3.103	6
seamlessly	3.100	2.960	3.100	2
blends	3.200	3.000	3.133	3
obscured	3.000	2.610	3.000	2
brings	2.951	2.962	3.083	14
intensifies	2.973	3.120	3.223	3
stranded	2.815	3.000	2.815	2
ftg	3.000	2.875	3.000	2
stg	3.000	2.875	3.000	2
initially	2.860	2.910	2.968	6
resolve	2.800	3.050	3.150	2
triumphantly	3.380	3.250	3.185	2
ascend	3.033	2.700	3.200	3
flare	3.050	2.800	3.000	2
replaced	2.937	3.012	3.055	15
conspicuous	2.650	3.100	2.850	2
inherent	2.783	3.060	3.127	3
figure	2.835	2.963	3.028	19
shift	3.175	3.100	3.075	4
mode	3.033	2.933	3.080	3
harmony	3.050	3.075	3.075	4
composers	3.160	2.975	3.160	2
fits	3.005	3.180	3.060	2
gray	3.174	3.024	3.133	14
compositions	2.950	2.900	3.200	2
structures	3.067	3.000	3.033	3
glancing	2.783	3.150	2.800	3
useless	2.670	3.080	3.000	5
analyzing	3.100	2.885	2.990	2
spectrum	3.125	2.950	3.175	4
unexpected	3.157	3.103	3.052	4
concerto	2.950	2.743	3.120	4
orchestra	3.000	2.774	3.096	5
pinpoint	3.050	2.780	3.080	2
slips	2.800	2.910	2.965	2
realm	2.967	3.000	3.033	3
breaks	3.040	2.860	3.060	5
disputed	2.655	3.125	2.920	2
stand	2.955	2.956	3.022	16
divide	2.950	2.867	2.950	3
graph	3.145	2.730	3.170	2
stemmed	3.045	2.930	3.120	2
compositional	2.950	2.880	2.980	2
admits	2.665	3.080	3.050	4
departure	2.875	2.809	3.081	8
principles	2.800	2.918	2.980	4
draws	3.037	2.940	3.037	3
outlines	3.067	2.967	3.033	3
connotations	2.750	2.950	3.000	2
incarnations	3.083	3.027	3.040	3
exclusively	3.150	3.000	3.150	2
stacked	3.033	2.733	3.067	3
product	3.006	3.000	3.153	8
remove	3.100	3.010	3.190	3
adds	3.290	3.117	3.093	3
derived	2.978	2.973	3.105	4
dominance	2.900	2.900	3.050	2
approached	2.970	3.085	3.078	4
enharmonically	3.050	2.855	3.050	2
usually	3.143	2.949	3.064	10
ascending	2.925	3.000	3.050	4
prevailing	3.000	2.950	3.100	2
descending	3.025	2.975	3.000	4
noting	3.133	2.833	3.100	3
strays	2.750	3.055	2.930	2
examine	3.042	3.018	3.036	5
separated	2.680	3.240	2.920	5
bracketed	3.050	2.900	2.900	2
chains	3.022	2.855	2.950	4
intervals	2.987	2.933	2.967	3
outer	2.980	2.778	2.980	5
colors	3.094	2.964	3.086	20
harmonize	3.110	2.850	3.190	2
colored	3.046	2.814	3.154	5
walls	2.966	2.937	3.043	18
architectural	3.220	3.013	3.242	4
spaces	3.107	2.832	3.143	4
galleries	3.220	2.773	3.117	3
color	2.977	2.945	3.077	66
purge	2.585	2.900	2.910	2
furnishings	3.000	2.890	3.180	2
sensation	3.060	2.950	3.235	2
formulas	3.125	2.765	2.985	2
disposition	3.060	3.015	3.170	2
painted	2.965	2.902	3.035	6
details	3.070	3.027	3.073	7
fashionable	2.937	2.967	2.803	3
bourgeois	3.100	2.850	2.900	2
dress	3.042	2.933	3.100	10
dressed	3.060	2.954	2.976	5
colorlessness	2.933	2.967	3.167	3
attained	3.017	3.133	2.983	3
distinctions	2.805	2.930	2.945	2
stain	3.000	2.860	3.110	2
leisure	3.600	2.850	3.150	2
luxury	3.177	3.066	3.052	9
soiled	3.050	2.967	3.000	3
owner	3.152	3.008	3.128	5
paint	2.890	3.000	3.165	2
coats	3.000	2.905	3.005	2
fresh	3.354	3.170	3.162	15
whoever	2.967	3.037	3.070	3
signs	2.874	3.017	3.060	7
emphasized	3.095	2.810	3.050	2
mechanical	3.110	2.743	2.963	4
pure	2.966	3.004	2.987	9
conquered	3.045	3.315	3.095	2
vulgar	2.730	2.950	3.005	2
distinguishing	2.888	3.000	3.055	4
oneself	3.150	2.900	2.900	2
evolved	3.137	2.903	3.083	3
dawn	2.886	3.248	2.870	5
advent	3.050	2.715	3.225	2
industrialization	3.000	2.815	3.210	2
invention	2.933	2.843	3.050	3
colorful	3.154	3.206	3.186	8
masses	3.300	3.133	3.233	3
bourgeoisie	2.967	2.853	2.947	3
decadence	3.000	3.000	3.067	3
styles	3.000	2.950	3.100	2
tendency	2.950	2.680	2.890	2
survived	2.900	2.840	2.925	4
washing	2.915	3.180	2.960	2
archaic	3.140	3.040	3.095	2
ultimate	3.020	3.058	3.080	6
obsession	2.937	3.050	3.093	3
purity	3.012	2.905	3.252	6
distinction	3.006	2.827	3.127	7
wearing	2.982	2.956	3.040	5
photography	3.232	3.072	3.122	9
newspaper	2.792	3.118	3.098	6
profound	3.165	3.110	3.305	2
literacy	3.315	3.265	3.350	2
printed	3.140	3.077	3.350	3
influencing	3.105	3.225	3.125	2
orderly	3.070	3.020	3.070	2
emerging	3.148	2.960	3.088	5
essentially	3.018	2.955	3.137	6
carriage	3.118	3.114	3.094	5
articulate	3.095	3.185	3.235	2
vegetables	3.172	3.094	3.164	9
language	2.999	2.954	3.061	34
intelligent	3.150	3.193	3.190	3
beings	3.005	3.185	3.050	2
superiority	2.955	3.055	3.188	4
symbol	3.032	3.124	3.004	5
intellect	3.120	3.185	3.125	2
discussed	3.000	2.970	3.050	5
translated	2.867	3.117	2.983	3
gallery	3.120	2.910	3.070	5
enjoyed	3.272	3.027	3.170	4
valued	3.099	2.876	3.122	8
goods	3.090	2.978	3.097	12
advertising	3.110	2.944	3.128	5
allowed	2.941	3.072	3.066	9
kitsch	2.970	2.908	3.081	12
europe	3.020	2.960	3.041	10
western	3.069	2.937	3.066	27
revolution	3.224	3.096	3.132	5
consumers	2.796	3.072	3.112	12
attract	3.085	3.147	3.167	4
bright	3.059	3.071	3.027	7
demand	2.890	3.018	3.004	16
cheap	3.104	3.118	3.067	13
raw	3.100	2.885	3.135	2
profits	2.921	2.952	2.939	9
operates	3.162	2.892	3.052	5
vicarious	2.850	2.700	2.950	2
style	3.209	2.996	3.072	11
except	2.877	3.011	3.033	10
guard	2.800	2.850	2.975	4
imitation	3.000	2.833	3.067	3
print	2.800	3.067	3.033	3
whereas	3.017	3.017	3.100	6
shadows	3.200	3.033	2.933	3
stone	3.016	3.009	3.032	38
peculiar	3.080	2.960	3.020	5
emerald	3.270	2.950	2.966	5
becomes	3.037	3.018	3.055	12
characteristic	3.110	3.060	3.060	2
essence	3.098	2.880	3.072	4
superficial	2.930	2.773	3.097	3
artificial	3.170	2.862	3.095	4
soul	2.967	2.930	3.217	3
beliefs	2.942	3.045	3.069	8
sober	3.200	3.100	3.100	2
tradition	3.128	2.868	3.092	6
appreciation	3.348	3.080	3.226	5
garish	3.050	3.000	2.800	2
hundred	3.112	3.030	3.077	13
rebel	2.993	2.837	2.993	3
generations	3.227	3.117	3.136	9
entered	2.883	2.963	3.033	6
instinct	2.955	3.110	3.123	6
shall	2.880	3.029	3.094	11
flavor	3.047	2.703	3.063	3
spiritual	3.150	2.800	3.050	2
zen	3.033	3.067	3.100	3
ideal	2.995	2.866	3.065	8
ink	2.802	2.900	3.120	5
spirituality	3.055	2.705	3.040	2
depths	3.145	3.145	3.215	2
reduction	2.840	2.952	3.142	6
minimalism	3.047	2.880	3.072	4
knowledge	3.213	3.058	3.203	6
explains	2.956	2.894	3.000	5
elimination	3.050	2.800	3.050	2
fine	3.130	3.038	3.097	25
refined	2.850	3.050	3.150	2
manifests	3.050	3.000	3.150	2
artistic	3.197	3.027	3.100	4
aesthetic	3.100	2.950	3.200	2
external	2.967	3.067	3.000	3
absence	2.763	3.060	2.930	3
blank	2.625	3.075	2.645	4
infinite	2.750	3.100	3.000	2
ideals	2.990	3.000	3.050	2
eliminating	2.893	3.230	3.168	4
modernity	2.997	2.940	3.130	3
secondary	2.900	3.000	2.950	2
sensuous	2.900	2.910	3.045	2
intoxicating	3.080	3.250	3.105	2
fleeting	2.820	2.820	3.165	2
empire	3.000	2.833	3.150	3
cosmetic	2.780	2.960	2.940	5
rests	2.767	2.997	3.263	3
grace	2.905	3.005	3.000	2
deals	2.840	3.183	2.900	3
emotions	2.930	3.237	3.050	4
slide	3.170	3.095	3.070	2
spirit	2.934	2.997	3.035	10
civilization	3.047	3.163	3.180	3
signifies	3.113	2.897	2.947	3
slowly	2.901	3.031	2.925	14
savage	2.987	3.070	3.193	3
consciousness	3.050	3.000	2.900	2
desire	3.054	2.941	3.095	11
lose	2.818	3.019	2.837	13
celebrating	3.215	3.195	2.980	2
transcendence	3.050	2.850	3.050	2
representations	3.000	3.110	3.050	2
cult	3.100	2.850	3.250	2
heavens	2.470	3.253	3.030	3
grey	3.040	2.914	3.107	7
perfection	2.950	2.900	3.100	2
gods	3.177	3.140	3.167	3
brown	2.823	2.953	3.061	7
controlling	2.765	2.715	3.035	2
frames	2.900	3.033	3.000	3
fabric	2.967	2.973	2.960	3
folded	3.007	2.982	3.072	4
proves	2.955	3.005	3.310	2
washed	2.795	2.990	3.115	2
setting	2.998	2.865	3.016	13
assisted	3.100	3.000	3.200	2
mosque	3.033	2.933	3.100	3
coat	3.150	3.000	3.150	2
strategic	2.953	2.995	3.042	4
garment	3.335	3.145	3.150	2
displays	3.125	3.000	3.025	4
vibration	3.050	2.830	3.072	4
delightful	3.540	3.310	3.250	2
ceramic	3.200	2.850	3.107	3
clash	2.833	2.827	3.067	3
intensity	3.000	3.233	2.920	3
legislature	2.737	3.076	2.978	11
counties	2.780	3.095	3.055	4
sonoma	2.962	2.987	3.087	42
napa	2.993	2.887	3.071	18
wine	2.947	2.990	3.081	46
johnlopresti	3.057	2.854	2.911	7
fredric	2.945	2.845	3.000	2
vive	3.045	2.895	3.050	2
oivv	2.845	2.795	2.950	2
noir	3.007	2.849	3.016	12
pinot	2.885	3.005	3.125	2
thinking	2.894	3.047	2.929	13
ava	2.950	2.795	3.045	4
steve	3.089	3.061	3.101	8
coast	3.008	3.018	3.090	24
avas	2.825	3.070	2.987	4
premium	3.183	2.995	3.065	4
distinctive	3.030	3.030	3.220	2
leaders	2.912	2.980	3.054	23
winkler	3.000	2.700	3.000	2
clarified	2.850	2.700	3.050	2
grapes	2.933	2.983	3.067	6
valley	2.913	2.937	3.030	46
russian	2.882	3.125	3.033	31
placing	2.945	2.810	3.050	2
labeling	2.914	2.893	3.103	8
fermentation	2.900	2.700	2.950	2
label	2.815	3.038	3.025	17
sorry	2.423	3.018	2.796	18
forgetting	2.775	2.775	2.950	4
smaller	3.001	2.793	3.096	7
labeled	2.950	2.900	3.050	2
millimeter	3.000	2.950	3.050	2
viticultural	3.100	2.933	3.100	3
recall	2.825	2.902	3.024	8
vintners	2.939	2.962	3.046	11
carries	3.055	3.038	3.105	4
comfort	3.170	2.887	3.070	3
honore	3.055	2.780	3.055	2
prestige	3.004	2.867	3.077	7
wines	3.102	3.038	3.186	21
rutherford	2.860	2.890	3.160	2
promotional	3.070	2.913	3.013	4
describe	2.954	3.000	3.000	7
suggest	2.940	2.882	3.032	5
wineries	3.133	3.013	3.175	6
marketing	3.102	2.877	3.046	9
competitions	3.033	3.033	3.100	3
roughly	3.200	3.100	3.107	3
wins	3.450	3.146	3.134	10
average	3.120	2.900	3.060	5
compelling	3.380	3.220	3.155	2
bottles	3.033	2.867	3.033	3
folks	2.967	3.100	3.033	3
optimistic	3.060	2.998	3.123	4
communications	2.982	2.910	3.109	8
passion	3.117	3.197	2.987	4
disagree	3.010	3.010	3.150	2
delicious	3.240	3.100	3.120	5
evans	2.900	3.000	3.150	2
improving	3.200	3.100	3.150	2
conjunctive	2.800	2.917	3.033	6
concludes	2.900	3.150	3.100	2
responsibilities	3.350	3.100	3.100	2
awards	3.360	3.002	3.152	4
receptive	3.275	2.725	2.960	2
magic	3.242	3.169	3.071	12
bred	2.900	2.785	3.415	2
aim	3.200	3.100	3.300	2
anyway	3.030	2.999	3.241	10
labels	3.076	2.981	3.137	19
boost	3.187	2.900	3.140	6
demonstrably	2.400	3.650	3.000	2
pissed	2.200	3.767	3.333	3
frankly	2.555	3.300	2.830	2
buyers	2.633	3.400	3.033	3
outstanding	3.148	3.016	3.146	17
brand	3.080	3.051	3.073	10
appellation	3.050	2.600	3.050	2
delivering	3.100	3.033	3.033	3
sake	2.911	3.097	3.044	7
california	2.926	2.920	3.024	24
eminent	2.740	3.213	3.130	3
perdiew	3.050	2.950	3.200	2
nick	3.050	2.950	3.200	2
ttb	2.930	2.950	3.120	2
producer	2.827	2.965	3.090	4
legislation	2.888	3.165	3.162	6
educate	2.770	2.930	2.930	2
vineyard	3.175	2.675	3.175	2
grape	2.783	2.883	3.040	3
assembly	2.825	2.950	3.100	4
signature	3.267	3.067	3.100	3
unanimously	2.800	3.050	3.050	2
blog	3.146	3.015	3.047	13
winery	3.102	2.942	3.022	5
governmental	2.905	3.053	3.062	4
backed	2.630	3.150	3.260	3
legislators	2.850	3.110	3.126	5
ashamed	2.923	3.177	3.177	3
branches	2.936	2.876	2.918	10
joke	2.800	3.125	3.060	2
fame	3.075	3.075	3.025	4
ranch	3.066	2.997	3.112	9
viticulture	3.235	3.235	3.110	2
davis	3.165	3.165	3.110	2
suppose	2.942	2.920	3.086	9
revenue	2.927	2.913	2.920	7
names	3.013	2.981	3.098	8
solano	2.850	3.050	2.950	2
neighboring	2.717	3.060	2.940	3
town	2.925	3.059	2.980	49
traditions	3.275	3.075	3.125	4
enclave	3.098	2.975	3.053	4
village	3.025	3.035	3.071	15
heritage	3.143	2.992	3.109	10
ambience	3.100	3.133	3.100	3
admit	2.875	3.122	3.060	4
reasoning	3.050	3.055	3.225	2
convinced	3.020	3.077	3.110	7
flashpoint	3.000	3.095	3.070	2
renewal	3.000	2.955	3.070	2
property	2.894	3.009	3.025	11
designating	2.935	2.935	3.060	2
budget	2.947	2.973	3.053	4
author	2.938	3.003	3.038	15
occurrences	3.050	3.050	3.085	4
produced	2.977	3.080	3.008	9
govt	3.130	3.050	3.220	2
developments	3.453	3.467	3.043	3
urge	3.062	3.151	3.281	8
http	3.017	2.830	3.015	19
spurred	3.050	2.730	3.055	2
www	3.013	2.851	3.027	23
wholesalers	2.750	3.054	3.043	23
specialty	2.980	2.980	3.080	5
wading	3.100	2.900	3.100	2
misrepresentations	3.150	2.930	3.050	2
wholesaler	2.856	3.090	3.068	5
retailers	2.878	3.082	3.051	12
shout	2.950	3.495	3.485	2
judd	3.655	3.550	3.255	2
informed	2.919	3.036	3.185	8
pleasure	3.317	3.270	3.074	12
associations	2.967	3.000	3.067	3
beer	2.605	3.161	3.003	8
resident	2.967	3.133	3.133	3
austin	3.060	3.004	3.062	5
creation	2.722	2.965	3.148	6
online	2.857	2.974	2.984	7
subscription	3.350	3.150	3.275	4
alcohol	2.858	2.973	3.075	33
lobbyists	2.800	2.950	3.050	2
passionate	3.184	3.220	3.042	5
pockets	2.782	3.096	3.008	5
blatant	2.635	3.045	2.815	2
competition	2.788	3.070	2.975	6
kinda	2.560	3.190	2.910	3
crushing	2.693	3.230	2.767	3
crush	2.527	3.357	2.743	3
shops	3.171	3.014	3.085	26
ill	2.967	3.183	3.017	6
texas	2.989	2.947	3.024	9
juice	2.750	3.095	3.005	2
laws	2.908	2.981	3.102	38
sundays	2.500	3.050	2.950	2
enacted	2.650	3.200	3.150	2
clue	2.670	2.997	2.905	4
premise	2.950	3.300	3.000	2
incredible	3.050	3.300	3.027	4
rail	3.073	3.062	3.097	6
balanced	3.080	2.974	3.120	5
forgot	2.800	3.000	2.950	2
compete	3.033	3.067	3.067	3
monopoly	2.933	2.827	2.993	3
shipping	2.986	2.850	3.031	7
concerned	2.868	3.023	3.045	11
producers	2.913	2.979	3.159	10
sales	3.186	3.033	3.141	16
farming	3.034	3.011	3.079	9
experts	2.933	3.113	3.090	15
info	3.334	3.080	3.088	5
disingenuous	2.665	3.040	3.055	2
straight	2.932	3.138	3.123	13
definitely	3.285	3.180	3.035	6
student	3.029	3.077	3.041	7
topics	3.020	2.880	3.140	5
luck	3.110	3.108	2.969	12
topic	3.136	3.111	2.999	8
dissertation	3.105	3.340	3.270	2
drink	2.950	2.956	3.091	20
regulate	2.900	2.900	2.750	2
protectionist	2.893	2.920	3.143	3
interstate	2.927	3.037	3.103	3
discriminate	2.860	2.930	3.110	6
broad	2.800	3.033	2.867	3
wake	2.975	2.975	3.000	4
wishing	2.855	3.010	3.050	2
litigation	2.923	2.930	3.062	4
regulators	2.878	2.940	3.050	5
deregulate	2.855	3.010	3.050	2
brought	3.177	3.128	3.110	21
dismantle	2.850	3.050	2.950	2
spirits	2.950	3.050	3.025	4
principle	2.755	3.055	2.955	2
union	2.828	3.016	3.037	27
critical	3.047	3.225	3.223	11
protection	2.816	3.100	2.994	9
selection	3.047	2.903	3.017	6
conducted	3.066	2.974	3.148	5
poll	2.750	3.250	3.100	2
judges	2.911	2.988	3.088	9
shocked	2.713	3.400	2.970	4
mandate	2.933	2.860	3.070	3
validity	3.165	3.220	3.165	2
protect	3.245	3.200	3.172	25
shippers	2.867	2.817	3.183	3
introduced	2.840	2.775	3.225	2
legislatures	2.975	2.918	3.092	6
stake	2.607	3.207	2.908	9
protected	3.220	3.196	3.136	5
receipt	3.033	2.833	3.200	3
rape	2.567	2.900	3.033	3
protecting	3.063	3.110	3.092	10
oppose	2.924	3.152	3.214	5
brewers	3.053	2.750	3.113	3
faa	2.875	2.750	3.060	2
guidelines	3.000	2.960	3.033	3
amend	2.812	2.980	3.092	5
territorial	3.050	2.922	3.084	5
withstanding	3.000	3.000	3.100	2
burden	2.732	3.033	3.002	4
fell	2.778	3.087	2.973	26
kick	2.877	3.115	3.355	4
dog	2.760	3.096	3.050	18
ribs	2.673	2.990	3.310	3
prohibiting	3.105	3.005	3.005	2
granholm	3.105	3.005	3.005	2
intent	2.902	3.127	2.928	4
prohibition	2.900	3.027	3.083	3
bars	3.100	2.941	3.021	10
discrimination	2.900	3.133	2.967	3
facial	3.100	3.100	3.000	2
codify	3.067	2.933	3.033	3
mislead	2.753	3.253	2.987	3
justifications	2.833	2.913	3.080	3
justification	2.932	2.944	3.040	5
beverages	3.000	2.805	3.050	2
facially	3.000	2.805	3.050	2
favor	3.088	3.027	2.978	6
distribution	2.833	3.047	2.980	3
beverage	2.833	3.047	2.980	3
covered	3.037	2.898	3.042	12
sued	2.835	2.715	3.210	2
commonsense	2.790	2.877	3.073	3
safeguards	2.785	2.765	3.010	2
lawsuits	2.785	2.765	3.010	2
transaction	2.956	2.890	3.004	5
transactions	3.175	2.905	3.100	4
guaranteed	3.060	2.745	3.220	2
amendment	2.840	3.070	3.195	4
constitution	3.032	2.898	3.106	9
affected	2.700	3.000	2.875	4
fix	3.112	3.050	3.250	4
badly	2.820	3.010	3.000	4
argue	2.702	3.155	3.030	4
banning	2.900	2.950	3.000	2
african	3.019	3.108	3.070	9
hubris	2.630	3.130	3.030	2
overturn	3.050	3.200	3.200	2
philosophy	2.995	2.853	2.940	4
wait	2.852	3.100	2.874	17
argued	2.700	3.100	2.925	2
equal	3.027	3.050	3.027	3
precisely	2.800	3.233	3.233	3
featured	2.600	3.225	2.810	2
vegas	3.062	2.977	3.111	59
las	3.063	2.980	3.117	57
reputation	3.080	3.140	3.120	5
oases	3.200	2.960	3.145	2
springs	3.042	2.880	3.042	5
sprawling	3.055	2.890	3.000	2
collections	3.013	2.987	3.033	3
nevada	3.123	3.007	3.095	6
airmen	2.890	2.975	2.810	2
rapid	3.070	2.780	2.855	2
folklore	3.003	3.003	3.097	3
frontier	2.877	2.902	3.025	4
casino	3.120	2.978	3.132	5
operator	3.000	2.740	3.010	2
siegel	3.040	3.014	3.094	5
foothold	3.000	2.940	3.060	2
syndicate	3.000	2.875	3.055	4
flash	2.963	3.112	2.975	8
flamingo	2.922	3.097	3.120	12
flair	2.925	3.000	2.940	2
hollywood	3.108	2.973	3.092	12
financed	2.600	3.073	3.073	4
bosses	2.850	3.070	3.143	4
murdered	2.500	3.150	2.900	2
metropolis	3.160	3.105	3.105	2
mob	3.006	3.118	3.084	10
casinos	3.221	3.098	3.096	12
complimentary	3.000	2.985	3.290	2
entertainment	3.141	2.955	3.157	15
flowing	2.500	3.255	2.870	2
glamorous	3.280	3.140	3.145	2
nightclubs	3.220	3.070	3.050	2
stars	3.034	3.002	2.972	17
sinatra	3.050	3.150	3.000	2
frank	3.050	3.150	3.000	2
suddenly	2.620	3.252	2.958	6
louis	2.870	3.105	3.000	2
archaics	3.125	2.940	3.225	2
thrived	3.000	2.950	3.150	2
landed	2.903	3.170	2.970	3
rat	3.110	3.165	3.055	2
pack	3.207	3.210	3.103	3
dean	3.125	2.875	3.100	4
legendary	3.000	3.000	3.050	2
sands	3.002	2.760	2.975	4
ocean	3.141	3.164	3.119	17
emerged	3.213	3.100	3.080	3
strip	3.012	3.102	3.073	6
tales	2.972	2.985	3.065	13
curious	3.062	2.772	2.922	5
erected	3.100	2.900	3.100	2
partying	3.200	3.050	3.100	2
exclusive	3.204	2.974	3.096	7
inn	2.977	2.817	3.110	3
hotels	3.113	2.960	3.073	16
accommodations	3.160	3.015	3.055	2
legitimacy	2.968	2.928	2.950	6
investments	3.140	3.140	3.160	5
powerful	2.834	3.132	3.144	5
hughes	3.001	3.064	3.064	7
howard	2.735	3.262	3.178	4
indians	3.090	3.090	3.095	2
inhabited	2.842	2.947	2.937	6
anasazi	3.070	2.856	3.074	5
nonetheless	3.067	3.033	3.033	3
dramatic	3.168	3.067	3.120	4
myth	3.018	2.988	3.038	5
promptly	2.900	2.940	2.940	2
bought	2.917	3.031	3.101	7
fired	2.900	3.050	3.050	2
spree	3.180	3.232	3.190	5
airport	2.727	3.002	2.918	9
plots	3.250	3.075	3.175	2
beneficial	3.027	3.183	3.133	3
lasting	3.120	3.103	3.086	9
gaming	3.025	3.150	3.050	4
rampant	3.110	3.160	3.060	2
operations	2.903	3.039	3.065	12
heavy	2.767	3.106	2.926	24
agricultural	3.125	2.940	3.195	2
progressive	2.975	2.790	3.125	2
utilized	3.025	2.890	3.125	2
harvest	2.804	3.060	2.940	5
across	2.952	3.039	3.040	50
competitive	2.972	3.020	3.008	5
operators	3.092	2.945	3.152	4
wynn	3.060	3.000	3.160	5
golden	3.056	3.084	3.065	11
instant	2.898	2.918	2.988	5
mirage	3.263	3.163	3.113	3
demolished	3.023	3.123	3.047	3
properties	3.145	3.145	3.170	2
demolition	2.900	3.100	3.050	2
trend	2.937	2.980	3.133	3
bellagio	3.005	2.920	3.050	2
dunes	2.655	2.870	3.150	2
tables	3.133	3.037	3.150	3
restaurants	3.248	3.070	3.095	24
themed	2.886	3.046	3.022	5
attractions	3.244	3.025	3.096	8
backlash	2.675	3.010	2.890	2
faster	2.744	3.380	2.906	5
visitors	3.166	2.953	3.100	21
shelters	2.962	2.962	3.075	4
boutiques	3.300	2.950	3.000	2
resorts	3.400	3.025	3.150	4
luxurious	3.300	3.033	3.033	3
bay	3.078	2.953	3.083	32
seas	3.340	3.175	3.160	2
catering	3.150	2.950	3.100	2
mythology	3.210	3.215	3.105	2
expectations	3.158	3.080	3.077	6
venue	3.033	3.100	3.133	3
lake	2.994	2.954	3.098	16
facing	2.560	3.154	2.794	7
determined	3.050	2.973	3.125	4
pioneering	3.150	2.950	3.150	2
paiutes	3.037	2.833	3.080	3
hunter	2.550	2.950	2.740	2
inevitably	3.190	3.125	3.125	2
characterizes	3.000	2.835	3.110	2
lifestyle	3.028	2.994	3.214	5
settlers	3.033	3.033	3.180	3
hunting	2.774	3.138	3.012	9
caves	3.150	3.050	2.995	2
shoreline	3.000	2.950	3.045	2
indigenous	2.953	2.914	3.041	41
mormons	3.000	2.790	3.105	2
mexican	3.263	3.113	3.230	3
fed	2.770	3.018	3.015	4
wondering	2.730	3.081	2.733	10
scout	3.073	3.050	3.073	3
spanish	2.962	2.961	3.072	26
fifteen	3.220	3.165	3.270	2
parked	2.900	2.942	3.150	6
explorer	3.202	2.966	3.016	5
fremont	3.000	2.710	3.110	2
horses	3.139	3.070	3.042	10
mormon	2.933	3.167	3.067	3
brigham	3.000	2.900	3.100	2
farmland	3.000	2.950	3.000	2
fifty	3.050	2.950	3.150	2
hewn	2.733	2.877	2.867	3
adobe	3.000	2.765	3.135	2
focal	3.090	3.187	3.115	4
acres	3.064	3.028	3.056	17
landscape	3.100	2.938	3.024	5
centuries	2.854	3.050	2.971	7
missionaries	2.675	3.150	2.850	4
spread	2.850	3.064	3.062	18
valiantly	2.750	3.400	2.950	2
dictates	2.900	3.050	2.950	2
recovery	3.160	3.164	2.984	5
scarce	2.450	3.150	2.700	2
mining	3.175	2.890	3.125	2
traffic	2.975	3.065	3.025	10
gass	3.050	2.996	3.066	5
opportunist	3.150	2.950	3.000	2
pioneer	3.150	2.940	3.160	4
glaciers	2.750	3.125	2.810	2
feeding	3.167	3.000	3.100	3
hectares	3.200	2.962	2.987	4
crops	2.875	3.100	3.125	4
ambition	3.135	3.185	3.045	2
stewart	3.035	3.015	3.052	6
slain	2.590	2.967	3.013	3
farmer	2.675	2.840	3.060	2
helen	3.170	2.997	3.137	3
duties	2.987	2.923	3.073	3
willed	2.625	3.040	3.060	2
wild	2.985	3.153	3.113	17
slow	2.741	3.123	3.008	13
tracks	3.075	2.870	3.075	4
los	3.108	2.940	3.138	5
angeles	3.147	2.867	3.163	3
salt	2.963	2.880	3.074	17
native	2.954	2.917	3.030	22
eager	3.067	3.025	3.100	4
secure	2.928	3.032	3.180	4
railroad	3.190	2.910	3.136	7
san	3.157	2.978	3.090	15
bore	2.910	3.040	2.990	2
held	2.888	3.116	3.031	23
forty	3.013	2.906	2.965	8
blocks	3.057	2.907	3.052	9
streets	2.992	3.149	3.051	17
exists	2.933	3.012	3.171	9
settlement	2.987	2.943	3.187	3
wooden	2.964	2.853	3.044	12
sprang	3.100	3.050	3.150	2
tent	3.038	2.922	3.112	5
ninety	2.966	3.140	3.106	5
dam	3.136	2.880	3.044	5
travelers	3.047	2.995	3.100	4
shop	2.980	2.977	3.019	20
electricity	3.445	3.150	3.220	2
stretches	3.107	2.950	3.107	4
prehistoric	3.170	3.180	3.052	4
halt	3.066	2.916	3.026	5
consolidated	2.945	2.850	2.900	2
outlawed	3.000	3.100	3.135	2
threatened	2.638	3.013	2.858	6
prosperity	3.132	3.063	3.307	6
proximity	2.840	2.840	2.777	3
hoover	2.960	2.800	3.040	3
subsequently	2.850	3.000	2.950	2
influx	3.113	2.857	3.217	3
literally	2.891	3.117	3.049	7
draining	2.997	2.927	3.037	3
wash	3.450	3.035	3.305	2
reservoir	3.300	3.165	3.250	2
tourism	3.066	3.023	3.110	8
attempted	2.828	2.940	2.960	5
attitude	3.047	2.983	3.073	3
heavily	2.863	2.965	2.977	6
males	2.967	2.943	3.011	12
homosexuality	3.001	2.976	3.019	32
pillard	3.000	2.888	3.155	4
strangely	2.940	2.900	3.000	2
bailey	3.000	2.888	3.155	4
homosexual	2.982	3.010	3.021	30
biological	3.045	2.900	3.000	2
twins	3.000	2.895	3.035	4
pairs	2.818	2.965	2.983	6
brothers	2.973	2.970	2.984	7
persons	2.735	3.282	3.085	4
grows	3.213	3.173	3.140	3
heterosexuals	3.000	2.950	2.915	2
homosexuals	2.896	3.070	2.972	9
heterosexual	3.024	2.968	3.007	9
condemned	2.600	3.100	2.800	3
sexuality	2.872	2.951	3.040	8
religion	2.984	2.914	3.070	5
beat	2.717	3.250	2.917	6
marcus	3.061	3.020	3.013	7
plato	2.975	2.975	3.000	4
boyhood	3.022	2.995	2.928	4
dobbens	2.989	2.951	3.062	9
daniel	3.033	2.987	2.987	3
supplement	3.000	3.030	2.980	2
woods	2.968	3.009	3.014	16
realized	2.879	3.084	2.955	16
gay	2.894	3.198	3.043	16
believes	3.175	3.013	3.060	4
upbringing	2.883	2.933	3.127	3
myself	2.965	3.138	3.147	23
accept	3.172	3.043	3.082	12
depends	3.000	2.950	3.050	2
honest	3.047	3.019	2.981	7
caused	2.754	2.952	3.051	9
exposed	2.800	3.025	3.125	4
embedded	2.930	3.030	3.070	2
primitive	3.038	2.975	2.975	4
attraction	3.056	2.922	3.067	11
females	2.967	2.967	2.933	3
sexually	3.210	3.240	2.967	3
remarked	3.000	2.950	3.100	2
girlfriend	2.617	3.203	2.913	7
married	3.266	3.366	3.006	5
fantasized	3.260	3.480	3.050	2
trust	3.039	3.102	3.002	13
race	2.920	3.052	2.884	5
internal	2.800	3.033	2.700	3
instincts	3.000	2.875	3.000	2
birds	3.053	3.143	3.111	15
catch	3.021	3.004	3.038	8
greek	3.050	3.075	3.100	4
lovers	3.285	3.215	3.065	4
genetics	2.967	2.960	3.000	3
disadvantageous	3.000	2.950	3.050	2
traits	2.873	3.053	3.075	4
reproduce	2.635	2.990	2.855	2
definition	2.900	2.800	2.950	2
standpoint	2.950	3.100	3.050	2
died	2.330	3.084	2.819	11
genetic	3.000	2.992	3.150	6
fulkerson	3.050	2.600	2.890	2
apt	3.060	2.920	3.130	4
environmental	2.993	3.006	3.061	12
predisposition	2.950	3.050	3.050	2
homer	3.050	2.977	3.107	3
emond	3.150	2.977	3.107	3
greatly	2.890	2.800	3.410	2
psychiatry	3.040	2.773	3.047	3
apa	3.011	3.029	3.105	10
pride	3.177	3.048	3.011	8
dec	2.978	2.710	2.936	5
iowa	3.050	2.850	2.950	2
dudley	2.810	3.000	2.940	2
isay	3.033	3.000	3.033	3
eric	2.985	2.925	2.910	4
francisco	3.129	2.978	3.084	10
looked	2.931	3.040	2.997	75
repeal	2.847	3.058	3.183	4
kertbeny	2.950	2.850	3.100	2
maria	2.635	2.850	3.175	2
karl	2.900	2.833	2.933	3
latin	2.916	3.096	3.037	7
founder	3.120	2.950	3.068	5
physician	2.995	2.950	3.000	2
hirschfeld	2.970	2.928	2.950	4
researcher	2.968	3.005	3.130	4
scientific	3.029	2.867	3.033	9
literature	2.943	2.998	3.030	13
founding	3.033	3.000	3.000	3
fathers	2.900	3.050	3.000	2
furthered	2.950	3.150	3.050	2
illness	2.986	3.029	3.043	7
cure	3.096	3.111	3.011	7
hormone	3.000	3.200	3.075	4
ulrichs	2.765	3.000	2.950	2
defined	2.910	2.900	3.000	3
urnings	2.915	2.875	3.000	2
defended	2.967	2.843	2.900	3
kingdoms	3.140	3.060	3.010	2
german	2.515	3.310	2.760	2
freud	3.040	3.037	3.143	3
thousand	3.124	3.014	3.082	9
sigmund	2.950	3.000	3.050	2
treated	3.151	3.200	3.117	8
firm	2.916	3.220	3.051	9
classified	3.067	3.033	3.033	3
respectable	3.163	2.843	2.987	3
assuredly	3.100	3.050	3.050	2
ancient	3.057	2.978	3.107	16
qtd	3.000	3.000	3.050	2
regarded	2.550	3.350	2.600	2
hooker	3.073	3.170	3.143	3
breaking	2.724	3.082	2.990	5
sixty	2.956	3.026	3.076	5
experiment	2.882	3.036	3.013	10
profiles	3.000	3.200	3.050	2
insane	3.000	2.713	3.160	3
dates	3.122	3.088	3.100	6
cultures	3.067	2.853	2.933	3
lobbying	2.953	3.000	3.130	3
rosa	3.000	3.040	3.160	2
psychiatrists	3.000	3.100	3.100	2
responses	3.050	2.877	2.967	6
respected	3.050	2.850	3.050	2
professor	2.697	3.218	2.930	4
siblings	2.950	3.100	3.070	2
fraternal	3.000	3.000	3.070	2
dna	2.900	3.000	3.170	2
fertilized	3.060	3.000	3.010	2
identical	3.000	2.927	3.047	3
halves	3.063	2.960	3.003	3
pursue	3.132	3.075	3.138	4
slices	2.950	3.020	2.928	4
sets	3.289	3.145	3.175	11
cool	3.286	3.196	3.130	8
fans	3.032	3.096	3.084	19
fan	2.857	3.212	3.013	9
google	3.189	3.089	3.121	7
tgi	2.948	3.197	3.143	6
woody	3.100	3.150	3.000	2
awesome	3.052	3.300	3.128	5
burgers	2.895	3.420	3.055	2
ate	2.893	3.057	3.023	6
coupons	3.140	3.112	3.223	4
emerges	3.050	3.100	3.200	2
anarchy	2.933	2.933	3.100	6
orange	2.892	3.032	2.970	9
ads	2.845	3.162	3.075	4
brands	2.518	3.195	3.135	4
lately	2.855	2.955	3.045	2
terrific	2.837	3.000	2.967	3
conversations	2.839	3.113	3.016	7
tangible	3.150	3.250	3.100	2
agreement	3.127	3.022	3.115	6
bonus	3.323	3.111	3.147	9
bonuses	2.903	2.923	3.107	3
delight	3.305	2.905	3.140	2
properly	3.143	3.010	2.975	4
sandwich	3.350	3.056	3.134	5
shirt	2.937	3.064	3.006	9
samples	2.785	2.990	2.950	2
rick	3.032	3.007	3.017	6
mar	3.097	2.997	3.033	3
fantastic	2.950	2.950	3.000	2
authentic	3.033	2.900	2.933	3
favorite	3.119	3.029	3.041	14
missing	2.971	3.151	3.025	14
shaq	3.400	3.250	3.200	2
neal	2.718	3.335	3.048	4
outgoing	3.115	3.195	3.095	2
twitter	3.130	3.155	3.152	4
alex	3.040	2.630	3.083	3
rodriguez	3.000	2.820	3.125	2
channels	3.180	3.020	3.133	3
announcement	2.982	3.136	3.134	5
lebron	2.969	3.113	3.059	11
rod	2.925	3.100	3.025	4
teammates	3.027	2.960	3.097	3
disappointment	2.473	2.927	2.890	3
matters	2.952	3.107	3.122	6
championships	3.500	3.200	3.300	2
conferences	2.990	2.890	3.045	2
quitting	2.740	2.940	3.095	2
surround	2.890	2.800	3.060	2
miami	2.902	3.065	3.035	4
chooses	3.050	2.800	2.900	2
update	2.707	3.210	2.917	3
dan	2.945	3.005	3.000	2
nba	2.900	2.950	3.000	2
jul	3.000	3.000	3.000	2
espn	3.000	3.100	3.150	2
manner	3.047	3.023	3.100	3
tonight	2.956	2.991	3.116	11
jumped	3.106	3.349	3.131	7
burning	2.798	2.995	2.903	6
extremely	3.374	3.198	3.100	5
seal	2.885	3.180	2.975	4
crying	2.460	3.180	3.110	2
qualities	3.077	3.147	3.073	3
stupid	2.487	3.185	3.097	6
pain	2.587	3.187	3.040	13
sentimentality	2.850	3.000	3.050	2
error	2.527	2.917	2.993	3
overblown	2.850	3.000	3.050	2
judgement	2.850	3.000	3.050	2
animal	2.938	3.185	3.107	32
cruelty	2.836	3.240	3.164	17
lastname	3.002	2.804	3.086	5
deeply	3.117	3.327	3.092	6
trapping	2.550	3.100	3.100	2
elephants	2.940	3.110	3.050	2
steel	2.766	3.022	3.000	37
ivory	2.353	3.290	3.180	3
traps	2.263	3.097	2.927	3
leghold	2.200	3.350	2.850	2
leg	2.977	3.100	3.133	3
seals	3.048	3.072	3.052	6
ifaw	3.155	2.940	3.070	2
humans	2.887	2.980	3.087	6
sanctuary	3.148	2.982	3.070	6
loss	2.756	3.049	2.958	23
moon	3.141	3.031	3.136	7
bears	2.957	3.091	3.084	7
africa	2.954	3.251	3.194	8
vital	3.049	3.133	3.084	14
concept	3.050	3.113	3.137	6
tigers	3.007	3.198	3.108	6
calves	2.640	3.650	3.175	2
elephant	3.323	3.170	3.200	3
safely	3.190	3.267	3.357	3
lions	3.183	3.200	3.143	3
sanctuaries	3.490	3.432	3.392	6
humane	2.829	3.114	3.120	7
donations	3.192	3.082	3.088	5
wit	3.397	3.057	3.110	3
saving	3.075	3.193	3.045	10
cats	2.770	3.113	2.940	6
whales	3.120	3.277	3.102	6
endangered	3.137	3.248	3.066	12
homeland	2.850	3.050	3.000	2
fred	3.110	2.900	3.110	2
reply	3.060	3.020	2.933	6
striking	3.093	3.070	3.087	6
prominently	3.200	3.050	3.100	2
lion	2.595	3.335	2.800	2
experienced	2.985	3.203	3.092	6
instantly	3.593	3.457	3.150	3
diving	3.520	3.443	3.257	3
dolphin	3.463	3.370	3.163	3
sight	3.078	3.212	3.131	12
cruelly	2.050	3.300	2.750	2
trophy	3.043	3.235	3.002	4
cover	2.944	3.085	3.071	13
preservation	3.048	2.947	3.073	6
dublin	3.145	3.029	3.058	24
artifacts	3.253	3.110	3.070	3
trace	3.267	3.123	3.100	3
ulysses	3.000	2.900	3.050	2
easter	3.000	2.970	3.050	4
recycled	3.223	2.982	3.222	4
buildings	3.041	2.922	3.004	13
sights	3.064	2.958	3.046	5
foot	2.946	3.156	3.047	8
increasingly	2.670	3.160	3.044	5
liffey	3.058	2.922	3.166	5
historically	3.215	2.600	3.125	2
dose	2.967	2.837	3.017	3
sweeping	3.143	3.143	3.013	3
curves	3.100	3.100	2.950	2
wicklow	3.310	3.125	3.055	2
cry	2.477	3.218	2.800	6
intimate	3.075	2.690	3.075	2
tightly	2.854	3.118	3.052	5
packed	3.186	3.074	3.146	5
connell	3.050	2.805	3.050	2
boulevard	2.940	2.795	3.060	2
museums	3.230	3.075	3.130	4
nightlife	3.155	2.897	3.025	4
bar	2.998	3.115	3.051	20
edge	2.977	2.864	3.088	12
temple	3.136	2.996	3.034	28
artists	3.203	3.013	3.102	6
cathedral	2.933	3.033	3.033	3
castle	2.952	2.965	3.123	4
sunshine	3.235	3.000	3.010	4
sudden	3.120	3.000	3.120	2
enjoying	3.487	3.330	3.388	4
literary	2.728	3.090	3.030	8
imagined	2.900	2.900	3.050	2
priest	2.850	3.000	3.050	2
joyce	2.933	3.033	3.033	3
crowded	3.054	3.073	3.094	12
guided	3.250	3.075	3.100	4
rock	2.980	3.054	3.110	25
tour	3.070	3.021	3.064	10
pop	3.027	2.954	2.989	11
haunts	2.750	3.300	3.000	2
dancing	3.147	3.155	3.111	12
revival	3.250	3.250	3.120	2
poetry	3.640	3.530	3.060	2
irish	3.253	3.071	3.043	7
pubs	3.150	3.070	3.030	4
dominated	2.983	2.912	3.005	4
theater	3.170	2.999	3.043	7
tiger	3.265	3.235	3.272	4
celtic	3.440	3.440	3.300	2
multinational	3.203	2.973	3.103	3
hospitality	3.500	3.052	3.095	4
apologized	2.805	2.950	2.900	2
galore	3.390	3.275	3.210	2
cuisine	3.216	3.190	3.084	5
farms	3.190	2.850	3.060	2
tea	3.206	2.833	3.081	9
seattle	3.097	2.907	3.030	3
vienna	3.100	2.850	2.950	2
coffee	3.149	3.019	3.031	7
countryside	3.030	2.844	2.992	5
gardens	3.176	3.024	3.092	12
warm	3.071	3.137	3.124	9
squares	3.130	3.013	3.130	3
breathtaking	3.295	3.120	3.000	2
tara	2.876	3.228	3.134	5
holes	3.030	2.893	2.912	4
elegant	3.200	2.987	3.038	6
dart	2.950	2.700	3.100	2
outlying	3.132	3.054	3.052	5
villages	2.977	2.962	3.005	13
tours	3.184	3.052	3.084	5
universities	3.220	3.110	3.165	2
schools	2.658	3.028	3.046	5
shoulders	3.490	3.370	3.265	2
happily	3.060	3.267	3.077	3
stranger	3.178	3.182	3.078	5
imagination	2.955	2.987	3.062	4
possessed	2.760	3.380	3.020	5
charm	3.435	3.248	3.052	4
hong	3.117	2.971	3.072	148
capitalist	2.945	3.000	3.055	2
kong	3.117	2.971	3.072	148
intact	3.072	2.950	3.152	4
promised	2.962	3.092	3.042	4
beijing	3.107	3.123	3.157	4
window	2.884	3.053	2.983	21
expertise	3.000	2.750	2.900	2
conversation	2.875	3.037	3.093	11
handover	2.967	2.700	3.157	3
usual	3.063	2.417	3.290	3
vibrant	3.433	3.267	3.200	3
flower	2.950	3.150	3.050	4
queen	3.086	2.976	3.014	7
elizabeth	3.100	3.100	3.000	2
flag	2.913	3.188	3.038	8
polite	3.000	2.900	3.100	2
customs	3.050	2.715	2.955	2
pats	3.070	3.030	3.072	4
australian	2.890	3.060	3.190	2
chinese	3.173	2.987	3.108	69
contributed	3.166	2.962	3.182	5
chain	3.038	2.828	3.075	4
sidewalk	3.357	3.125	3.025	4
modest	3.353	2.913	3.027	4
refugees	3.042	3.035	3.100	6
anywhere	3.088	3.169	3.112	10
sitting	3.011	3.087	3.053	9
anger	2.871	3.057	3.100	7
fortune	3.120	2.908	3.096	5
fate	2.963	2.927	2.913	3
tellers	3.125	2.930	3.080	2
feng	2.900	2.933	3.000	3
shui	2.983	2.967	3.067	6
skyscraper	3.190	3.185	3.225	2
mah	3.367	3.000	3.133	3
jong	3.175	3.000	3.150	4
cards	3.247	3.032	3.150	6
intensive	3.100	3.100	3.050	2
ferries	3.113	2.921	3.047	7
macau	3.159	3.003	3.077	46
yachts	3.170	2.975	3.000	2
starts	3.038	3.037	3.120	6
sightseeing	3.257	3.193	3.083	3
freighters	3.330	3.275	3.055	2
junks	3.213	3.093	3.117	6
victoria	3.163	2.990	3.116	11
peak	3.057	3.029	3.027	21
skyscrapers	3.204	3.142	3.082	5
lights	3.020	3.113	3.006	7
soaring	3.053	3.210	3.063	3
ferry	3.108	3.082	3.113	18
mtr	3.073	2.967	3.090	3
shopping	3.157	2.934	3.076	21
peninsula	3.085	2.934	3.123	12
harbor	3.146	3.068	3.075	14
kowloon	3.129	2.950	3.103	20
walled	3.030	2.845	3.105	6
fish	3.101	3.122	3.151	15
ducks	3.000	2.585	3.140	2
suburban	2.833	2.917	3.140	3
mixture	3.000	2.545	3.000	2
lamma	3.117	3.017	3.033	6
lantau	3.151	3.056	3.095	10
islands	3.185	2.990	3.040	11
chau	3.200	3.086	3.103	7
cheung	3.275	3.133	3.095	6
getaways	3.160	3.100	3.160	2
exhilarating	3.395	3.340	3.255	2
ends	2.899	3.083	3.062	10
administrative	3.008	2.895	2.915	4
republic	3.010	2.857	2.993	3
sovereignty	3.013	2.867	2.953	3
urbino	2.975	3.000	3.105	4
midnight	2.885	2.845	3.130	4
communists	2.677	2.947	2.963	3
italy	2.683	2.868	2.996	9
whedon	2.950	3.060	3.000	2
buffy	3.000	3.107	2.967	3
harris	3.143	3.070	3.157	3
depict	3.125	3.250	3.060	2
vampire	2.860	3.264	3.015	26
joss	3.107	3.173	3.117	3
atop	3.250	3.110	3.100	2
bathroom	2.867	2.973	3.033	3
basement	2.950	3.055	3.000	2
ice	2.845	3.043	2.977	24
cream	3.100	3.000	3.050	2
parent	2.767	2.967	3.033	3
coppola	3.300	3.250	3.100	2
truck	2.780	2.881	2.959	7
guessed	3.033	2.767	3.067	3
halls	3.004	2.948	3.092	5
bunker	2.950	2.900	2.950	2
lanes	2.973	2.893	2.800	3
kitchens	3.010	2.990	3.000	2
officially	3.065	2.907	3.062	4
hallway	3.055	2.920	3.025	4
outdoor	3.270	3.197	3.243	7
tall	2.846	3.050	2.969	8
unaccustomed	3.060	3.125	3.125	2
technically	3.000	3.000	3.060	2
feels	3.093	3.075	3.230	6
geography	3.000	2.900	3.000	2
photographers	3.160	3.265	3.185	2
amateur	3.103	3.180	3.098	4
dull	2.407	2.870	2.933	3
vacationing	3.400	2.850	2.850	2
indulge	3.320	3.020	3.110	2
staying	2.803	2.969	3.030	7
cabin	3.108	3.052	3.177	6
corrupt	2.415	3.290	3.210	2
dies	2.257	3.128	2.815	12
empty	2.583	3.094	2.889	11
sleep	2.763	3.101	2.990	15
posted	3.054	2.891	3.032	9
passport	3.250	3.250	2.950	2
happyfeet	3.000	3.000	3.000	2
alzheimer	2.884	3.046	3.056	5
wifi	2.720	3.190	2.765	2
loft	2.720	3.190	2.765	2
poorly	2.725	3.000	2.725	2
via	2.980	2.890	2.954	7
disguised	3.200	3.150	3.200	2
horror	3.100	3.133	3.140	3
beauty	3.202	3.165	3.161	15
demon	3.018	2.965	3.103	4
lurid	3.200	2.840	3.025	2
versions	3.200	3.100	3.100	2
snake	2.964	2.994	2.989	22
examined	2.900	3.060	3.000	2
madame	2.979	2.999	2.983	22
phrasing	3.000	2.860	2.950	2
morals	2.945	2.890	3.055	2
femme	2.991	2.947	2.999	12
lessons	3.000	2.890	3.165	2
fatale	3.009	2.946	2.999	10
janey	2.945	2.890	3.055	2
characters	2.989	3.023	3.076	7
fades	3.130	3.070	2.930	2
writes	3.030	2.917	2.970	4
erotic	3.230	3.090	2.937	4
unrepressed	3.130	3.070	2.930	2
lesson	3.121	2.954	3.083	7
dynasty	3.096	3.010	3.029	7
kaplan	3.000	2.750	3.085	2
pagoda	2.926	3.016	2.964	14
sexy	3.167	3.267	3.133	3
lover	2.887	3.127	3.043	11
trapped	2.888	3.195	2.908	6
minds	2.857	3.050	3.192	4
impossible	2.730	3.085	2.882	12
unconsciously	2.673	3.177	3.060	3
heroine	2.998	2.995	2.945	4
feminist	3.045	2.720	3.007	4
reclaimed	3.204	3.030	3.071	7
protagonist	3.050	3.000	3.000	2
trap	2.550	3.350	2.800	2
lady	3.159	3.172	3.110	9
whalen	3.155	2.855	2.995	2
lai	3.103	2.870	2.963	3
literate	2.835	3.002	2.987	4
legend	3.037	2.953	2.997	6
sympathetic	2.850	2.950	2.900	2
confucian	3.135	3.135	3.135	4
rescuer	3.430	2.810	2.950	2
benefactor	3.430	2.810	2.950	2
flood	2.943	3.053	3.033	6
forbearance	3.395	2.660	3.085	2
virtues	3.297	2.807	3.090	3
ibid	3.300	3.000	3.150	2
pre	2.973	3.099	2.986	7
oxford	3.000	2.650	3.035	2
earliest	3.000	2.800	3.050	2
cgi	3.000	2.800	2.950	2
lures	2.655	3.585	2.650	2
attractive	2.979	3.110	3.041	8
ethereal	3.395	3.270	3.125	2
serpant	3.072	2.865	3.060	4
agitated	2.705	3.645	2.935	2
shake	3.088	3.302	2.970	5
lust	3.213	3.108	3.107	9
toyoo	3.045	3.245	3.050	2
akinari	3.000	2.750	3.115	2
supernatural	2.970	2.923	3.107	3
ueda	3.000	2.750	3.115	2
ugetsu	2.900	2.800	3.043	3
monogatari	2.900	2.800	3.043	3
moonlight	3.080	2.916	2.970	5
demonstrate	3.110	2.910	3.083	3
aspects	3.050	2.800	3.065	2
eternal	2.859	2.970	2.862	9
quintessential	3.000	2.800	3.150	3
prisoner	2.829	2.954	2.833	8
enduring	2.967	2.727	3.043	3
evolution	3.087	2.920	3.003	3
concentrate	2.977	3.037	2.873	3
distracted	2.800	3.000	2.700	2
lau	3.000	2.933	3.067	3
zui	3.000	2.933	3.067	3
joseph	3.000	2.860	3.036	5
variations	3.000	2.933	3.067	3
trans	3.000	2.933	3.067	3
zheng	2.955	2.932	3.050	23
suggesting	2.840	3.007	3.007	3
stereotype	2.950	2.885	2.890	2
christine	3.000	2.585	2.975	2
characterisation	2.950	2.885	2.890	2
hero	3.333	3.278	3.130	6
gledhill	3.000	2.585	2.975	2
fractured	2.967	2.757	2.927	3
contemporary	3.040	2.880	3.104	5
klute	3.000	2.650	3.035	2
narratives	3.060	3.060	3.040	2
loyal	2.975	3.025	3.000	4
fatal	2.643	3.043	3.033	3
monk	2.970	2.873	2.967	3
buddhist	3.076	2.932	2.984	11
weak	2.660	2.965	2.855	4
informs	2.850	3.000	3.000	2
tempted	2.700	3.100	3.000	2
courage	2.840	2.940	2.900	5
owing	2.650	2.950	2.900	2
temporary	2.929	2.891	3.007	11
victim	2.640	3.007	2.893	3
moments	2.982	3.038	2.976	10
loyalty	3.100	3.100	3.000	3
admire	3.530	3.055	3.190	2
patience	2.933	3.033	2.900	3
searched	4.040	3.410	3.350	2
acknowledge	3.150	3.005	3.130	4
pleads	2.750	3.300	2.800	2
bond	3.367	3.370	3.058	6
eastern	3.274	3.118	2.958	5
morality	2.750	3.050	3.100	2
sinks	2.474	3.100	2.934	5
tsu	2.950	2.950	3.050	2
traditionally	2.840	2.933	3.157	3
jewel	2.950	2.950	3.050	2
shih	2.950	2.950	3.050	2
jew	2.950	2.950	3.050	2
niang	2.950	2.950	3.050	2
ghost	2.718	2.928	2.953	6
taoist	3.067	3.013	2.992	6
newest	3.183	3.037	3.280	3
behalf	3.570	3.350	3.265	2
obligation	3.110	3.032	3.258	4
conservation	3.210	3.059	3.179	27
invitation	3.670	3.377	3.323	3
publications	3.220	3.075	3.192	6
ranger	3.000	3.000	3.050	2
backyard	3.074	3.054	3.052	5
publish	3.122	3.198	3.168	5
distributing	3.210	3.285	3.335	2
wrapping	3.522	3.272	3.177	4
pleasantly	3.367	3.133	2.907	3
tags	3.410	3.117	3.087	4
delighted	3.870	3.623	3.097	3
educating	3.135	3.072	3.130	4
millions	3.177	3.157	3.208	6
earth	2.886	3.129	3.017	25
conserve	3.146	2.980	3.152	5
inspire	2.670	2.980	2.780	2
sustainable	2.880	2.853	3.020	3
peaceful	3.283	3.117	3.015	4
nwf	3.349	3.115	3.267	8
satisfaction	3.545	3.377	3.272	6
besides	3.233	3.133	3.200	6
affecting	3.300	3.250	3.200	2
insightful	3.275	3.260	3.160	2
tote	3.280	2.975	3.087	4
bag	3.015	3.020	2.980	6
bags	3.175	2.990	3.245	2
cotton	3.050	2.855	2.955	2
handy	3.293	3.207	3.167	3
everglades	3.350	3.000	3.300	2
magnificent	3.413	3.080	3.247	3
gentle	3.140	2.980	3.120	5
idaho	3.180	3.165	3.505	2
reintroducing	3.110	3.225	3.280	2
wolf	2.827	3.136	3.099	22
yellowstone	3.070	3.060	3.345	2
expanding	3.032	3.040	3.115	6
wolves	2.795	3.151	3.098	23
victories	3.370	3.193	3.463	3
appreciatively	3.200	2.850	3.000	2
treasures	3.417	3.293	3.107	3
reminders	3.500	3.440	3.245	2
survival	2.886	3.174	3.122	9
ochoa	3.209	2.897	3.120	8
homers	3.127	3.033	2.947	3
angels	3.047	2.946	3.081	14
rbi	3.127	3.033	2.947	3
reds	3.015	3.100	3.030	2
outfield	2.900	3.050	3.100	2
depth	3.068	2.967	3.187	6
hitter	3.100	2.940	3.050	2
plays	2.966	3.051	3.015	8
defender	3.250	3.200	3.200	2
bench	3.050	2.950	3.250	2
bat	3.000	2.850	3.100	2
realistic	2.950	3.170	2.980	2
outfielders	3.170	3.380	3.330	2
ours	3.140	3.038	3.097	6
anaheim	3.110	2.475	3.100	2
reserve	3.067	2.790	3.063	3
shattering	2.900	3.160	3.060	4
salmon	2.733	3.130	2.897	3
molina	3.130	3.063	3.100	3
catcher	3.180	3.033	3.113	3
jose	3.084	2.968	3.141	8
fabregas	3.124	3.126	3.190	5
milwaukee	3.310	2.675	3.050	2
calif	3.205	2.913	3.075	4
bengie	3.068	2.984	3.086	5
roster	3.210	3.210	3.165	2
mine	3.010	3.005	3.117	13
jorge	2.927	2.737	3.007	3
excited	3.323	3.683	3.148	4
steal	2.762	3.087	2.903	6
catching	3.386	3.224	3.218	5
pennant	2.945	3.070	3.010	2
backup	3.170	3.000	3.120	2
berezhnaya	2.850	3.250	2.750	2
pelletier	2.740	3.145	2.745	2
medal	2.845	3.130	2.805	4
sikharulidze	2.900	3.167	2.977	3
judging	2.725	3.275	2.875	4
declined	2.688	2.898	2.915	6
olympic	3.160	3.260	3.180	5
french	2.984	3.027	3.066	24
dancers	2.794	3.087	2.957	7
peizerat	3.100	2.850	3.000	2
anissina	3.129	3.042	3.101	12
skating	2.780	3.043	3.054	10
tainted	2.218	3.237	2.867	4
casts	2.825	3.000	3.010	2
commit	2.567	2.900	3.033	3
wire	2.900	2.977	3.100	3
tokhtakhounov	2.951	3.038	3.110	23
faces	2.734	3.076	2.953	8
extradition	2.940	2.660	2.940	2
wiretaps	2.963	3.073	3.060	3
fbi	3.000	2.942	3.040	5
conspirators	2.950	2.950	3.005	2
france	2.894	3.062	3.054	9
recorded	3.040	3.107	3.187	3
assured	2.962	3.075	3.075	8
daughter	2.500	3.265	3.050	2
gougne	2.837	2.895	2.973	4
gailhaguet	2.841	2.964	2.972	9
olympics	2.697	3.030	3.000	4
isu	2.850	2.900	2.995	2
wider	2.900	2.950	3.000	2
accused	2.638	2.928	2.966	5
comey	3.033	2.857	2.997	3
conspirator	2.850	2.950	3.110	2
legwork	2.850	2.950	3.110	2
vindicates	3.000	3.200	3.195	2
singled	2.743	3.193	3.057	3
eurasian	2.950	2.900	2.950	2
ethnic	3.053	2.925	3.070	6
soviet	2.847	2.937	2.940	3
arms	2.895	3.215	2.970	27
plot	2.625	3.071	3.037	11
collapse	2.404	3.138	2.878	5
smuggling	2.660	2.885	2.880	4
dei	3.000	2.900	3.050	2
milan	3.200	2.950	3.150	2
forte	3.000	2.967	3.133	3
rome	3.183	2.917	3.150	3
marmi	3.000	2.900	3.050	2
paris	2.979	3.026	3.017	7
affidavit	2.810	2.900	3.075	2
identities	3.150	2.900	3.100	2
descriptions	3.050	2.900	2.950	2
visa	2.940	2.860	2.920	5
expire	3.084	2.962	3.106	5
feb	3.233	3.200	3.200	3
sought	2.905	2.875	2.962	4
mobster	2.940	3.040	3.118	6
victory	3.179	3.112	3.197	12
spoke	2.947	3.169	3.023	11
suggested	3.051	2.911	3.103	7
referring	3.000	3.000	3.100	2
favorites	3.333	3.133	3.033	3
votes	2.928	2.920	3.030	4
lining	2.940	2.940	2.980	5
champion	3.367	3.200	3.167	3
assure	3.650	3.600	3.450	2
calling	2.957	2.939	3.191	16
scare	2.580	3.218	2.918	5
puts	2.615	3.090	3.125	4
competitors	2.925	3.050	2.925	4
lloyd	3.050	3.150	3.150	2
semiconductor	3.100	3.023	3.042	6
spending	2.852	2.935	2.973	6
phones	2.933	3.267	3.200	3
computers	3.155	3.200	3.205	2
ibm	3.050	3.085	3.144	11
chip	3.092	3.074	3.102	5
segments	3.025	3.053	3.092	6
opens	3.144	3.114	3.078	5
labs	3.000	3.060	3.270	2
lab	3.460	3.416	3.400	5
fab	3.000	2.900	3.050	2
generate	2.755	2.907	2.938	4
contractors	3.150	2.900	2.950	2
samuel	3.100	2.900	3.050	2
slump	2.947	2.990	3.027	3
manufacturing	2.968	2.993	3.132	6
costly	2.692	3.062	2.938	4
earnings	2.895	3.054	3.138	17
fishkill	2.890	3.147	3.110	3
sophisticated	3.050	3.050	2.950	2
chips	3.067	2.960	3.013	6
suit	2.992	3.141	3.105	13
diversity	2.935	3.017	3.018	6
doherty	3.220	3.010	3.160	2
overhead	3.225	2.960	3.125	4
wafers	3.050	2.900	3.000	2
sheathed	2.955	2.850	3.090	2
automatically	3.105	2.710	3.190	2
drop	2.765	3.072	3.113	15
etched	2.953	2.763	2.873	3
hair	2.913	2.956	2.953	21
efficiency	3.300	3.075	3.300	4
tune	3.433	3.233	3.200	3
uniforms	3.093	2.843	3.037	3
translucent	3.105	3.010	3.055	2
nets	2.700	3.277	2.990	3
shoe	2.905	3.010	2.905	2
bakery	2.725	2.930	2.990	2
donuts	2.800	3.133	2.867	3
apiece	3.270	2.835	3.050	2
makers	3.050	3.050	2.940	2
crazy	2.694	3.244	2.986	5
johnson	3.220	2.963	3.172	6
vanderbilt	3.110	2.890	3.165	2
destiny	3.060	2.845	2.960	2
cancel	2.650	2.900	3.100	2
duty	3.035	2.904	3.029	14
losses	2.972	2.886	3.116	5
weight	2.940	2.980	3.124	5
football	2.876	3.074	2.990	5
reminded	2.914	3.076	3.028	5
alabama	3.020	3.330	3.163	3
crimson	2.930	3.395	3.195	2
tight	2.778	3.200	3.168	5
motivational	3.150	3.200	3.125	2
birmingham	3.100	3.045	3.105	2
bottom	2.794	3.058	2.924	5
quarterback	3.000	2.920	2.937	3
mirror	2.950	3.100	3.250	2
manning	3.145	2.973	3.122	4
tennessee	3.067	2.933	3.067	3
peyton	3.055	3.025	3.105	4
eli	3.050	3.000	3.100	2
cutcliffe	3.000	2.953	2.970	3
weighs	2.967	3.067	3.067	3
closer	2.897	3.130	3.080	3
pounds	2.827	3.065	2.992	4
grossman	3.005	2.845	3.220	2
heisman	3.067	3.135	3.200	4
runner	3.175	3.210	3.050	2
sophomore	3.050	3.150	3.175	2
embarrassing	2.493	3.050	2.750	3
billboards	2.770	2.995	2.955	2
hurricane	2.899	3.081	2.973	7
daunting	2.880	3.210	2.995	2
gators	2.967	3.300	3.167	3
ron	2.745	2.960	2.995	2
exasperation	2.375	3.250	2.755	2
zook	2.340	3.325	2.990	2
feet	2.862	3.060	3.011	23
karen	3.000	2.775	3.095	2
playwright	3.120	2.875	3.205	4
comedian	2.900	3.050	3.400	2
stopped	2.816	3.112	3.043	18
autographs	3.300	3.200	3.100	2
nice	3.472	3.113	3.181	17
farmers	3.074	2.987	3.110	7
pale	2.961	3.049	2.962	12
select	3.066	3.016	3.122	5
yellow	2.778	2.961	2.881	10
ripens	2.850	2.960	2.960	2
sour	2.793	3.050	2.907	3
mild	2.928	3.050	3.028	4
bitter	3.006	3.032	2.940	10
vietnamese	3.050	2.950	3.000	2
indian	2.913	2.916	2.950	8
melons	3.000	2.900	3.000	2
sliced	3.067	2.813	2.933	3
flesh	2.890	2.955	2.857	6
fruits	3.120	2.970	3.095	2
chronicle	3.070	3.020	3.245	2
herbs	3.155	2.973	3.065	6
editors	2.898	2.907	2.995	6
blanched	2.715	3.000	2.640	2
tame	2.980	3.050	3.170	2
melon	3.052	3.020	3.040	5
pork	3.050	2.830	3.120	2
sauce	3.143	2.817	3.000	3
vietnam	3.157	2.955	3.050	4
meat	2.927	3.041	3.064	9
stuffed	2.850	3.000	3.100	2
garlic	3.200	3.033	3.067	3
fried	3.100	2.820	3.000	2
vegetable	2.800	3.050	3.150	2
spencer	3.200	3.100	3.133	3
intriguing	3.150	3.000	3.000	2
rice	2.958	2.857	3.016	11
thick	2.737	3.031	2.989	7
toads	2.900	2.950	3.000	2
climbing	2.930	2.995	2.978	4
vines	3.100	2.950	3.150	2
taste	3.175	3.141	3.158	13
americas	2.650	3.125	2.775	2
natives	2.820	2.987	3.062	4
cultivated	3.150	2.925	3.125	2
boast	2.900	2.860	3.050	3
crop	2.800	3.000	3.100	3
copia	3.113	2.777	3.047	3
birthday	3.139	3.037	3.098	12
aug	3.140	3.195	3.088	4
rolled	3.030	3.145	2.932	6
pastry	3.055	2.905	2.985	2
laid	3.000	3.048	3.012	5
chef	2.965	2.868	2.948	6
routine	3.010	3.190	3.157	3
hersh	3.133	3.080	2.953	3
julia	3.258	3.028	3.122	12
grande	3.265	2.895	3.155	2
celebrates	3.300	3.233	3.100	3
retirement	3.014	2.952	3.039	10
purchased	2.905	2.960	3.055	2
thinks	2.722	3.142	3.116	5
cord	3.063	3.177	3.147	3
cleared	3.070	3.140	3.033	3
pantry	3.000	2.650	3.100	2
installed	3.150	2.800	3.250	2
ship	2.965	3.063	3.049	57
kitchen	3.062	2.958	3.020	12
santa	2.400	3.200	2.850	2
curtailed	2.850	3.050	3.000	2
sorts	3.185	3.180	3.130	4
icon	3.300	3.150	3.000	2
reinstalled	3.000	2.835	3.220	2
contents	3.150	3.170	3.195	2
preserving	3.207	3.119	3.090	7
recalls	3.050	3.150	3.000	2
drawer	3.150	3.050	3.050	2
toothpicks	3.055	3.050	3.150	2
exhibit	3.050	3.100	3.100	2
debut	3.167	3.167	3.067	3
herself	3.059	3.231	3.096	7
odd	2.870	2.942	2.998	8
memoir	3.033	3.067	3.100	3
boat	2.959	3.049	2.986	7
culinary	3.120	3.133	3.138	4
undoubtedly	2.950	3.225	3.100	4
sri	2.440	3.310	2.847	3
lanka	2.440	3.310	2.847	3
lunch	3.116	3.084	3.100	5
spark	3.150	2.907	3.033	3
mastering	3.200	3.050	3.100	2
lit	3.003	3.120	3.170	4
cook	3.000	2.984	3.020	5
approaching	3.250	2.940	3.210	2
chefs	2.976	2.938	3.087	14
dinners	3.330	3.000	3.147	3
celebrate	3.423	3.210	3.087	3
gras	3.037	2.990	3.037	3
jeanminette	3.055	2.885	2.955	2
vichyssoise	3.445	3.170	3.220	2
cooks	3.155	2.945	2.945	2
caviar	3.220	2.945	3.000	2
dollop	3.083	2.963	2.967	3
corn	3.147	2.963	3.000	3
mousse	3.200	3.200	2.950	2
marjolaine	3.200	3.200	2.950	2
pecan	3.200	3.200	2.950	2
layer	3.200	3.200	2.950	2
nicoise	3.100	3.000	2.900	2
chocolate	3.178	3.297	3.280	4
menu	2.980	2.680	3.080	5
duck	3.030	3.020	2.980	4
sweet	3.284	3.152	3.102	12
naturally	3.060	2.875	3.000	2
breast	3.364	3.194	3.160	7
cocoa	3.317	3.025	3.075	4
wisdom	2.875	3.050	3.190	2
trends	3.150	2.952	3.036	5
politically	2.840	2.750	3.073	3
organic	3.000	2.950	3.050	4
cholesterol	2.767	2.900	2.900	3
achieving	3.172	3.035	3.150	4
eat	3.028	2.975	2.971	8
amounts	2.625	3.083	2.905	4
waters	2.984	2.994	3.072	5
denise	3.200	3.100	3.000	2
ford	2.975	3.375	3.285	2
francis	3.400	3.300	3.100	2
venues	3.130	2.657	3.033	3
nightclub	3.267	2.933	3.000	3
harry	2.903	2.987	3.000	3
butter	3.125	3.150	3.075	4
fingers	2.986	3.112	3.087	22
pretending	2.763	3.103	3.000	3
bleeding	2.795	3.205	3.050	2
clay	2.945	2.905	3.050	2
winner	3.164	3.040	2.990	5
boycott	2.885	3.035	3.223	4
seabass	2.802	2.976	3.094	17
chilean	2.834	2.975	3.113	16
portland	3.000	2.450	3.050	2
ore	3.033	2.667	3.067	3
refuse	2.860	3.167	3.345	6
seafood	3.125	3.069	3.085	15
limits	2.967	3.033	2.967	3
popularity	2.965	2.897	3.002	6
fishing	3.135	2.989	3.086	11
pirate	3.130	3.078	3.048	4
potentially	2.673	3.067	3.087	3
marine	3.012	3.108	3.123	23
fisheries	2.784	3.000	3.019	12
tons	2.610	3.205	3.022	4
antarctic	2.550	3.000	3.150	2
estimates	2.975	3.095	3.220	4
illegally	2.220	3.210	2.895	2
sustainability	3.050	2.850	3.155	2
pulled	2.952	3.151	2.987	20
roughy	2.750	3.050	2.950	2
swordfish	2.800	2.967	2.933	3
marlin	2.750	3.050	2.950	2
discontinued	2.867	3.000	3.033	3
stores	3.137	2.975	3.118	17
shark	3.000	3.000	3.060	2
foods	2.925	2.890	3.100	2
consuming	3.133	2.950	3.233	3
agriculture	2.957	3.156	3.086	7
catches	2.950	3.050	3.000	2
surge	2.847	3.070	3.027	3
scientists	3.009	3.095	3.101	8
ecosystems	3.160	3.300	3.145	2
lassen	2.785	2.930	3.120	2
oceans	2.934	3.110	3.181	8
biology	3.100	2.967	3.107	3
complicated	2.720	2.963	3.065	6
environmentalists	2.505	2.985	2.905	2
coastal	2.817	3.137	2.973	3
sacrifice	2.505	2.985	2.905	2
activists	2.673	3.160	3.133	3
lists	2.850	2.902	3.027	4
seafoods	3.125	3.060	3.240	2
packard	3.125	2.875	3.100	4
leape	3.000	2.850	3.150	2
grants	3.350	3.100	3.150	2
reserves	3.057	2.841	3.029	7
threats	2.850	3.178	2.955	4
overfishing	2.825	2.820	3.125	4
resource	2.900	2.933	3.100	3
aquarium	2.701	2.887	2.996	7
monterey	2.875	3.200	3.210	2
damage	2.540	3.098	2.920	5
wallet	2.835	2.900	2.945	2
prepared	2.931	2.954	3.027	10
arrive	3.058	3.150	3.103	4
norm	2.835	2.915	3.085	2
worry	2.763	3.080	2.993	7
rapidly	2.335	3.135	2.975	2
routinely	2.850	3.000	3.000	2
ripert	2.730	2.865	2.885	2
star	3.061	3.064	3.056	20
bernardin	2.850	2.850	2.750	2
disappearing	2.375	3.220	2.890	2
michelle	2.850	2.750	3.050	2
oregonian	3.000	2.325	2.990	2
driven	3.250	3.050	3.000	2
listen	2.733	3.224	3.143	10
prescribers	2.667	3.183	3.050	3
nonmedically	2.500	3.275	3.075	2
davison	2.943	3.110	3.157	3
gerald	2.950	3.075	3.175	2
privileges	2.860	3.014	3.107	7
prescription	2.860	3.014	3.107	7
anxious	2.685	3.000	3.185	2
lobby	3.232	3.085	3.303	4
rxp	2.867	3.025	3.075	6
psychotropic	3.050	2.900	3.050	2
prescribe	3.050	2.900	3.050	2
patients	3.215	2.990	3.033	6
classroom	3.050	2.800	2.850	2
pharmacology	3.100	2.900	3.100	2
nurse	3.215	3.215	3.000	2
clinical	3.097	3.007	3.083	3
opponents	2.667	3.058	2.950	6
efficacy	2.976	2.953	3.052	13
medications	3.050	2.875	3.100	2
profession	3.000	2.940	3.000	2
notion	3.000	2.740	2.900	2
mood	2.983	3.070	3.108	6
prove	2.994	3.262	3.172	8
interventions	3.273	3.257	3.207	3
convert	2.950	2.800	2.950	2
abandon	3.063	2.913	3.063	3
timing	3.167	2.967	3.067	3
hawaii	2.950	2.950	3.000	2
chairs	2.985	2.938	2.982	4
practicing	3.058	3.008	3.064	5
lilienfeld	3.145	3.010	3.125	2
sscp	2.945	3.170	3.050	2
prescriptive	3.050	2.950	3.000	2
seep	2.700	3.100	3.000	2
inadequate	2.890	2.885	3.290	2
gotten	2.975	2.825	3.000	4
minority	2.833	2.767	3.000	3
groundswell	2.850	2.750	2.950	2
vocal	2.850	2.750	2.950	2
stanford	2.875	2.960	3.110	4
features	3.155	2.967	2.981	11
considers	3.000	2.700	3.050	2
bomb	2.688	3.159	2.998	20
bloodthirsty	2.810	2.995	3.095	2
casualties	2.565	3.050	3.000	2
tinian	3.012	2.847	2.917	9
seabees	3.067	3.033	3.033	3
enormous	3.249	3.086	3.043	7
karnes	2.957	2.959	2.999	32
organize	3.060	3.002	3.170	4
silverplate	3.067	2.893	2.967	3
statesman	2.950	2.950	3.000	2
composite	3.057	2.925	3.142	6
atomic	2.864	2.992	3.120	5
tibbets	2.961	2.985	3.038	25
hiroshima	2.749	3.091	2.956	8
commander	3.223	2.987	3.147	3
col	3.225	3.040	3.285	2
reveal	3.056	3.045	3.010	8
engineering	3.110	2.930	3.125	2
adjutant	2.950	2.880	3.170	2
servicemen	3.150	2.930	3.170	2
orders	2.916	3.114	3.030	5
paperwork	2.500	2.800	3.050	2
hated	2.517	2.983	2.840	3
breeze	3.114	2.872	3.008	5
bombs	2.510	3.240	2.976	7
nagasaki	2.485	3.090	2.790	2
surrendered	2.970	3.190	3.005	2
dialing	3.033	2.870	2.980	3
secrecy	2.927	2.880	2.880	3
combat	2.916	3.076	2.936	5
tale	2.760	3.148	3.210	5
elite	2.760	3.360	3.127	3
staging	2.495	3.030	2.745	2
aide	2.900	2.853	2.865	4
bombings	2.514	3.153	2.987	7
ear	2.853	3.197	3.009	7
wood	2.980	3.069	2.973	8
hut	3.033	3.033	3.000	3
sat	3.014	2.946	3.022	16
border	2.840	2.964	3.033	10
walked	2.928	2.970	2.954	25
wendover	3.025	2.967	3.068	6
utah	2.583	3.200	2.717	3
bomber	2.950	3.000	2.950	2
plane	2.532	3.027	2.930	9
landing	3.386	3.170	3.126	5
captain	2.988	3.119	3.118	21
crews	2.920	2.933	2.933	3
isolation	3.100	3.067	3.067	3
admired	2.850	3.400	2.900	2
fly	2.803	2.975	2.875	6
wrangle	2.845	2.735	2.955	2
decorated	3.038	2.940	3.005	4
lucky	3.100	3.164	3.086	7
appointed	2.995	2.860	3.145	2
secrets	2.886	3.157	3.017	7
metal	3.000	2.900	2.950	2
desk	2.824	3.029	2.913	11
spy	2.888	2.952	2.988	6
finance	2.972	2.920	3.008	6
atom	2.765	3.050	3.110	2
flight	3.002	3.070	2.946	9
bases	3.025	2.930	3.170	4
flew	2.800	3.072	2.822	4
transport	2.917	2.845	3.110	4
cape	3.055	2.987	3.044	10
navy	3.150	3.250	3.150	2
captured	3.150	3.000	3.117	6
mess	2.637	3.111	3.071	8
bunk	3.200	3.100	3.200	2
chuck	2.950	2.800	3.150	2
beach	3.120	3.062	3.079	8
happening	2.977	2.998	3.107	4
tropical	3.017	3.082	3.003	6
stood	2.931	3.116	3.060	27
enola	2.855	3.095	2.853	4
weather	2.896	2.978	3.030	5
radiation	2.830	3.100	2.950	2
fire	2.441	3.173	2.940	23
aircraft	2.507	3.370	3.070	3
braced	2.890	3.535	2.865	2
uranium	2.700	3.175	2.850	4
plug	2.918	2.892	3.012	5
pound	2.650	3.300	2.950	2
glasses	2.925	2.892	3.000	4
climbed	2.700	3.075	2.800	4
bending	2.950	2.850	2.800	2
commanding	3.172	2.965	3.195	4
teeth	3.053	3.167	2.870	3
tasted	3.200	3.400	3.150	2
shock	2.699	3.423	2.986	7
purple	2.650	3.250	2.700	2
cloud	2.723	3.212	2.870	4
shocking	2.400	3.150	2.850	2
tar	2.440	3.350	3.215	2
bubbling	2.695	2.990	2.845	2
gen	3.060	2.940	2.935	2
woke	2.593	3.139	3.004	7
distinguished	3.047	3.000	3.078	4
pin	3.060	2.640	2.835	2
palm	3.005	3.010	3.152	6
unsuspecting	2.630	3.225	2.935	2
stepped	2.965	2.988	2.995	13
bombed	2.177	3.100	2.690	3
frustrated	2.350	3.350	2.800	2
historians	2.700	2.950	2.950	2
rachel	2.966	3.196	2.969	21
warn	2.285	3.408	3.258	4
deep	2.915	2.864	2.964	13
breath	2.723	3.115	2.922	8
strange	2.881	3.027	3.026	8
neck	2.528	3.378	2.981	12
thin	2.983	2.930	2.979	13
wrinkles	2.967	2.893	3.167	3
stretched	2.754	3.046	3.020	5
nathan	2.938	3.067	3.069	45
onto	2.858	3.070	2.969	17
sharp	2.829	2.994	2.951	7
warehouse	2.875	2.690	3.065	2
rave	2.835	3.085	2.960	2
mitch	2.982	2.996	3.072	5
cars	2.793	2.922	3.013	9
gleaming	2.713	3.183	2.670	3
lip	2.958	3.400	3.022	5
glared	2.673	3.410	2.823	3
alley	2.585	3.103	2.800	4
car	2.785	3.034	2.927	26
brick	3.133	2.933	3.133	3
squat	3.000	2.942	3.058	4
knocking	2.870	3.332	3.045	4
cops	2.750	3.300	3.000	2
broke	2.687	3.353	2.775	6
bridges	3.158	3.212	3.185	4
booth	3.100	2.765	2.925	2
ceiling	3.083	2.968	3.028	6
slap	2.525	3.250	2.750	2
hunchbacked	2.775	2.950	3.150	2
ivan	3.105	3.045	3.205	2
fucked	2.400	3.478	3.375	4
stomach	3.160	3.223	3.073	3
bark	2.800	3.055	3.008	4
claws	2.673	3.327	2.893	3
cat	2.931	3.124	3.018	12
grinned	3.272	3.204	2.854	5
matted	2.900	3.000	2.900	2
answered	3.073	2.877	3.003	4
nepthys	2.937	3.035	3.048	71
party	2.755	3.103	3.130	4
bummer	2.005	3.160	2.890	2
nodded	3.001	2.909	3.022	17
okay	2.989	3.024	3.125	17
slim	2.925	2.875	2.950	2
shit	2.300	3.850	3.050	2
hunchback	2.978	2.792	2.992	5
jacket	3.004	2.917	3.087	7
velvet	3.020	3.113	2.968	6
throat	2.467	3.465	2.887	6
remembered	2.873	3.087	2.965	6
rings	3.000	2.810	3.000	2
stared	2.836	2.979	3.131	7
glanced	2.853	3.147	2.762	10
dealing	2.667	3.033	2.933	3
dvorov	2.991	3.118	3.011	17
nightfall	2.955	3.005	3.165	2
scrap	2.815	3.000	2.815	2
fingernail	2.555	3.050	3.000	2
goodbye	2.870	2.933	2.970	3
waved	3.025	3.020	3.010	4
chasing	3.000	3.200	3.000	2
hearted	2.700	3.100	3.250	2
corners	2.625	3.175	2.750	4
shed	2.734	3.190	3.022	5
hanging	3.005	3.112	2.985	12
leaning	3.025	2.807	2.975	4
rough	2.800	2.915	2.950	2
draped	2.975	3.083	3.125	4
thirty	2.955	3.118	2.987	6
lazily	3.250	2.850	2.900	2
separately	2.888	2.950	2.970	4
dance	3.116	3.123	3.091	22
lap	2.986	3.070	3.158	5
tilted	3.060	2.940	2.940	2
listened	3.040	2.960	2.915	2
jet	2.804	3.060	2.916	5
breathed	2.860	3.225	2.925	2
interaction	2.925	3.000	3.050	4
ourselves	2.855	3.145	3.085	2
worlds	3.000	2.950	3.000	2
emotion	3.150	3.100	3.100	2
gatherings	3.000	3.100	2.950	2
directions	3.047	2.867	2.985	4
shoulder	2.930	3.067	2.918	9
reassuring	3.285	3.165	3.060	2
curiosity	3.200	3.150	3.050	2
skinny	3.000	2.900	2.900	2
reliable	2.830	3.197	2.927	3
widdersh	2.900	3.125	3.275	2
panic	2.775	3.288	2.950	4
counterclockwise	2.900	3.083	3.183	3
blood	2.728	3.185	3.040	32
blinked	2.734	2.980	3.054	5
shook	2.749	3.087	2.936	18
flashed	2.720	3.200	2.840	5
spun	2.750	3.150	2.850	2
dust	2.734	3.047	3.000	11
outline	2.900	2.837	2.967	3
doorframe	3.500	3.250	3.000	2
pressed	2.590	2.850	3.050	2
bloody	2.811	3.040	3.051	10
stands	3.083	3.079	3.034	10
cart	3.059	2.933	3.053	9
carried	2.835	2.950	2.950	2
rose	3.189	3.056	3.091	14
seated	2.953	3.060	2.970	3
sized	3.020	3.000	3.080	5
nose	2.800	3.118	3.031	8
gentlemen	3.443	2.970	3.193	3
darkness	2.862	3.105	2.837	4
scent	3.058	3.002	3.020	4
breathe	2.927	3.033	2.877	3
browse	2.953	2.893	3.187	3
frowned	2.403	2.970	2.987	3
sir	2.963	3.148	2.942	10
stairs	2.924	3.110	3.044	5
dying	2.692	3.053	3.045	6
candle	2.955	3.090	3.040	2
smelled	2.797	3.070	3.037	3
kindness	3.177	2.980	3.027	3
vampires	3.129	3.171	3.114	7
anne	2.967	3.000	3.040	3
novel	2.950	3.000	3.000	2
shut	2.543	3.098	3.042	6
heartbeat	2.875	3.505	3.060	2
ancestors	2.966	3.082	3.098	5
mill	2.965	3.051	3.178	8
apologies	2.415	2.750	2.800	2
drew	2.804	3.065	2.882	13
purely	3.000	3.030	3.123	4
harm	2.640	3.086	3.107	7
discover	2.970	3.170	3.113	4
boon	3.320	3.190	2.915	2
glad	3.516	3.140	3.139	8
breathing	3.050	3.250	3.175	4
fetch	3.040	2.897	3.143	3
herb	3.040	2.960	3.007	3
merchant	3.085	3.100	3.147	4
sleazy	2.735	3.205	3.055	2
eyed	2.865	3.000	2.910	2
hung	2.829	2.918	2.955	10
silks	3.033	2.867	3.040	3
cushions	3.227	2.940	2.877	3
scattered	2.825	2.990	2.960	4
cup	3.054	3.000	3.001	11
lips	3.127	3.213	2.994	7
kiss	3.504	3.534	3.176	5
regret	2.814	3.014	3.049	7
proprietor	3.000	3.050	3.070	2
entera	3.130	2.953	2.987	3
eyebrow	3.007	3.157	3.075	4
pictures	3.002	3.093	3.238	6
ships	2.988	3.035	3.058	6
hats	3.343	2.940	3.200	3
excuse	2.850	2.850	3.050	2
laughed	3.681	3.574	3.161	7
merchandise	3.075	2.900	3.150	4
leaned	3.074	3.056	3.010	10
slave	2.600	3.034	2.942	5
quietly	2.500	3.120	2.625	2
locked	2.847	3.005	3.033	6
paused	2.864	2.944	2.914	5
mundane	3.000	2.815	3.000	2
elf	3.323	3.000	3.040	3
intricate	3.050	2.850	3.100	2
jewelry	3.131	2.894	3.097	7
cloth	2.876	3.024	3.170	5
rache	3.215	3.285	3.215	2
marvel	3.650	3.450	3.350	2
convince	2.893	2.973	3.050	3
appraising	3.350	3.050	3.150	2
glance	3.120	3.020	3.040	5
pint	2.893	3.066	3.041	7
quest	3.000	2.875	3.190	2
babe	3.120	3.100	3.070	2
interrupted	2.570	3.270	3.385	2
marvelous	3.867	3.560	3.290	3
cried	2.540	3.525	2.942	6
silk	3.147	3.028	3.079	9
beside	3.049	3.078	3.080	9
bowl	3.016	3.072	3.142	5
sleeves	2.967	3.133	3.133	3
leech	3.050	3.100	3.100	2
fat	2.870	3.040	3.090	6
finger	2.753	3.023	2.830	3
gently	3.112	3.063	3.023	6
hollow	3.067	3.067	3.100	3
elbow	2.910	3.030	2.810	3
softly	2.758	2.897	2.875	4
sucker	2.758	2.997	2.957	4
sucked	2.745	3.060	2.877	4
clapped	3.200	3.150	3.150	2
barber	3.300	3.050	3.000	2
bald	2.852	2.910	2.860	4
careful	2.822	3.155	2.948	6
touch	2.939	3.168	3.074	14
pouch	2.957	3.087	3.178	6
vodka	2.975	3.057	3.285	4
bartender	3.050	3.000	3.350	2
poured	3.090	2.913	3.088	4
refill	2.935	3.060	3.000	2
reflection	2.930	2.880	2.970	4
europeans	2.830	3.050	3.170	2
shot	2.782	3.126	3.103	14
forest	3.193	3.007	3.066	11
glory	2.922	3.167	3.085	6
gritty	2.550	3.300	3.000	2
flirt	2.850	2.960	3.110	2
fit	2.947	3.040	3.069	14
sad	2.202	3.058	2.726	5
dammed	2.880	3.270	3.195	2
stick	2.903	2.987	3.033	6
shouldn	2.869	3.071	3.094	9
kidding	2.640	3.480	3.140	5
woozy	2.460	2.925	2.810	2
glow	2.985	3.056	2.935	15
flying	2.690	3.353	2.893	3
grab	2.950	3.202	3.155	4
rosy	3.100	3.450	2.900	4
slip	2.813	3.192	2.797	6
converging	2.950	3.200	2.850	2
taxi	3.045	3.165	3.305	2
waist	3.300	3.200	3.150	2
tied	3.400	3.400	3.100	3
belt	2.957	3.029	3.000	7
boots	3.047	2.947	3.053	4
leather	3.154	3.018	2.972	5
wrapped	2.950	3.127	2.883	6
wrists	3.000	3.150	3.050	2
brow	2.533	3.267	2.867	3
knelt	2.637	3.283	3.047	3
grabbed	3.164	3.434	3.100	5
wrist	3.250	3.450	3.200	2
magical	3.370	3.170	3.055	2
smiled	3.769	3.394	3.086	9
laughing	3.865	3.577	3.208	4
pray	2.750	3.350	3.183	3
midair	2.725	2.960	3.040	2
lamp	2.900	2.750	3.050	2
screamed	2.207	3.897	2.910	3
wrap	2.505	3.130	2.730	2
doorway	3.600	3.400	3.150	2
chest	3.110	3.415	3.215	4
slammed	3.003	3.433	3.120	3
excitement	3.510	3.530	3.127	4
hat	2.913	3.247	3.067	3
ridiculous	2.556	3.374	3.064	5
shaved	2.883	3.240	3.153	3
cap	2.894	2.962	3.055	13
roof	3.000	3.050	3.000	2
gutted	2.850	2.950	3.000	2
naked	3.250	3.172	3.128	4
sounded	3.188	3.255	3.233	4
isis	2.984	3.138	3.113	16
aside	2.975	3.025	3.000	2
staring	2.517	3.082	2.628	6
shivered	2.625	2.810	2.390	2
squeeze	2.810	3.140	2.927	3
vaulted	2.767	3.030	3.000	3
ade	3.118	3.105	3.100	4
mirrored	3.000	3.030	3.050	2
stripped	2.550	3.000	2.900	2
altar	2.914	3.036	3.021	7
stunning	3.407	3.213	3.087	3
honor	3.600	3.268	3.100	4
alluring	3.500	3.350	3.050	2
liquid	3.218	3.110	3.075	6
alarming	2.855	3.445	2.725	2
precious	3.407	3.480	3.320	3
lovely	3.155	2.980	3.050	4
elegantly	3.250	3.200	3.200	2
twitched	2.878	3.130	3.000	4
shaking	2.817	3.137	3.080	3
beaten	2.883	3.077	2.973	3
pews	3.055	2.983	3.077	4
cheeks	2.650	3.367	2.803	4
breasts	3.187	3.305	2.963	4
hoped	3.053	3.113	3.147	3
accidentally	2.533	3.200	3.167	3
woken	2.500	3.150	3.200	2
elbows	3.000	3.160	2.893	3
fur	2.740	3.320	2.880	5
palms	2.670	3.212	2.857	4
pink	2.922	2.976	2.984	5
pallor	2.640	3.240	3.000	2
reflected	2.827	3.083	2.967	3
casting	2.613	3.070	2.797	3
drops	2.600	3.060	3.017	3
frown	2.620	3.110	2.780	2
twisted	2.797	3.230	2.958	4
shadowed	2.765	3.200	3.160	2
haze	3.200	3.133	3.033	3
flicker	2.970	2.927	3.073	3
concentration	3.085	3.132	3.140	4
shuddered	2.800	3.100	3.200	2
sweat	3.026	3.171	3.076	14
ripple	2.940	3.225	2.915	2
strand	2.815	3.245	3.050	2
steam	2.950	3.050	2.950	2
crossed	3.294	3.322	3.182	5
lean	3.033	3.067	3.100	3
pains	2.700	3.000	3.000	2
hurry	2.873	3.500	3.260	3
servants	3.070	3.020	3.305	2
sleeve	3.050	3.300	3.250	2
rattled	2.725	3.175	2.700	2
stained	3.044	2.980	3.043	7
silently	3.150	2.790	3.100	2
hammer	2.834	3.258	3.100	5
stakes	3.060	3.110	3.215	2
ash	2.877	2.957	3.163	3
kicking	2.830	3.095	3.095	2
greeting	3.415	3.250	3.170	2
knocked	3.050	3.400	3.200	2
giant	2.916	3.190	3.038	10
tip	3.000	2.812	3.174	5
somewhere	2.761	3.163	2.956	9
nervous	2.620	3.265	2.515	2
hunters	2.945	3.055	3.055	2
danced	3.200	3.100	2.850	2
pulling	3.100	3.100	3.100	3
scales	2.680	3.350	3.050	2
flailing	2.750	3.635	3.050	2
strobe	2.897	3.253	3.038	4
hiding	2.385	3.500	2.365	2
tug	3.085	2.770	3.165	2
delicately	3.050	2.735	2.950	2
slumped	2.745	2.965	2.800	2
scaled	3.140	3.040	3.140	2
leapt	2.877	3.213	3.087	3
odds	2.975	2.925	3.025	4
ducked	2.850	3.300	2.950	2
overdose	2.565	3.050	2.905	2
edges	3.033	2.983	2.933	3
jerked	2.900	3.075	2.900	2
shape	2.760	3.065	2.867	4
creature	2.970	2.925	3.080	2
wet	2.000	3.550	2.850	2
blocked	2.550	3.200	2.750	2
waving	2.677	3.223	2.850	4
shifted	3.040	2.940	2.900	5
checking	2.830	3.184	3.036	5
dumb	2.534	3.185	3.039	10
tear	2.410	3.475	2.850	2
threw	2.255	3.855	3.495	2
whirled	2.755	3.505	3.145	2
knock	2.770	3.137	3.130	3
glowing	2.900	3.400	3.050	2
puddle	2.533	3.200	2.833	3
sword	2.920	3.232	2.955	4
spotted	3.033	3.120	3.020	3
wiped	2.945	2.940	3.220	2
hip	2.750	3.090	3.150	2
parted	3.100	3.000	3.100	2
blink	3.100	3.060	3.000	4
chased	2.710	3.575	3.110	2
storage	3.058	2.770	3.064	5
urged	3.150	3.250	2.950	2
alarm	2.720	3.320	3.165	2
dyed	3.010	2.865	3.000	2
footsteps	2.950	2.985	2.950	2
echoed	3.220	3.305	3.220	2
shoot	2.829	3.170	3.169	14
tossed	2.725	3.223	3.002	4
grasshopper	2.875	2.960	2.890	2
knife	2.771	3.219	3.326	7
blade	2.810	3.000	2.940	2
throw	2.800	3.147	2.913	3
scrambled	2.520	3.480	3.235	2
dagger	2.400	3.460	2.335	2
shattered	2.315	3.125	2.560	2
reeling	2.450	3.310	2.585	2
gleamed	3.250	3.100	3.050	2
spike	2.825	3.235	3.285	2
spine	2.100	3.800	2.150	2
blur	2.537	3.243	2.657	3
dissipate	2.415	3.270	2.750	2
withdraw	2.837	3.163	3.067	3
drinking	2.741	3.084	3.044	8
fallen	2.660	3.100	2.760	5
bone	2.765	2.882	2.822	4
flashing	2.740	3.025	2.810	2
tiles	2.850	3.000	3.000	2
cheek	2.500	3.450	2.950	2
lying	2.780	2.865	2.910	2
strikes	2.635	3.353	2.923	4
toy	3.044	3.083	3.019	8
clothes	2.904	3.071	3.049	8
fuckin	3.650	3.800	3.400	2
disappeared	2.535	3.165	2.774	8
file	2.688	2.937	2.915	6
gust	2.850	2.850	2.950	2
taxis	2.863	3.087	3.023	3
chill	2.925	2.930	2.925	4
neared	2.765	3.365	2.685	2
slowed	2.510	3.475	2.805	2
nod	3.200	2.750	3.150	2
nana	3.003	2.833	2.970	3
hop	3.233	2.900	3.133	3
passenger	3.000	2.750	3.100	2
crowds	3.264	3.122	3.110	5
overseas	2.995	3.105	3.050	2
updating	2.995	3.055	3.050	2
abroad	2.850	2.735	3.050	2
newer	3.067	2.923	3.083	3
decline	2.610	3.131	2.946	7
outdated	2.323	3.070	2.860	3
fierce	2.705	3.160	3.065	2
flooding	2.685	2.980	2.905	2
inferior	2.867	3.067	3.100	3
youngstown	2.751	3.006	2.954	36
mills	2.691	2.998	2.893	23
organizer	2.900	2.850	3.000	2
depression	2.685	2.867	2.973	4
ecumenical	3.160	3.000	2.930	2
monuments	3.100	2.700	2.800	2
employed	3.225	2.985	3.160	2
marches	3.300	3.200	3.200	3
heating	3.250	3.100	3.150	2
collectively	2.950	3.125	3.180	2
fixing	2.733	3.100	2.867	3
petitions	2.867	3.233	3.057	3
collectivization	2.720	2.900	3.000	2
socialism	2.763	2.955	3.062	4
waited	2.807	3.202	2.887	6
chaos	2.355	3.007	2.978	6
plunged	2.580	2.940	2.890	3
uswa	2.796	3.064	3.042	10
closings	2.712	3.025	2.842	4
assumed	2.800	2.960	2.876	5
snatched	2.925	3.133	3.185	4
factories	3.079	3.113	3.184	7
lynn	2.950	2.810	2.900	2
williams	3.001	2.973	2.992	8
shutdown	2.950	3.000	3.025	4
scenario	2.550	3.050	2.950	2
worried	2.650	3.100	2.950	2
communism	2.850	3.000	3.000	2
institutions	2.730	2.920	3.195	2
revive	2.775	2.998	3.050	4
uwsa	2.625	3.060	2.935	2
regionalism	2.706	2.924	2.860	5
mahoning	3.000	3.050	2.925	4
hamlets	3.160	2.945	3.005	2
indistinguishable	3.100	3.000	2.950	2
takeover	2.844	2.936	3.048	5
desperate	2.530	3.060	3.060	2
preserve	3.054	3.104	3.099	8
rallies	2.610	3.055	2.945	2
boardman	2.820	2.978	2.973	4
poland	2.893	3.037	2.963	3
struthers	2.916	2.898	2.980	5
warren	2.964	2.884	3.021	9
socialize	2.750	3.100	3.050	2
widespread	3.000	2.850	3.060	2
catholic	2.988	3.060	3.008	5
habits	2.765	3.065	3.120	2
populations	3.163	2.947	3.100	3
oftentimes	2.600	3.000	2.850	2
suspicious	2.698	3.102	2.972	6
missed	2.968	3.018	2.987	6
blow	2.546	3.424	3.112	5
devastating	2.300	3.360	2.930	2
corrupted	2.665	3.040	3.125	2
chapter	3.029	3.075	3.083	8
absurd	2.790	3.040	3.060	2
solidarity	2.867	3.267	3.100	3
refusal	2.665	3.160	3.000	2
waves	2.800	3.100	3.100	2
uprooted	2.687	3.033	2.900	3
belonged	3.160	3.265	3.060	2
brave	2.675	2.885	2.725	2
northeastern	2.907	3.100	3.107	3
blast	2.560	3.018	2.910	5
supplying	2.855	2.830	3.105	2
iron	3.115	3.049	3.195	8
crossroads	3.130	2.940	3.060	2
chicago	2.963	3.033	3.000	3
railway	3.150	2.954	3.035	8
pittsburgh	2.945	3.000	3.000	2
pennsylvania	3.000	3.000	3.100	2
northeast	3.150	3.075	3.100	4
kentucky	2.975	3.000	3.050	4
immigrants	3.093	3.217	3.157	3
paced	2.700	3.250	2.850	2
outbreak	2.650	3.133	2.933	6
booming	3.307	3.240	3.200	3
experimental	2.960	3.000	3.095	2
shareholders	2.999	2.947	3.040	12
pie	2.850	2.850	3.067	3
updated	2.950	3.000	3.050	2
crash	2.170	3.030	2.711	8
downward	2.800	3.050	2.950	2
powers	3.000	3.085	3.165	2
tube	2.150	3.250	2.850	2
adjoining	2.767	2.900	3.000	3
shrank	2.345	3.320	2.535	2
refused	2.920	3.047	3.177	3
lykes	2.935	3.000	3.315	2
setback	2.530	3.230	2.823	3
politicians	2.845	2.923	3.015	6
dried	2.825	2.855	2.980	4
imports	2.878	2.880	3.076	5
replacing	3.050	2.890	3.215	2
invested	2.900	3.050	2.950	2
cheaper	3.166	3.024	3.104	8
handfuls	2.567	3.333	2.800	3
balls	3.170	2.967	3.233	3
throwing	2.675	3.200	3.037	4
customize	3.210	2.960	3.173	3
ball	3.000	3.145	3.120	2
habit	2.800	3.000	3.050	2
leftovers	3.050	3.000	3.050	2
seedbomb	2.895	3.000	2.955	2
angles	2.550	3.100	2.900	2
seedbombing	3.000	2.823	3.098	4
childhood	3.020	3.092	3.116	5
possess	3.000	2.990	3.340	2
combines	3.100	3.100	3.250	2
seedbombs	3.025	2.860	3.060	4
shallow	2.850	2.900	2.800	2
root	2.700	3.067	2.867	3
pun	2.887	3.067	2.937	3
graffiti	2.950	3.050	3.050	2
thrift	3.060	2.960	3.080	5
serendipity	2.995	3.095	3.190	2
invisible	2.950	2.950	3.000	2
smothered	3.410	3.133	3.203	3
mall	2.808	3.122	2.970	5
quit	2.340	3.360	3.440	2
crappily	2.750	2.850	2.950	2
digital	3.100	3.083	3.056	7
housewife	3.000	2.950	3.047	3
apocalyptic	3.000	2.950	3.047	3
kate	3.347	2.973	3.107	3
nov	3.032	2.811	3.073	10
griffith	2.825	2.910	2.940	2
aunt	3.225	2.980	3.055	4
fires	2.800	2.950	3.000	2
raggedy	2.900	3.000	3.000	5
dutch	2.984	2.992	3.056	5
disease	2.908	3.097	3.033	6
brilliant	3.013	2.900	2.980	3
brian	3.500	3.340	3.100	2
bonnets	3.133	2.973	3.140	3
reeder	3.090	2.740	2.887	3
stopping	3.500	3.500	3.250	2
yard	2.900	3.133	2.967	3
assuming	2.917	3.150	3.100	6
educated	2.615	3.195	3.195	2
creative	3.083	2.943	3.150	3
bound	3.050	2.995	3.055	2
streak	3.105	2.920	3.113	4
nicer	3.567	3.167	3.233	3
urchins	2.850	3.100	3.200	2
poppy	3.025	2.960	2.940	2
dumpster	3.100	3.050	3.150	2
salvaged	3.100	2.950	3.200	2
assault	2.145	3.245	2.780	2
retire	3.433	2.880	3.027	3
freedoms	2.827	2.933	3.033	3
chiefs	2.200	3.310	2.875	2
terror	2.669	3.216	3.029	15
qaeda	2.480	3.264	2.910	5
sunni	3.133	2.900	3.100	3
lands	3.250	2.850	3.150	2
princess	2.855	2.820	3.145	2
feared	2.733	3.300	2.800	3
pakistan	2.850	3.150	3.020	3
iran	2.781	3.036	3.032	25
riots	2.690	3.055	3.160	2
suburb	2.890	3.055	3.110	2
threatens	2.477	3.190	3.253	3
declares	2.577	3.173	2.907	3
accord	3.143	2.885	3.067	4
cleric	2.817	2.933	3.055	4
fakes	2.350	3.000	2.850	2
photographer	2.667	3.400	2.733	3
chimps	3.050	2.800	3.150	2
archaeologists	2.867	2.933	3.000	3
harvard	3.190	3.195	3.215	2
summit	2.600	3.100	2.733	3
kidnapped	2.426	3.364	2.696	5
gaza	2.633	3.167	2.912	6
mideast	2.750	2.850	2.700	2
moscow	2.612	3.093	2.938	4
missile	2.500	3.100	2.950	4
shores	3.195	3.020	3.145	2
soldiers	2.455	3.143	2.847	6
rogers	3.173	3.007	3.067	3
troops	2.571	3.161	2.951	13
kills	2.054	3.423	2.836	7
colombia	2.704	3.042	2.954	18
resigns	2.750	3.050	3.050	2
militia	2.807	2.973	3.073	3
quits	2.733	3.133	2.833	3
whaler	2.600	2.850	3.050	2
zealand	3.125	2.995	3.140	2
whaling	2.657	3.133	3.160	4
envoy	2.920	3.020	3.140	5
nuke	2.900	3.060	3.075	4
revolutionary	3.050	3.000	3.050	2
ipod	3.127	2.963	3.080	3
rescues	3.245	2.900	3.070	2
sarkozy	3.135	3.018	3.050	4
embassy	2.862	3.125	3.050	4
toxic	2.493	3.227	2.903	3
mars	3.040	3.100	2.980	5
flee	2.510	3.200	2.707	3
rural	2.980	2.940	3.032	5
afghan	2.775	3.210	3.000	2
anglican	3.100	3.033	2.967	3
merge	2.950	2.950	2.950	2
afghanistan	2.500	3.267	2.833	3
helicopter	1.900	3.247	2.753	3
passes	2.850	2.900	2.950	4
manila	3.167	3.000	2.933	3
toll	2.787	3.097	3.125	6
congestion	2.990	3.260	3.205	2
thailand	2.303	3.233	2.953	3
thai	2.750	3.150	2.700	2
rebels	2.517	3.127	2.867	3
autism	3.260	3.100	3.143	3
reduces	3.160	2.990	3.175	2
breakthrough	3.740	3.600	3.325	2
beware	2.650	3.300	3.100	2
peanut	2.650	3.050	3.050	2
salmonella	2.875	2.840	3.175	2
advice	2.919	3.008	3.050	8
stroke	3.016	3.008	3.076	5
cooked	2.845	3.105	3.005	2
chicken	3.124	3.036	3.075	8
recalled	2.840	3.002	2.930	4
cancer	3.055	3.192	3.011	13
vaccine	2.777	3.084	2.933	8
bird	2.629	3.143	3.002	19
flu	2.527	3.143	2.859	15
tested	2.700	3.245	3.145	2
madonna	3.100	3.080	3.160	5
truths	2.700	2.800	2.850	2
vaccines	3.175	3.000	3.175	2
vows	3.025	3.050	3.140	4
appealing	3.290	3.100	3.140	2
puzzle	2.900	3.000	2.800	2
dating	3.003	2.973	3.053	3
potter	2.703	2.965	3.000	4
tuna	2.293	3.193	2.967	3
diabetes	3.300	3.100	3.050	2
hearts	3.310	3.227	3.083	3
regrets	2.667	3.060	2.967	3
sudan	2.733	3.067	3.200	3
hastert	2.833	2.937	3.087	3
rises	2.967	3.383	3.040	3
boss	3.003	3.113	3.233	3
putin	2.730	3.130	3.150	2
immigration	2.930	2.990	3.000	2
sony	2.917	2.968	3.061	13
unveils	3.010	3.060	3.175	2
hits	3.059	3.188	3.108	9
dell	2.970	3.000	3.037	3
seahawks	2.910	2.890	3.090	2
marathon	3.200	3.115	3.050	4
bucs	3.200	3.050	3.250	2
racing	3.075	2.825	3.075	4
teammate	2.600	3.350	2.900	2
upsets	2.667	2.893	3.083	3
mbeki	3.295	2.910	3.155	2
vista	2.941	3.052	3.019	9
coupon	3.135	3.030	3.090	2
apple	2.790	3.108	3.100	13
cancels	2.300	3.060	2.940	2
downhill	2.690	2.810	3.040	2
youtube	3.345	3.167	3.120	6
roddick	2.940	3.063	3.107	3
armed	2.900	3.000	2.967	3
teen	2.818	3.070	2.904	5
chad	2.795	3.164	3.000	37
nato	2.993	3.217	3.000	3
alaska	2.723	3.176	3.045	34
buried	2.578	3.180	2.982	5
smith	2.742	3.047	2.913	6
blasts	2.400	3.400	2.750	2
anna	2.787	3.038	3.062	4
nicole	2.842	3.025	3.108	6
hug	3.050	3.150	3.050	2
mud	2.523	2.933	2.897	3
dozens	2.330	3.203	3.037	3
edwards	2.850	3.150	2.900	2
gym	2.550	3.250	2.900	2
mourn	2.375	3.325	2.975	2
nadal	3.005	3.110	3.085	2
rejects	2.620	3.000	3.040	5
rowling	2.750	3.050	3.050	2
marrow	2.585	3.070	2.915	2
somalia	2.720	3.172	3.030	5
bites	2.880	3.000	3.100	2
wii	3.250	3.200	3.135	2
borat	3.415	3.115	3.110	2
abortion	2.840	3.050	3.000	2
portugal	3.021	3.092	3.073	9
frustration	2.265	3.300	2.860	2
puppy	2.580	3.335	2.885	2
mickelson	2.950	3.000	3.000	2
masters	2.950	2.935	2.890	2
amid	2.998	3.038	3.032	5
probing	2.620	3.280	3.385	2
speaker	2.600	3.150	2.850	2
dolphins	3.013	3.210	3.066	7
nasdaq	2.485	2.880	3.050	2
lse	2.485	2.880	3.050	2
nears	2.570	3.075	2.855	2
hpv	2.833	3.167	2.933	3
swiss	2.767	3.000	3.100	3
crashes	2.333	3.053	2.844	7
napping	3.270	2.930	3.040	3
slashes	2.500	3.275	3.300	2
parliament	2.800	3.000	2.800	2
norbit	3.000	2.900	3.100	2
lebanon	2.651	3.143	3.071	7
inches	2.720	3.125	3.025	4
brazil	3.030	3.258	3.008	6
lawsuit	3.100	3.000	2.950	2
midwest	2.750	3.000	2.987	6
medicinal	3.050	3.100	2.995	2
marijuana	3.197	3.197	3.173	3
holmes	3.465	3.265	2.950	2
katie	3.465	3.265	2.950	2
wedding	3.465	3.265	2.950	2
chopper	2.665	3.065	2.850	2
chrysler	2.540	2.940	2.800	2
condemns	2.700	3.107	3.140	3
naps	3.386	2.986	3.126	7
astronaut	3.056	3.166	3.124	5
popping	3.125	3.000	3.000	2
landers	3.050	2.865	3.140	2
martian	3.050	2.865	3.140	2
evaded	3.050	2.865	3.140	2
viking	3.033	2.843	3.027	3
obama	2.996	3.148	3.296	5
announces	3.103	3.080	3.130	4
fears	2.757	3.117	3.007	3
kosovo	2.677	3.073	2.973	3
amish	2.400	2.850	2.900	2
nasa	2.979	2.961	3.044	10
confusion	2.580	3.038	2.857	4
airways	2.943	2.843	2.993	3
crossing	2.830	3.120	3.195	2
ipods	2.653	3.080	3.097	3
raid	2.495	3.292	3.002	6
jones	3.030	2.907	3.071	7
beckham	2.980	3.000	2.980	5
guinea	2.733	3.133	3.000	3
peacekeepers	3.005	3.245	2.970	2
skull	2.410	3.507	3.207	3
mobile	2.967	3.133	3.167	3
prevention	3.125	3.110	3.070	2
cuts	3.550	3.100	3.050	2
shuts	2.357	3.107	2.960	3
flights	2.717	2.971	3.176	7
somali	2.737	3.245	3.075	4
ethiopia	2.775	3.090	3.000	2
ryan	2.612	3.186	3.080	5
massacre	2.667	3.033	2.900	3
madrid	3.100	3.450	3.200	2
gains	3.198	3.053	3.152	6
canceled	2.550	3.050	2.900	2
burberry	2.810	2.955	2.960	2
maker	2.763	2.944	2.917	7
arena	2.860	3.210	2.900	2
gronholm	2.950	2.950	3.150	2
slams	2.603	3.253	3.217	3
murray	3.110	2.895	3.060	2
yuan	3.020	2.966	2.980	5
gunman	2.783	3.016	2.904	7
srebrenica	2.870	2.975	2.862	4
survivor	2.805	3.042	2.900	6
grammys	3.300	3.300	3.050	2
libby	2.795	2.895	3.170	2
lebanese	2.544	3.086	3.024	5
torture	1.885	3.435	2.670	2
passengers	2.999	3.042	3.101	8
stirs	2.585	3.300	2.715	2
heated	3.000	3.050	2.960	2
killer	3.100	3.200	3.100	2
ketek	2.750	3.000	2.900	2
antibiotic	2.750	3.000	2.900	2
soar	2.855	2.685	2.615	2
fails	2.555	2.735	2.765	2
tourists	3.039	3.039	3.054	7
bahamas	2.650	3.100	2.850	2
galactic	2.963	3.070	2.900	3
collision	2.287	3.230	2.747	3
rwanda	3.000	3.000	3.050	2
suspects	2.700	3.050	3.050	2
launches	3.367	3.200	3.100	3
bands	3.113	3.047	2.967	3
drunk	2.950	3.000	3.150	2
traced	2.600	2.900	3.000	2
ring	2.775	3.067	3.007	4
plague	2.800	3.050	3.000	2
curfew	2.850	3.050	3.150	2
sleeping	2.766	3.100	3.106	7
porn	2.689	3.068	2.963	10
waterfront	3.174	2.953	3.056	7
promenade	3.156	2.942	3.064	5
insists	2.992	2.972	3.192	5
calamity	2.840	2.955	2.955	2
bath	2.840	2.955	2.955	2
orleans	3.050	3.100	3.200	2
roads	2.875	3.025	2.900	4
icy	2.513	3.227	2.863	3
charts	2.950	2.950	3.050	2
probe	2.820	2.940	3.020	5
peru	3.083	3.083	3.120	3
hopeless	3.350	3.100	3.050	2
command	2.898	3.036	3.168	5
winners	3.480	3.270	3.103	3
carnival	2.700	3.325	2.812	4
rio	2.773	2.943	2.937	3
turkmenistan	2.855	3.090	3.110	2
squad	3.150	2.900	2.950	2
barcelona	3.250	3.150	3.100	2
deaths	2.297	3.293	2.840	9
accidental	2.390	3.200	2.810	3
fda	2.715	2.950	2.930	2
stops	2.865	2.995	3.013	4
drivers	2.970	3.066	3.022	5
stealing	2.676	3.074	3.024	5
runway	2.990	2.890	2.800	2
doctor	2.745	3.088	3.058	4
acting	2.447	3.357	2.933	3
stabbed	2.837	3.177	3.100	3
bikini	3.325	3.275	3.210	2
beyonce	3.027	3.183	3.140	3
lyrics	3.050	2.900	3.100	2
engineer	3.438	3.272	3.230	4
hunt	2.690	3.178	3.017	6
pot	3.200	3.177	3.043	3
updates	3.142	3.118	3.038	6
tiempo	3.110	2.845	2.900	2
button	2.940	3.045	3.110	2
cia	2.840	3.175	3.100	2
survey	3.043	2.978	3.110	6
tourist	3.194	2.976	3.103	19
gravity	3.145	2.715	3.270	2
nfl	3.107	2.953	3.123	3
oldest	3.055	2.945	3.024	13
iranian	2.715	3.200	2.715	2
lee	2.833	3.137	3.003	3
nude	2.750	3.300	2.950	2
helm	3.050	3.150	3.050	2
patrol	2.650	3.000	2.800	2
shoppers	2.570	3.070	3.067	3
concert	3.217	3.007	3.003	3
astronauts	2.900	3.000	3.000	2
scientist	2.650	2.850	2.900	2
nerve	2.963	3.130	3.177	3
misses	2.612	2.985	2.930	6
settled	3.302	2.922	2.977	4
turnpike	2.890	2.825	3.050	2
diplomat	2.450	3.400	2.950	2
nicaragua	2.700	2.958	2.982	4
smoking	2.875	2.995	3.060	2
journalists	2.306	3.178	2.756	5
reins	2.945	2.900	3.055	2
opera	3.009	2.945	3.039	8
releases	2.950	3.000	3.150	2
adoption	3.078	3.104	3.140	5
yankee	2.567	2.867	2.800	3
grad	3.335	3.165	3.035	2
mothers	3.200	3.000	3.200	2
highs	3.300	3.050	3.100	2
dow	3.217	3.083	3.183	6
tape	2.465	3.275	2.860	2
knocks	3.100	3.000	2.950	2
campus	3.140	2.986	3.096	5
sheen	3.050	3.105	3.005	2
charlie	3.050	3.005	2.995	2
jon	2.790	2.975	2.860	2
toddler	1.660	3.425	2.725	2
spinach	1.660	3.425	2.725	2
cher	3.137	3.200	3.007	3
scuffle	2.800	3.000	3.050	2
warner	3.130	3.124	3.060	10
valdez	2.335	3.180	2.955	2
idiotic	2.780	3.330	3.165	2
minutemen	2.780	3.330	3.165	2
files	3.200	3.133	3.133	3
gunmen	2.260	3.293	2.780	3
suspect	2.863	3.027	3.103	7
freed	2.990	3.330	3.073	4
pan	2.951	2.903	2.985	11
infamous	3.100	3.200	3.100	2
inventor	3.400	3.150	3.100	2
miniature	2.850	3.050	3.050	2
trailblazing	3.225	3.125	3.240	2
trio	3.200	3.100	3.100	2
protects	3.387	3.000	3.220	3
snapped	2.997	3.267	3.070	3
rejected	2.652	3.038	3.016	5
jailed	2.750	3.010	2.950	2
clashes	2.250	3.100	2.665	2
restrictions	3.000	2.935	3.000	2
approved	3.200	3.060	3.120	5
poison	2.704	3.067	2.920	10
pill	2.650	3.075	2.800	4
download	2.400	3.100	2.850	2
nigeria	2.444	3.230	2.826	5
urges	2.920	3.100	3.180	5
satellites	3.273	3.140	3.070	3
hungary	2.400	3.500	3.200	2
addiction	2.850	3.105	3.100	2
festival	3.097	3.081	3.096	7
bread	2.800	3.033	2.900	3
allies	2.840	3.220	3.180	5
unveil	3.050	3.000	2.950	2
sees	3.283	3.090	3.067	3
swallowed	2.440	3.140	2.685	2
cartoons	3.070	3.035	3.000	2
surprises	3.260	3.330	3.125	2
memorial	3.044	2.942	3.092	5
russert	2.995	3.005	3.045	2
summary	2.940	3.125	3.000	2
boosts	3.158	3.066	3.092	5
sues	2.420	3.095	3.315	2
iphone	2.840	3.025	3.205	6
cisco	2.420	3.095	3.315	2
goody	2.750	2.800	2.950	2
jackson	2.899	2.929	2.986	14
inter	2.900	3.000	3.100	2
delta	3.163	2.910	3.133	3
mecca	3.125	2.995	3.075	4
reigns	2.750	2.950	2.950	2
poisoning	2.861	3.005	3.114	8
depp	3.058	2.880	3.080	4
johnny	3.045	2.760	3.100	2
stomp	3.300	3.200	3.100	2
sue	2.525	3.150	3.050	2
globes	3.360	3.340	3.120	5
aussie	3.000	2.975	3.165	2
federer	3.067	3.123	3.210	3
nepal	3.088	3.188	3.070	4
protesters	3.300	3.150	3.050	2
mailing	2.885	2.930	3.085	2
storms	2.280	2.985	2.930	2
whale	2.857	3.017	3.067	3
facelift	3.300	3.150	3.150	2
idol	3.400	3.350	3.250	2
virtual	3.285	3.317	3.265	4
wound	2.650	3.110	2.995	2
filipino	2.110	3.275	2.615	2
device	2.963	2.923	3.057	6
remedy	3.000	2.850	3.050	2
goydos	3.210	2.945	2.950	2
closures	2.300	2.950	2.650	2
bathing	2.250	3.450	2.750	2
climb	3.040	3.074	3.094	7
tower	3.113	2.879	3.067	11
battles	2.690	3.100	2.825	2
plunge	2.900	2.940	2.895	2
rides	3.054	3.361	3.174	7
mistrial	2.730	3.030	2.997	3
asean	3.000	2.850	3.200	2
exceeded	3.015	3.120	3.070	2
gadgets	3.207	2.997	3.170	3
shells	2.724	3.190	2.984	5
overcomes	3.100	3.100	3.150	2
hail	3.550	3.450	3.150	2
abbas	2.500	3.000	3.050	2
romeo	3.290	3.310	3.055	2
juliet	3.290	3.310	3.055	2
shiite	2.550	3.450	3.150	2
stepping	3.120	3.350	3.080	3
unhealthy	3.150	2.950	3.050	2
firms	2.736	3.182	3.100	5
haul	3.233	3.097	3.330	3
ceo	2.724	2.978	3.040	5
planet	3.188	3.143	3.162	16
visions	3.150	3.150	3.000	2
cargo	3.128	3.262	3.108	5
ashore	3.215	3.070	2.900	2
hormones	3.090	3.100	3.033	3
reflecting	2.600	3.100	3.000	2
alpha	2.737	2.853	3.000	3
rockies	2.800	2.850	2.850	2
skip	3.050	3.070	3.050	2
halts	3.100	3.355	3.200	2
stress	2.800	3.050	2.850	2
pirates	3.030	2.946	3.039	7
misery	2.315	3.235	2.765	2
triplets	2.950	2.930	2.980	2
riot	2.325	3.065	2.615	2
doomsday	2.635	3.135	3.100	2
peretz	2.890	3.105	3.055	2
idf	2.700	3.120	3.115	2
trains	2.605	2.820	2.550	2
hamas	3.050	3.050	3.250	2
fatah	3.050	3.050	3.250	2
millionaire	2.500	3.300	2.850	2
christian	2.850	2.965	3.100	2
outrage	2.433	3.467	3.133	3
mile	3.014	2.908	3.059	13
soldier	2.467	3.200	3.067	3
fading	2.505	2.730	2.680	2
cervical	2.830	2.890	2.840	2
mainstay	2.800	3.000	2.850	2
pricey	3.078	2.970	3.083	4
revenge	2.800	2.900	2.900	2
hackers	2.100	3.350	2.900	2
servers	2.100	3.350	2.900	2
houston	2.690	3.065	3.000	2
floods	2.220	3.445	3.000	2
myspace	3.250	2.870	3.060	2
halted	2.790	3.333	2.900	3
zoo	3.244	3.006	3.084	5
tailors	3.125	3.145	3.138	4
housewives	2.900	3.150	3.000	2
killers	2.520	3.335	3.100	2
pandas	3.360	3.623	3.350	3
drain	2.793	3.103	2.793	3
philippine	3.135	3.075	3.075	2
lucia	3.535	2.755	3.145	2
teenagers	2.650	3.050	3.100	2
owl	3.125	3.010	3.060	2
watchers	3.070	2.950	3.005	2
circuit	2.800	2.900	2.950	2
airlines	2.660	3.050	2.695	2
bangladesh	2.285	3.050	2.835	2
inquest	2.600	3.050	2.900	2
blair	2.567	3.117	2.850	3
inflation	2.210	3.040	2.725	2
apologises	2.685	2.970	3.020	2
pensions	2.740	3.160	3.000	2
rigorous	3.225	3.025	3.235	2
pull	2.980	2.957	3.027	3
stinky	3.015	3.400	3.100	2
politics	2.954	3.132	2.996	5
tallest	3.030	3.163	3.007	3
exploitation	2.500	3.315	3.050	2
spill	2.450	3.100	2.750	2
cameron	2.880	3.080	3.045	2
fence	2.700	3.000	2.967	3
earthlink	2.460	3.000	2.950	2
shares	3.079	2.970	3.072	38
gates	2.900	2.982	3.058	4
craig	2.750	2.800	2.900	2
delayed	2.825	3.010	2.950	2
fault	2.587	3.085	3.183	4
scorpion	2.490	3.060	3.060	2
positions	2.857	2.957	2.985	4
upward	3.200	3.250	3.000	2
muscle	2.680	3.115	3.050	2
authentication	3.000	2.750	3.150	2
virus	2.590	2.975	2.975	2
accessories	3.042	2.883	2.830	4
mystery	3.053	3.133	3.200	6
cub	3.300	3.150	3.100	2
pines	2.864	3.046	2.986	5
covers	3.100	3.067	3.067	3
itunes	2.750	3.100	2.950	2
advances	2.650	3.150	2.600	2
ethical	3.000	3.100	3.200	3
carolina	3.000	2.900	3.000	2
villiers	3.100	2.900	2.950	2
xpress	3.050	3.010	3.050	2
trim	2.900	3.070	2.855	2
giants	3.180	3.053	3.177	3
honors	3.300	3.050	3.000	2
designer	3.100	2.940	3.000	4
treasure	2.983	3.107	3.107	3
panda	3.320	3.205	3.105	2
venezuela	2.800	3.200	3.050	2
rescued	3.243	3.155	3.088	4
cheers	3.700	3.325	3.145	2
spots	3.117	3.097	3.046	7
allan	2.793	3.069	2.936	52
malignant	2.665	3.580	3.360	2
difficulty	2.886	2.886	3.146	5
opposed	2.845	3.210	3.145	2
ignoring	2.700	3.100	3.000	2
publishers	2.850	3.125	3.100	4
crouched	2.850	2.910	2.990	2
pen	3.050	2.910	2.933	7
contemplated	2.875	3.015	2.940	2
gnarled	3.050	3.000	3.050	2
nib	3.150	3.050	2.950	2
willow	2.891	2.900	3.001	9
persistent	3.125	3.250	3.185	2
flame	2.890	3.310	2.890	2
regiments	3.000	2.890	3.000	2
sunk	2.560	3.015	2.860	2
frenzied	3.190	3.125	3.115	2
replied	2.752	3.006	2.908	5
fantasy	2.850	3.150	2.950	2
peasant	2.720	3.335	3.445	2
romance	3.295	3.155	3.005	4
hate	2.575	3.350	3.100	4
despise	2.273	3.370	3.140	4
shakespeare	2.825	2.825	3.100	2
enlightenment	2.825	2.825	3.100	2
drivel	2.355	3.245	3.155	2
babble	2.355	3.245	3.155	2
morbid	2.665	3.152	3.308	4
paganistic	2.355	3.245	3.155	2
disregard	2.370	3.263	3.003	3
superstitious	2.355	3.245	3.155	2
corruption	2.400	3.300	2.767	3
debauchery	2.533	3.133	3.133	3
saleable	3.460	3.350	3.110	2
demanding	2.540	3.403	2.760	3
decent	2.950	2.900	2.900	2
confronting	2.415	3.350	2.695	2
wind	2.892	2.865	2.873	6
accommodate	3.217	3.343	2.967	3
mason	2.680	3.056	3.044	5
concealed	2.840	3.050	3.100	2
clemm	3.040	3.090	3.150	2
fetched	2.775	3.150	3.040	2
gazed	3.150	3.600	3.000	2
publisher	2.682	3.157	2.992	6
civilized	2.847	3.090	2.967	3
hedonist	2.700	3.135	2.950	2
insist	2.784	3.170	3.154	5
residence	3.000	2.967	3.037	3
silence	2.708	2.977	2.862	6
replacement	3.000	3.100	3.100	2
stuffing	3.060	3.120	3.000	2
containing	3.187	3.040	3.043	3
exhaled	2.800	3.150	2.700	2
relaxing	3.240	2.817	3.117	3
expedition	2.600	3.050	3.350	2
futile	2.600	3.050	3.350	2
morbidity	2.600	3.050	3.350	2
mattered	2.810	2.810	2.895	2
smile	3.180	3.196	3.068	5
lantern	3.055	2.917	2.918	6
clouds	3.133	2.827	2.917	3
falling	2.550	3.250	2.850	4
traveler	2.840	3.050	2.950	2
smoke	3.000	3.000	3.125	2
pillar	2.790	3.250	2.950	2
hillock	2.940	2.950	3.000	2
loaded	3.037	3.033	2.967	3
dare	2.843	3.282	3.258	4
forth	2.700	3.120	2.760	5
curtains	3.190	3.185	3.125	2
roadway	2.970	3.020	3.020	2
hooves	2.985	3.035	3.035	4
slipping	2.800	2.830	2.800	2
beneath	2.797	3.000	2.957	7
stream	2.805	3.138	2.903	6
nights	3.070	3.080	3.054	5
ashes	2.533	2.933	2.900	3
rapped	2.460	3.310	2.745	2
stirring	2.900	2.620	3.050	2
fog	3.090	3.000	3.100	2
banks	3.016	3.040	3.144	5
lifelong	3.275	3.125	3.285	2
grounded	3.375	3.125	3.310	2
slope	3.070	2.970	2.970	2
trunks	2.878	2.938	3.008	5
nearer	3.125	3.125	3.125	2
bearing	3.047	3.047	3.047	3
cracked	3.070	3.000	3.070	2
slowing	2.800	2.860	2.945	2
frame	2.942	2.837	2.980	6
needles	2.450	3.100	2.650	2
knotted	3.050	3.000	3.050	2
elders	2.800	3.000	2.950	2
continuous	2.900	2.850	3.000	2
moan	2.125	3.510	2.525	2
slid	2.644	3.024	2.988	5
bloated	2.500	3.300	2.950	2
burn	2.823	3.240	3.217	3
forehead	2.567	3.183	2.850	3
rhythms	3.220	3.270	2.905	2
loose	3.084	3.010	3.118	5
yards	3.070	2.970	3.070	2
merged	3.405	3.260	3.150	2
crushed	2.500	3.250	3.050	2
pounded	2.420	3.437	3.120	3
parlor	2.967	2.930	2.967	3
dreadful	2.450	3.050	2.950	2
sighed	2.247	2.690	2.477	3
poe	3.010	3.060	3.175	2
heaven	3.205	2.887	2.988	4
impulse	2.975	3.060	3.460	2
penchant	2.900	2.950	3.250	2
leaps	2.900	3.250	2.850	2
screaming	2.735	3.365	2.960	2
consumption	2.950	3.050	3.050	2
denied	2.665	3.055	3.095	2
outlet	2.933	3.067	3.167	3
metaphors	3.150	3.350	3.200	2
intend	2.905	3.045	3.270	2
submitting	2.470	3.275	3.085	2
corruptions	2.470	3.275	3.085	2
arched	2.910	3.280	3.040	2
knees	2.573	3.260	3.107	3
sleepless	2.500	2.850	2.700	2
rumpled	2.600	3.200	2.600	2
skeleton	2.900	2.885	2.990	2
scratched	2.595	3.090	2.900	2
occupation	3.000	3.065	3.060	2
meantime	3.000	3.020	3.345	2
gracious	3.600	3.100	3.050	2
counsel	3.675	3.020	3.255	2
gate	2.857	3.057	3.057	7
shoes	2.963	2.920	2.948	6
confronted	3.060	3.250	2.975	2
fork	3.350	3.125	3.050	4
hunch	3.200	3.150	3.050	2
tan	3.000	2.835	2.940	2
disembark	2.850	2.750	3.000	2
expeditions	2.895	2.945	2.950	2
sunny	2.845	2.970	2.880	4
asheville	3.138	3.050	3.134	5
grilled	3.265	3.005	3.110	2
lettuce	3.265	3.005	3.110	2
sourdough	3.265	3.005	3.110	2
charleston	3.165	3.055	3.110	2
mayonnaise	3.265	3.005	3.110	2
havarti	3.177	3.003	3.040	3
cranberry	3.177	2.860	3.073	3
marinated	3.265	3.005	3.110	2
romaine	3.265	3.005	3.110	2
cafe	3.270	3.162	3.065	6
honey	3.322	3.164	3.053	11
tupelo	3.241	3.129	3.061	8
homestyle	3.350	3.150	3.050	2
preserves	3.183	3.050	3.160	3
farm	3.107	3.038	3.065	8
locally	3.044	2.974	3.060	5
slower	3.307	3.353	3.173	3
bite	3.578	3.362	3.210	4
eating	3.053	3.151	3.077	7
flavors	3.100	3.200	3.100	2
greasy	3.265	3.160	3.210	2
happier	3.293	3.155	3.103	4
photo	2.908	3.161	3.069	10
sooner	2.567	3.167	2.827	3
caf	3.360	3.194	3.120	5
advocate	3.300	3.100	3.100	2
pervades	3.300	3.100	3.100	2
salutes	3.350	3.250	3.200	2
sassy	3.650	3.350	3.350	2
scrumptious	3.650	3.350	3.350	2
drum	3.350	3.250	3.200	2
scratch	3.650	3.350	3.350	2
riff	3.400	3.050	3.000	2
bikes	3.192	3.083	3.117	6
workshops	3.108	3.030	3.064	5
bicycle	3.167	3.100	3.233	3
cycling	3.050	3.100	3.170	2
screenings	3.200	3.150	3.100	2
tbr	3.074	3.052	3.114	5
fossil	3.200	3.050	3.200	2
fuels	3.200	3.050	3.200	2
traveling	3.077	3.122	3.107	9
hobby	3.100	3.050	3.170	2
teach	3.082	3.058	3.158	5
bunch	3.467	3.233	3.167	3
milk	2.648	3.062	3.016	5
grocery	3.100	3.000	3.105	2
workout	3.267	3.100	3.200	3
rescue	2.945	3.252	3.035	11
troy	3.113	3.003	3.080	3
porch	2.848	3.213	2.925	4
highway	3.100	2.880	3.080	5
rent	2.967	3.102	3.088	6
calculate	3.075	2.838	3.075	4
rarely	2.973	2.842	2.987	4
oct	2.948	2.836	3.007	9
cam	3.000	2.970	3.145	2
creations	3.180	3.200	3.125	2
inspired	3.457	3.267	3.030	3
anybody	2.885	2.775	3.065	2
truro	3.043	2.970	3.102	6
shockingly	2.820	3.107	3.160	3
loam	2.650	3.050	2.900	2
fertile	3.005	3.000	3.020	4
patch	2.993	2.947	3.033	3
eco	3.043	3.050	3.000	3
sunset	3.435	3.075	3.100	2
hay	2.924	2.760	2.930	5
tide	2.845	3.505	3.110	2
haying	2.837	2.860	2.967	3
compost	3.030	3.050	3.180	4
oxygen	2.660	2.950	3.010	2
nutrients	2.535	2.825	2.950	2
leaf	3.040	2.997	3.007	3
meanwhile	2.867	2.767	2.800	3
provincetown	3.070	3.050	3.215	2
idyllic	3.500	3.250	3.200	2
quaint	3.150	3.150	2.950	2
folk	3.276	2.938	3.116	5
companionship	3.260	3.060	3.225	2
consume	2.615	3.305	3.062	4
cod	2.935	2.885	2.968	4
sep	2.950	2.712	3.000	6
straw	3.160	3.090	3.117	3
nursery	3.000	2.600	3.175	2
manages	2.650	3.350	2.900	2
lush	3.393	2.847	3.203	3
purchases	3.164	3.050	3.126	5
tucked	3.305	3.100	3.155	2
musical	3.070	2.960	2.875	2
destination	3.263	3.086	3.062	8
trendy	3.095	3.095	3.140	2
priced	2.975	2.900	3.160	2
malls	3.154	2.922	3.134	5
tailor	3.000	2.900	3.070	2
custom	3.100	3.147	3.070	3
garments	3.150	3.290	3.175	2
hkta	3.103	2.841	3.156	7
ping	3.233	2.933	3.233	3
causeway	3.141	2.865	3.037	11
watches	2.995	2.851	3.108	8
diary	3.052	2.948	3.047	4
productions	3.085	3.025	3.040	2
varied	3.035	3.035	3.040	2
buffs	3.185	3.135	3.140	2
jazz	3.050	3.070	3.000	4
talent	2.800	2.890	3.000	2
cinemas	3.070	3.020	2.980	2
sha	3.130	3.013	3.020	21
tsui	3.088	2.958	3.007	13
theaters	3.084	2.830	2.996	5
tsim	3.088	2.958	3.007	13
chai	3.105	2.971	3.086	10
centre	3.053	2.963	2.987	6
performances	3.140	2.900	3.033	3
tsuen	2.950	2.850	3.000	2
tin	3.215	3.015	3.066	11
arenas	3.100	3.100	3.150	2
shan	3.233	3.100	3.167	3
jade	2.978	2.922	3.122	9
cantonese	3.025	2.857	3.025	4
kun	3.250	3.050	3.050	2
elaborate	3.250	2.973	3.083	3
costumes	3.225	2.960	3.125	2
ballet	3.050	2.950	3.175	2
chung	3.025	2.962	3.112	4
theatre	3.170	3.067	3.070	3
albert	3.100	2.950	3.050	2
puppet	3.150	2.950	3.100	2
classic	3.225	3.042	3.020	4
playgrounds	3.150	3.000	3.100	2
shangri	3.350	3.050	3.100	2
lounge	3.127	2.965	3.028	6
towers	3.200	3.015	3.232	4
bananas	3.350	3.300	3.150	2
hostess	2.675	2.875	2.875	2
soho	3.150	3.100	3.050	2
lan	3.100	3.105	3.055	2
kwai	3.067	2.970	3.070	3
lively	3.350	3.050	3.100	2
fong	3.100	3.105	3.055	2
bargains	2.987	3.040	3.025	4
needless	2.153	3.547	2.833	3
locals	3.347	3.087	3.033	3
chatham	3.095	3.235	3.045	2
cruises	3.425	3.097	3.153	6
conditioned	3.575	3.215	3.050	2
floating	2.789	3.067	2.911	8
combine	3.110	3.040	3.210	2
beaches	3.124	3.081	3.098	10
subtropical	3.645	3.055	3.160	2
swim	3.240	2.973	3.073	3
lifeguards	3.100	2.850	3.000	2
stanley	3.080	2.970	3.072	6
repulse	3.170	3.030	3.140	3
shek	3.055	2.945	3.110	2
shing	3.090	2.820	3.045	2
fixed	3.000	3.015	3.075	8
tel	3.094	2.831	3.051	9
courses	3.300	3.050	3.050	2
golf	3.230	3.004	3.066	5
fanling	3.170	2.973	2.973	3
guangzhou	3.119	2.934	3.057	20
sai	3.073	2.797	3.070	3
tuen	3.000	3.025	3.175	2
mun	3.073	2.980	3.153	3
kung	3.073	2.797	3.070	3
silvermine	2.933	2.833	3.033	3
queensway	3.100	2.950	3.050	2
jogging	3.200	2.850	3.250	2
sailing	3.145	2.897	3.108	4
boats	3.085	2.977	3.024	10
yacht	3.060	2.560	3.060	2
tai	3.102	3.043	3.104	11
chi	3.000	2.850	3.000	2
plaza	3.125	3.070	3.040	2
exercises	3.105	2.950	3.110	2
tennis	3.000	2.650	2.950	2
horseracing	3.000	2.785	3.060	2
jockey	3.125	3.000	3.060	2
rugby	3.025	2.835	3.100	2
trams	3.303	3.013	2.933	3
tram	3.081	3.007	3.069	7
coaster	3.450	3.650	3.300	2
roller	3.450	3.650	3.300	2
exhibits	3.180	3.017	3.138	6
trips	3.144	3.084	3.087	7
bun	3.350	3.300	3.225	2
sticky	3.167	3.213	2.990	3
bamboo	3.272	3.122	3.147	6
outlets	3.067	2.867	2.967	3
junk	3.250	3.100	3.000	2
channel	3.150	3.015	3.050	2
copy	3.131	2.771	3.129	7
shipment	3.200	2.750	3.200	2
upscale	3.100	3.020	3.067	3
photographic	3.100	3.100	3.150	2
payable	2.900	2.800	3.050	2
ltd	3.100	2.993	3.067	3
harbour	3.133	3.033	3.133	3
lane	3.125	3.100	3.100	4
terminal	3.082	3.001	3.073	16
bargaining	3.150	2.925	3.110	2
souvenirs	3.233	2.967	3.100	3
conceivable	2.933	3.257	2.873	3
tei	3.000	3.000	3.000	2
kansu	3.000	2.910	3.090	2
yau	3.000	3.000	3.000	2
pearls	3.100	3.100	3.050	2
freshwater	3.100	3.100	3.050	2
inexpensive	3.100	2.880	2.950	2
antiques	3.138	2.950	3.062	8
tomb	3.200	3.050	3.150	4
bronzes	3.200	3.050	3.150	2
possibilities	3.367	3.267	3.067	3
porcelain	3.123	2.845	3.077	8
carvings	3.200	2.950	3.050	4
downs	3.025	3.165	3.075	2
fabrics	3.275	2.795	3.090	2
hing	3.020	2.857	3.073	4
carpets	2.982	2.852	2.968	5
rugs	3.000	2.875	2.940	2
exceptions	2.770	2.905	3.275	2
entertain	3.000	3.200	3.050	2
aberdeen	2.980	2.870	3.063	3
tung	3.000	2.790	3.175	2
ranges	3.000	2.950	3.150	2
carved	3.058	3.150	3.230	4
turquoise	3.615	3.160	3.000	2
authenticity	2.975	2.950	3.180	4
shrine	3.040	2.835	2.975	2
worshipers	3.300	2.800	2.950	2
jardine	3.067	3.067	3.100	3
shaped	3.300	3.100	3.250	2
curio	3.050	2.900	3.000	2
formerly	2.910	2.900	3.107	3
edwardian	3.150	3.250	3.150	2
wong	2.925	2.875	3.100	2
mainstream	2.900	2.990	3.265	2
adjacent	3.067	3.033	3.133	3
gloucester	3.100	3.050	3.100	2
sticks	3.160	3.200	3.175	2
prosperous	3.400	3.365	3.160	2
typhoon	2.960	2.810	3.100	2
shelter	3.066	3.034	3.066	8
revived	3.215	2.855	2.985	2
colonial	3.012	2.912	2.993	12
traders	3.000	2.823	3.033	3
noon	2.700	3.000	2.800	2
signaled	2.900	3.050	2.900	2
mad	2.875	3.127	2.980	4
noel	2.800	3.050	3.100	2
seafarers	3.090	2.635	3.045	2
hau	3.215	2.885	3.085	4
shore	3.175	3.145	3.005	2
reclamation	3.000	2.967	3.000	3
goddess	3.277	2.777	3.067	3
inland	3.110	2.835	3.060	2
racetrack	3.265	2.950	3.055	2
racecourse	3.540	3.315	3.055	2
gamblers	2.605	3.250	2.930	2
ingredients	3.147	3.133	3.173	4
headaches	2.565	3.135	2.865	2
pagodas	3.247	3.247	3.110	3
legends	3.210	3.110	3.010	2
cages	3.300	3.000	3.150	2
songbirds	3.267	2.867	3.000	3
picturesque	3.118	3.064	3.040	5
escalator	3.100	2.833	3.000	3
connaught	3.150	3.050	3.100	2
electric	2.905	2.900	3.000	2
sampans	3.270	3.160	3.155	2
lei	3.100	3.100	3.285	2
highland	3.100	2.800	2.900	2
lowland	3.100	2.800	2.900	2
kingdom	3.000	3.050	3.050	2
commuters	3.150	2.750	3.100	2
complexes	3.190	2.935	3.225	2
replicas	3.200	2.950	3.000	2
temples	3.073	3.100	3.117	3
weaving	3.200	2.700	3.150	2
pottery	3.300	2.950	3.200	2
hills	3.053	2.940	2.998	4
inlet	3.100	3.050	3.000	2
seng	2.850	3.000	2.900	2
lined	3.206	3.006	3.178	5
inhabitants	3.100	2.740	3.060	2
terminus	3.320	3.000	3.270	2
canton	3.130	2.812	3.093	8
flanked	3.300	3.150	2.950	2
imposing	3.050	3.335	2.950	2
fortress	3.000	2.907	3.125	4
comfortable	3.222	2.815	3.098	4
acclaimed	3.000	2.950	3.000	2
calligraphy	3.150	3.000	3.100	2
ceramics	3.125	2.875	3.100	4
antiquities	3.200	3.100	3.200	2
legislative	3.200	3.150	3.200	2
statue	3.109	3.059	2.933	7
ritual	3.200	2.820	3.145	2
matthew	3.000	2.780	3.000	2
practically	2.740	2.940	3.060	2
sculpture	3.058	3.117	3.270	6
ornamental	3.100	3.050	3.105	2
stalls	3.387	3.083	3.190	3
liveliest	3.250	3.135	2.950	2
dine	3.500	3.133	3.200	3
singing	3.175	3.115	3.175	2
daytime	2.900	3.067	2.800	3
boundary	3.050	2.900	3.007	6
yuen	3.140	2.760	3.040	2
pets	2.950	3.150	3.067	3
teak	3.250	3.000	3.000	2
han	3.203	3.060	3.203	3
burial	2.713	3.217	3.200	3
barrel	3.000	2.860	3.085	2
flat	2.916	3.094	3.050	5
hakka	3.140	3.085	3.075	2
nowhere	3.270	3.218	3.163	4
alternative	2.850	3.200	2.800	2
sheung	3.000	2.900	3.100	2
kcr	3.103	2.780	3.133	3
shenzhen	3.252	3.050	3.172	6
glimpse	3.232	3.022	3.132	4
lookout	3.067	2.933	2.967	3
binoculars	3.000	2.833	3.133	3
pei	2.990	2.865	3.050	2
retreat	2.994	3.074	2.998	5
spacious	3.197	2.870	3.230	4
turtle	3.180	2.995	3.115	2
turtles	3.150	3.093	3.207	3
wai	3.116	2.804	2.996	5
kat	3.040	2.810	3.040	2
defensive	3.000	2.850	3.100	2
clan	3.025	2.950	3.075	4
migrated	2.800	2.950	2.850	2
tang	2.967	2.867	3.033	3
narrow	2.927	3.070	2.990	7
ancestral	3.033	2.953	3.013	3
ling	3.000	3.000	2.950	2
survivors	2.665	2.875	2.960	2
mansion	3.320	3.113	3.113	3
mandarin	3.100	2.815	3.100	2
restoration	2.925	3.210	2.785	2
qing	3.160	2.940	3.100	2
builder	3.110	2.940	3.000	2
baroque	3.160	3.040	3.000	2
incense	3.073	3.100	3.083	3
coils	3.060	3.100	3.125	2
shanghai	2.850	2.800	3.150	2
floors	3.125	2.750	3.250	2
tap	3.060	2.895	2.905	2
fishermen	2.883	3.042	2.965	4
monastery	3.066	2.963	3.061	9
hillside	3.335	3.085	3.085	2
buddha	3.023	3.027	2.977	6
toys	3.100	2.950	3.000	2
fountain	3.420	3.370	3.030	2
excursions	3.230	2.987	3.050	3
translate	3.002	2.855	3.018	4
excursion	3.150	3.050	3.100	2
aboard	3.517	3.207	3.183	3
outings	3.250	3.060	3.250	2
mountainous	2.750	3.100	2.900	2
kok	3.265	3.070	3.100	2
populated	2.750	3.000	3.050	2
depart	3.055	2.670	3.000	2
vegetarian	3.150	3.150	3.100	2
decker	3.150	3.000	2.950	2
hikers	2.900	2.850	3.050	2
snakes	2.850	2.760	3.040	2
trek	3.280	3.130	2.963	3
establishment	3.175	2.975	3.030	4
overlooking	3.385	3.135	3.085	2
mediterranean	3.180	3.033	3.100	3
detour	3.065	2.760	3.165	2
paste	3.100	2.720	3.050	2
scenic	3.000	3.050	3.100	2
pier	3.250	3.100	3.050	2
swimming	3.200	3.045	3.050	2
birdwatching	3.260	2.975	3.175	2
deserted	2.867	3.167	3.000	3
yung	3.100	2.950	3.000	2
shue	3.100	2.950	3.000	2
appetite	3.300	3.000	3.100	2
distinctly	2.700	2.900	2.700	2
winding	2.960	3.043	3.000	3
macanese	3.477	3.163	3.277	3
portuguese	3.227	3.037	3.135	12
pearl	3.033	2.867	3.000	3
gateway	3.005	2.993	3.163	4
chapel	3.033	2.960	3.033	3
resulting	3.014	2.870	3.096	5
defenders	2.955	3.098	3.227	6
relax	3.095	2.845	2.965	6
spies	2.950	2.985	3.160	2
nationalities	3.000	3.185	3.060	2
pedicabs	3.295	3.095	3.045	2
pawn	3.000	3.150	3.100	2
easiest	3.050	3.100	3.050	2
landscaped	3.100	2.820	3.070	2
greenhouse	2.847	2.863	2.910	3
jai	3.150	2.950	3.100	2
alai	3.150	2.950	3.100	2
greet	3.100	3.055	3.050	2
palace	3.150	2.860	2.967	3
lightning	2.950	3.245	2.970	2
avenue	3.050	2.750	3.000	2
avenida	3.233	2.933	3.033	3
shaded	3.105	2.755	3.115	2
banyan	3.093	2.800	3.103	4
benches	3.215	3.045	3.105	2
senado	3.100	2.950	2.950	2
leal	3.100	3.050	2.950	2
praise	3.157	3.233	3.123	3
reads	3.017	3.033	3.140	3
sewage	2.450	3.060	2.995	2
monument	3.093	3.052	3.020	4
ruins	2.750	3.400	2.950	2
symbols	3.060	3.060	3.000	2
ambitious	3.175	3.175	3.290	2
saga	3.060	2.775	3.060	2
protestant	3.000	2.950	2.950	2
timeless	3.247	3.313	3.177	3
yat	3.130	2.733	3.017	3
pavilion	3.050	3.050	3.235	2
xian	3.125	2.810	3.210	2
santiago	3.000	2.890	3.000	2
converted	2.733	2.950	2.933	3
taipa	3.092	3.032	3.050	6
pile	2.843	2.813	3.097	3
optional	3.183	2.963	3.103	3
jungle	3.080	3.097	3.027	3
travels	3.030	2.863	3.100	3
fancy	3.045	3.195	3.250	2
ounces	3.047	2.963	3.033	3
handicrafts	3.000	3.000	3.150	2
investigating	3.000	3.100	3.300	2
hearty	3.450	3.310	3.430	2
dish	2.940	2.864	2.988	5
baked	3.150	2.810	3.110	2
ample	3.160	3.150	3.240	2
sparkling	3.200	3.110	3.380	2
designated	3.100	2.700	3.100	2
boards	3.000	2.833	2.933	3
van	3.058	2.940	3.028	5
wealthy	2.947	2.833	3.057	3
autumn	2.935	3.060	3.310	2
throngs	2.935	3.060	3.310	2
rickshaws	3.050	2.935	2.995	2
sedan	3.165	2.945	2.945	2
tended	3.295	3.005	3.160	2
beautifully	3.385	2.865	3.170	2
chkc	3.000	2.950	3.050	2
turbo	3.000	2.950	3.050	2
copper	3.295	3.325	3.000	2
adorn	3.240	3.110	3.060	2
plain	2.950	3.000	3.150	2
monkey	3.070	3.255	3.105	2
foshan	3.075	2.850	3.075	4
studio	2.993	2.733	3.067	3
owning	3.110	3.400	3.160	2
commuter	3.160	3.300	3.160	2
shekou	3.125	2.810	3.175	2
premier	3.100	2.900	3.150	2
surviving	3.050	3.050	3.100	2
terra	2.883	3.173	3.183	3
lodge	2.990	2.790	2.950	2
oasis	3.403	3.260	3.040	3
botanical	3.460	3.015	3.060	2
discipline	3.200	3.000	3.200	2
bonham	3.167	3.067	3.167	3
craft	3.030	3.087	3.030	3
graduate	3.220	3.021	3.137	7
statename	3.000	2.500	3.050	2
firstname	3.000	2.500	3.050	2
faculty	3.500	3.200	3.150	2
mobility	3.000	2.867	3.100	3
mayans	2.768	2.860	3.143	4
reflects	3.025	2.900	3.025	4
illiteracy	2.895	3.000	3.005	2
mayan	2.962	2.961	3.013	12
revitalization	2.960	2.900	2.980	5
peoples	2.901	2.964	3.031	16
languages	2.962	2.948	3.060	8
guatemala	2.868	3.105	3.087	6
linguistic	3.000	3.000	3.085	4
colombian	2.923	2.929	3.067	15
rappaport	2.984	2.805	3.067	11
cosmovision	2.950	2.865	3.000	4
gow	3.031	2.793	3.063	7
cyclic	2.900	2.750	2.950	2
shamans	3.000	2.885	3.045	2
discourse	2.962	2.926	2.976	5
embracing	2.967	2.967	3.007	3
maya	3.000	3.032	3.126	5
divergent	3.055	3.105	3.170	2
guambiano	2.940	3.002	3.000	4
rediscovery	3.175	2.885	3.010	2
fulfilled	3.000	2.900	2.850	2
restore	3.173	3.107	3.143	3
punishments	3.000	2.750	3.050	2
welcomed	2.835	3.005	3.055	2
translation	3.062	2.817	3.030	4
recapture	3.045	3.000	3.105	2
sparked	3.177	3.073	3.070	3
histories	2.890	2.775	2.950	2
influences	2.893	2.783	3.000	3
advocacy	2.960	2.850	3.000	3
oral	2.950	2.700	3.000	2
yuwe	2.950	2.750	3.000	2
necessity	2.900	2.967	3.033	3
establishing	2.933	2.927	3.107	3
onic	2.850	2.950	2.900	2
lacks	2.850	2.950	2.900	2
colonialism	2.920	2.953	3.113	3
arises	3.050	3.100	3.160	2
maintained	3.000	2.900	3.040	3
practices	3.150	2.900	3.010	2
poses	2.950	2.700	3.050	2
codified	3.085	2.870	3.235	2
judicial	3.000	2.833	2.967	3
rhetoric	2.773	2.950	2.973	3
guerrillas	2.558	3.073	2.977	4
traffickers	2.598	3.172	2.847	4
defining	2.845	3.110	3.160	2
repartimento	3.200	3.225	3.125	2
impoverished	3.075	3.070	3.000	2
leftist	2.780	3.203	3.010	3
guerrilla	2.667	3.067	2.900	3
warfare	2.650	3.000	2.900	2
termed	3.045	2.955	3.100	2
diverse	2.983	3.000	2.960	3
mayanism	3.050	2.750	2.850	2
succeeded	3.000	2.750	2.950	2
banner	3.003	2.843	3.127	3
risking	2.850	3.200	3.000	2
guatemalan	2.787	3.167	2.967	3
mayanists	2.930	3.000	3.000	2
renaissance	3.263	2.978	3.080	4
entity	3.690	3.190	3.065	2
gaining	3.237	2.973	3.227	3
referendum	2.968	2.885	3.073	4
backpacking	3.060	2.710	3.125	2
canoeing	3.173	2.783	3.083	3
bicycling	3.060	2.875	3.125	2
skiing	3.060	2.875	3.125	2
huts	3.293	2.997	3.270	3
philadelphia	3.250	3.100	3.100	2
delaware	2.850	2.890	2.950	2
recreational	3.320	3.060	3.320	2
contained	3.235	3.005	3.090	2
forests	3.203	3.145	3.288	6
sustains	3.420	3.165	3.170	2
scenery	3.000	3.250	3.050	2
connecticut	3.350	2.950	3.100	2
frozen	2.800	3.200	2.800	2
prowl	2.950	3.050	3.050	2
migration	3.200	2.950	3.150	2
refuge	3.255	3.095	3.045	2
nesting	3.110	3.000	3.000	2
attending	2.970	3.110	3.220	2
isle	3.067	3.000	3.067	3
chapters	3.200	3.033	3.067	3
enjoyment	3.585	3.312	3.242	4
entitles	3.235	2.930	3.235	2
correspondence	3.200	3.100	3.250	2
aspca	3.080	3.185	3.198	17
astro	2.883	3.183	2.995	12
tail	3.445	3.335	3.165	2
bergh	2.970	3.030	3.120	2
weigh	2.455	3.055	2.735	2
kitten	2.150	3.400	3.150	2
belly	2.980	2.805	3.140	2
primary	3.250	3.200	3.150	2
urgently	2.775	3.780	3.165	2
stickers	3.100	2.979	3.144	9
bureau	3.080	2.707	3.190	3
broadway	3.033	2.507	3.000	3
enroll	3.050	2.785	3.050	2
personalized	3.267	2.893	3.090	3
convenient	3.235	2.995	3.380	2
att	3.160	3.110	3.175	2
destroy	2.645	2.950	3.325	2
surcharge	2.650	3.010	2.815	2
dial	3.060	2.935	3.185	2
benefiting	2.620	2.920	3.013	3
blackbirds	2.617	3.080	3.008	6
lethal	2.070	3.435	2.500	2
fields	2.330	3.276	2.880	5
usda	2.772	3.159	3.022	10
sunflower	2.700	3.100	2.933	3
poisoned	2.200	3.350	2.700	2
grassland	3.143	3.110	3.177	3
audubon	3.261	3.125	3.147	31
watchlist	2.967	2.977	2.997	3
prevail	3.135	3.215	3.165	2
wetlands	3.310	3.310	3.343	7
pesticides	2.690	3.310	3.125	2
chemicals	2.622	3.240	3.072	5
birdfeeder	3.250	3.150	3.100	2
remaining	3.070	3.103	3.137	3
refuges	3.487	3.133	3.220	3
sustain	3.450	3.300	3.200	2
irreplaceable	3.220	3.245	3.050	2
influential	3.060	3.010	3.160	2
prestigious	3.465	3.370	3.370	2
awe	3.360	3.240	3.180	2
mangroves	3.165	3.275	3.390	2
subjects	3.137	3.033	3.187	3
habitats	3.198	3.290	3.202	5
invitations	3.367	3.073	3.240	3
hurts	2.100	3.300	2.900	3
priceless	3.470	3.357	3.080	3
kalsang	3.075	2.980	2.940	4
khenpo	3.075	2.980	2.940	4
tibetan	3.047	2.943	3.007	6
drugstore	2.950	2.900	3.150	2
struck	2.800	3.400	3.000	3
ani	3.120	3.100	3.060	5
cognitive	3.000	3.000	3.100	2
kunga	3.120	3.100	3.060	5
knower	3.000	3.000	2.900	2
externally	3.000	2.950	3.050	2
questionnaires	3.000	2.950	3.150	2
electrical	3.000	2.950	3.150	2
recordings	3.000	2.950	3.150	2
compassion	2.967	2.967	3.000	3
approaches	3.100	3.013	3.070	3
session	3.067	3.000	3.067	6
sutra	2.950	3.050	3.000	2
tuned	3.050	2.800	3.200	2
flags	2.990	2.950	2.910	2
prayer	3.070	3.000	2.955	4
unhappy	2.767	3.233	2.967	3
prayers	3.000	3.100	3.033	3
aspirations	3.200	3.200	2.950	2
offchance	3.150	3.000	2.900	2
aspires	3.250	3.250	3.050	2
happiness	3.100	3.250	3.350	2
semester	3.200	3.150	3.000	2
faded	2.650	3.200	2.900	2
strung	3.000	2.800	3.050	2
bare	2.900	3.100	3.050	2
pdf	3.000	2.650	3.100	2
resolutions	2.999	2.862	3.057	12
mukhopadhyay	3.000	2.960	3.040	5
malleable	2.972	2.872	3.035	6
unlimited	3.041	2.906	3.124	7
venkatarmani	3.000	2.950	3.050	4
unresolved	2.890	2.875	3.010	2
passages	2.933	2.833	3.033	3
questionnaire	3.050	2.900	3.095	2
assessed	3.000	2.950	3.045	2
achievement	3.050	2.900	2.900	2
succeed	3.070	3.130	3.327	3
johar	3.000	2.950	2.950	2
tumbleweed	2.940	3.185	2.995	8
suck	1.900	3.757	3.587	3
roy	2.945	3.090	3.026	42
wished	2.875	2.998	2.710	4
playground	2.900	3.200	2.950	2
forts	2.950	3.150	3.050	2
rusted	3.250	3.000	3.100	2
tires	2.950	3.000	3.200	2
tucker	2.685	3.197	2.966	18
wanna	3.070	2.950	3.020	2
dirty	2.850	2.850	2.950	2
lump	3.090	2.995	3.095	2
yucca	3.000	2.805	3.070	2
pluck	2.800	3.005	2.845	2
tray	2.900	2.850	3.050	2
rayburn	2.900	2.780	3.000	2
cinder	2.810	3.125	2.955	2
disgust	2.400	3.428	3.105	4
accident	3.160	3.055	3.105	2
sideways	2.850	3.050	2.850	2
painful	2.442	3.080	3.005	4
blew	2.540	3.125	2.860	2
gonna	2.640	3.023	2.973	3
screwdriver	3.060	3.270	3.270	2
rip	2.600	3.250	3.100	2
rounded	2.745	3.665	2.955	2
spool	3.180	2.870	3.175	2
stab	2.517	3.353	3.173	3
nah	2.685	3.000	2.810	2
soothe	2.890	3.060	3.215	2
compromise	2.965	2.910	3.365	2
tasha	2.976	3.095	3.027	53
cortez	3.115	3.075	3.113	6
holo	3.000	3.100	3.000	2
warmest	3.450	3.200	3.150	2
uncle	3.050	2.750	3.100	2
stopbox	3.108	2.942	3.126	5
capturador	3.080	2.978	3.158	4
mama	3.160	2.795	3.100	2
lent	3.160	2.850	3.155	2
pretend	2.804	3.144	3.082	5
vid	2.845	3.095	2.950	2
vega	3.144	2.990	3.058	5
gabriel	2.875	3.110	3.040	2
malaquez	3.017	3.014	3.049	27
emiliano	3.050	2.950	3.200	2
bull	2.550	3.450	3.150	2
cake	2.923	3.053	2.920	3
wandering	3.300	2.900	2.950	2
terran	3.270	2.967	3.123	3
apulcan	2.900	2.900	2.950	2
bothered	2.827	3.080	3.005	4
intrigued	3.050	3.400	2.950	2
cleaned	2.400	2.690	3.005	2
enciclopedia	3.000	3.000	2.930	2
paraphrase	2.480	3.620	3.130	2
illusion	2.733	3.077	2.863	3
portraits	3.000	2.807	3.000	3
moreover	2.785	2.970	3.115	2
stopboxes	3.210	2.900	3.100	4
sealed	3.000	2.750	3.200	2
universe	2.757	3.169	3.027	9
cubes	3.050	3.100	3.100	2
closets	2.865	3.040	3.050	2
locks	3.030	3.200	3.110	2
cheese	2.920	3.090	3.000	2
mindwipe	2.834	2.938	3.046	5
melodramatic	3.000	2.800	3.050	2
bernardo	2.785	3.031	2.991	8
apulco	3.040	2.872	3.027	4
nardo	2.967	3.355	3.150	10
emil	3.095	3.108	3.090	22
ignorant	2.980	3.095	3.050	2
undersider	2.940	3.100	3.040	2
pesos	2.750	2.800	2.850	2
jealous	2.357	3.247	2.987	3
comedy	2.967	3.033	3.040	3
affair	3.060	3.175	3.025	2
socialized	2.693	3.533	3.060	3
truthfully	3.067	3.067	3.167	3
couch	3.173	2.837	3.037	3
handsome	3.150	3.250	2.950	2
ugly	2.560	3.100	3.143	6
laugh	3.055	3.015	3.000	2
genius	2.848	2.958	3.005	4
prints	3.032	2.958	3.088	4
undersiders	2.917	2.833	2.870	3
bits	3.060	3.115	3.060	2
reefs	3.410	3.320	3.280	2
frodo	2.950	2.960	2.973	3
pet	2.967	2.970	2.992	10
furry	3.083	2.917	3.017	3
joking	2.900	3.200	3.300	2
kindly	3.400	3.060	2.950	2
permit	2.990	3.000	2.825	2
shrugged	2.756	2.922	2.933	9
circles	3.400	3.250	3.100	2
sentences	3.000	2.800	3.100	2
apulcans	3.060	3.210	3.110	2
noram	2.890	3.220	3.165	2
embarrassed	2.483	3.270	2.890	3
muttered	3.150	3.150	3.100	2
wondered	2.980	3.127	2.897	7
pursed	2.665	2.950	3.160	2
slept	2.520	3.165	2.830	2
bedroom	3.090	2.973	2.933	3
forgive	2.600	3.150	2.800	2
polished	3.200	2.950	3.000	2
smiling	3.700	3.330	2.973	3
gesture	3.063	3.100	3.033	3
cube	2.650	3.150	2.950	2
coral	3.110	3.120	3.280	2
slug	2.610	3.250	3.150	2
immortal	2.667	3.147	2.967	3
materialized	2.690	3.070	2.940	2
rental	2.867	2.883	3.033	3
masterpiece	3.200	2.933	3.267	3
flynn	3.113	3.062	2.972	6
mindsmith	2.690	3.000	3.040	2
indulgences	3.010	3.000	3.195	2
wipe	2.997	3.037	3.157	3
pretentious	2.900	3.100	3.200	3
intelligence	2.962	3.122	3.026	5
papa	2.860	2.895	2.900	2
obscenely	2.635	2.885	3.160	2
inefficient	2.460	2.967	2.850	3
meals	3.070	2.733	3.113	3
evading	2.650	3.100	2.750	2
airborne	2.727	3.185	3.206	11
slaughter	2.600	3.100	3.100	2
alaskans	2.954	3.056	3.149	7
reinstate	2.900	3.200	3.173	3
advisory	2.930	3.110	3.175	4
barbaric	2.350	3.500	3.250	2
snowy	2.520	3.070	3.055	2
voter	3.000	3.050	3.000	2
expenses	3.000	2.995	3.055	2
backing	2.893	2.937	3.067	3
succeeds	2.783	2.893	3.060	3
wiring	2.945	3.175	2.950	2
detroit	2.935	3.179	3.070	36
corporatism	2.800	3.200	2.933	3
capitalism	2.800	3.200	2.933	3
greatness	3.000	3.250	2.900	2
phase	2.735	3.080	2.880	2
sane	2.980	3.070	3.265	2
fortunes	2.635	2.980	2.970	2
mercenaries	2.550	3.300	2.950	2
gratitude	3.050	3.150	3.150	2
rust	2.900	2.975	2.925	4
horse	2.850	3.750	3.100	2
sink	2.900	3.283	2.973	3
lumpy	3.033	3.083	3.100	6
gotta	3.150	3.600	3.150	2
unmidas	2.867	3.200	3.167	3
decaying	2.600	3.200	3.150	2
decay	2.750	2.950	3.050	2
otters	2.850	3.400	3.140	3
jan	2.900	2.650	3.000	2
freaking	3.820	3.845	3.335	2
brad	3.000	2.933	3.067	3
mississippi	3.250	2.950	3.050	2
earp	2.800	3.350	3.000	2
thumbs	2.650	3.300	2.900	2
honda	2.523	3.370	2.970	3
patched	2.850	3.095	3.140	2
plagued	2.385	3.080	2.970	2
nyt	2.850	3.100	3.000	2
catastrophic	2.465	2.945	2.790	2
belle	3.100	3.150	3.050	2
yorkers	3.100	3.467	3.167	3
neat	3.100	2.850	2.900	2
buddies	3.050	3.000	3.070	2
recommendation	3.030	3.090	3.105	4
tearing	3.050	3.400	3.050	2
innovation	3.355	3.405	3.020	2
machine	2.860	2.997	3.140	3
linguistics	3.165	2.945	3.055	2
sip	3.100	2.967	3.067	3
scared	2.450	3.450	2.700	2
moai	3.020	3.100	3.040	5
hawaiian	2.820	3.070	2.805	2
gestures	2.860	2.743	2.970	3
nui	2.970	2.893	2.963	3
rapa	2.970	2.893	2.963	3
knox	2.833	2.710	2.960	3
waitress	2.725	2.875	3.150	2
keys	2.640	3.287	3.093	3
dots	2.720	2.895	2.945	2
ticket	2.890	3.110	3.000	2
cartel	2.805	3.072	3.080	4
cop	2.967	2.963	3.000	3
thief	2.570	2.730	2.935	2
softer	2.515	2.675	2.715	2
buddy	2.750	3.200	3.150	2
parole	2.350	3.400	3.100	2
rongorongo	3.050	3.050	3.150	2
fischer	3.055	2.790	3.055	2
ears	2.900	2.950	2.850	2
flipped	3.215	3.010	3.210	2
tapped	2.910	2.940	2.890	2
mnemonic	3.150	3.000	3.100	2
huh	2.975	3.040	3.175	2
impaired	3.333	3.267	3.133	3
visually	3.333	3.267	3.133	3
bosnia	3.050	2.950	2.930	2
lagged	3.240	3.235	3.150	2
walker	3.240	3.235	3.150	2
zipping	3.240	3.235	3.150	2
cane	3.093	3.190	3.067	3
envied	3.350	3.400	3.205	2
jay	3.900	3.950	3.700	2
aries	3.450	3.050	3.200	2
gossip	3.120	2.923	3.163	3
lighting	3.145	2.715	3.200	2
barkeep	2.750	2.890	2.790	2
sarah	2.925	2.989	3.018	28
champagne	3.123	2.983	3.183	3
abstract	3.050	2.850	2.860	2
jefferson	2.964	2.996	2.994	10
lightscreen	2.840	2.804	2.984	5
dances	3.050	3.200	3.000	2
prior	2.900	3.050	3.000	2
kishori	3.004	2.922	3.074	13
ray	2.873	2.996	2.953	20
alexis	2.990	2.998	2.989	8
suffocating	2.450	3.550	2.650	2
bell	2.900	3.160	2.933	3
chandeliers	2.570	3.153	2.887	3
engines	3.000	2.645	3.075	2
malfunctioned	2.655	3.070	2.930	2
couches	3.077	3.095	3.160	4
ballroom	3.060	3.290	3.030	2
adrienne	2.869	3.026	2.996	35
blond	2.900	3.125	2.900	2
wreck	2.705	3.112	2.825	4
tiffany	3.031	3.071	3.126	13
swirled	3.050	3.100	3.050	2
cliques	2.950	2.840	3.010	2
aging	3.150	2.750	3.150	2
bleak	2.410	2.978	2.793	4
gestured	2.850	2.975	2.800	2
luxuries	3.520	3.387	3.387	3
skeptical	2.675	3.150	2.900	2
snorted	3.200	3.050	3.250	2
renegade	2.515	3.285	3.115	2
smugglers	2.515	3.285	3.115	2
chorus	3.050	3.200	3.200	2
steepled	2.900	2.915	2.915	2
revolting	2.485	3.410	3.400	2
rebellion	3.010	3.317	3.393	3
selected	3.200	3.200	3.050	2
carpeting	2.947	2.957	3.022	4
conscious	2.733	3.000	2.500	3
gaze	3.030	2.992	3.055	4
uncomfortable	2.453	2.877	2.927	3
exchanged	3.050	3.000	3.100	2
indisposed	2.810	2.850	2.883	3
pecans	2.950	2.850	2.900	2
objected	2.585	3.250	3.060	2
singularly	2.590	2.945	2.790	2
intense	3.000	3.100	2.950	2
armchair	2.880	2.765	2.860	2
novels	2.927	2.967	2.893	3
consumed	3.000	3.000	2.925	2
crackers	3.350	3.050	3.200	2
delectable	3.140	3.110	3.150	2
pyrope	2.950	2.950	2.950	2
dunbar	3.205	3.015	3.060	2
refuses	2.547	3.343	3.347	3
plush	3.400	3.000	3.100	3
meters	3.050	2.715	3.050	2
dosage	3.000	2.885	3.055	2
corridors	2.995	2.915	3.145	2
crewmates	2.600	3.227	2.893	3
suffocate	1.935	3.310	2.250	2
jesse	2.600	3.145	3.055	2
grave	2.650	3.400	3.050	2
selective	3.050	2.900	3.450	2
blisters	2.980	2.930	3.285	2
requested	2.900	2.950	3.050	2
scrawny	2.350	3.425	3.050	2
stations	3.170	3.005	3.050	2
liking	3.735	3.195	3.315	2
chatter	2.993	3.173	3.067	3
drowning	2.495	3.305	2.930	2
hsus	3.230	3.120	3.158	5
mounting	2.800	3.150	3.100	2
registration	2.939	2.953	3.084	11
solicitation	3.060	2.850	3.050	2
charitable	3.060	2.850	3.050	2
flown	3.000	2.930	3.170	2
mileage	3.200	3.090	3.243	4
lessig	3.220	3.110	3.137	4
padraic	2.850	2.950	3.100	2
mandatory	3.067	3.027	3.033	3
voluntary	2.975	2.875	3.000	2
externality	3.000	2.790	3.050	2
internalize	3.000	2.790	3.050	2
quants	2.673	2.943	2.917	3
fees	2.612	2.922	2.795	4
footprint	2.900	3.160	3.240	5
offset	3.100	3.026	3.160	13
gore	2.875	3.025	3.050	2
offsets	2.950	2.914	3.010	9
accrue	3.215	2.850	2.950	2
submit	3.033	2.840	2.990	3
unbelievably	2.440	3.000	2.875	2
consultancy	2.680	2.940	2.895	2
intuitions	2.695	3.335	3.050	2
jason	3.300	2.950	3.050	2
auctions	3.050	3.015	3.000	2
pawprints	2.570	3.060	2.865	2
tarrin	3.170	3.645	3.185	2
arrallin	2.975	3.072	3.122	4
harmon	2.882	3.207	3.210	4
psi	2.875	3.000	3.000	2
terminated	2.640	2.895	2.795	2
beta	2.450	3.150	3.300	2
insurrection	2.900	3.100	3.050	2
trimmed	2.785	2.875	3.125	2
nickel	2.960	3.013	2.982	4
watery	3.350	3.165	3.175	2
quarterly	3.000	3.100	3.200	2
mcgrath	2.850	3.000	2.900	2
seltzer	2.713	3.112	2.928	6
riverhead	2.850	3.000	2.900	2
lied	2.850	3.000	2.900	2
comic	3.245	3.040	3.095	2
invariably	2.800	2.950	2.900	2
schulman	3.050	2.850	3.100	2
tayari	3.000	2.600	3.100	2
specify	2.867	2.967	3.067	3
itineraries	3.055	2.940	3.070	2
cabins	3.150	3.200	3.300	2
sail	3.083	3.008	3.075	4
contract	2.970	3.010	3.068	4
ninja	3.137	3.020	3.063	6
caribbean	2.700	3.000	3.000	2
zombies	3.094	2.986	3.016	7
ninjas	3.050	3.100	3.150	4
twilight	3.550	3.580	3.070	2
zombie	3.007	2.773	2.893	3
archetypes	3.045	2.740	2.995	2
categories	2.900	3.000	3.200	2
dtv	3.253	3.175	3.160	11
contracts	3.170	2.837	3.070	3
satellite	2.900	3.000	3.010	2
acquisition	3.007	2.961	3.031	11
toronto	3.033	2.860	3.000	3
timex	2.987	2.787	3.080	3
preferences	2.930	2.630	3.070	2
tariff	2.980	2.905	3.120	2
editions	3.000	3.250	3.250	2
erbamont	3.000	2.900	3.120	2
montedison	3.000	2.900	3.120	2
owns	3.110	2.968	3.158	6
dividend	2.780	2.840	2.940	5
warrants	3.070	2.930	3.120	2
shareholder	3.057	2.815	3.110	6
exercised	3.107	3.003	3.243	3
integra	3.163	2.853	3.193	3
hallwood	3.160	2.950	3.205	2
perpetual	3.000	2.850	2.950	2
holders	2.765	3.010	2.890	2
preferred	3.014	2.897	3.017	7
convertible	3.150	3.150	3.110	3
conversion	3.160	3.110	3.050	2
stieglitz	3.100	2.885	2.990	2
referenda	3.045	2.800	2.870	2
patrick	3.050	2.940	2.880	2
mcguigan	3.050	2.940	2.830	2
ratcheting	3.045	2.800	2.870	2
reflect	2.875	2.865	3.035	2
merchandising	3.110	2.935	3.170	2
fiber	3.050	3.000	3.050	2
diaper	3.012	2.930	3.082	6
fasteners	3.100	2.950	3.100	2
marketed	3.000	2.950	3.000	2
oklahoma	3.050	2.870	3.050	2
appointment	2.900	2.950	3.000	2
taylor	2.900	2.950	3.100	2
citadel	2.833	3.000	3.067	3
reed	2.757	2.890	3.053	3
pence	3.082	2.970	3.058	5
plc	2.982	2.893	3.143	4
pretax	2.950	2.950	3.000	2
restructuring	2.782	2.936	2.930	5
disposal	2.813	2.943	3.063	3
guilders	3.008	2.852	3.116	5
dsm	3.050	2.917	3.123	3
substantially	3.203	2.967	3.103	3
financing	2.880	3.107	3.103	3
elco	2.885	3.050	2.890	2
analyst	2.835	2.950	2.990	2
oshkosh	2.945	2.820	3.000	2
earthquake	2.790	3.045	3.000	2
hugo	2.973	3.027	3.033	3
casualty	2.650	3.050	2.900	2
primerica	3.027	2.880	3.000	4
edelman	2.900	3.100	3.100	3
ackerman	2.853	3.055	3.120	4
intelogic	2.997	2.993	3.203	3
alternatives	3.070	3.015	3.245	2
maximize	2.945	2.790	3.105	2
marty	2.855	2.910	3.090	2
telerate	3.130	3.032	3.255	6
tendered	3.033	3.000	2.967	3
directors	2.890	2.945	3.165	2
lama	2.995	2.865	3.070	4
equus	2.993	2.860	3.133	3
reuters	3.032	3.030	3.002	9
reupke	2.952	2.965	3.033	6
executives	3.053	2.942	2.995	4
dunkin	2.960	2.880	2.860	5
unicorp	3.060	2.800	3.010	2
withdrawal	2.800	2.950	2.750	2
cara	3.000	2.690	2.950	2
bids	3.050	3.050	3.200	2
conn	2.675	2.930	3.070	2
savin	2.767	3.033	3.000	3
softening	2.950	3.050	3.050	2
competes	2.950	3.050	3.050	2
rms	2.817	2.913	2.963	3
mcalpine	3.203	3.060	3.175	4
ratners	3.162	2.978	3.064	5
weisfield	3.067	2.933	3.000	3
subsidiary	2.950	3.100	3.150	2
fluctuation	3.150	3.000	3.150	2
unsecured	2.950	2.860	3.190	2
creditors	2.937	2.877	3.097	3
coleco	2.783	2.943	2.917	3
bankruptcy	2.826	2.916	2.906	5
jointly	2.950	3.050	3.000	2
peters	2.920	2.950	3.123	3
guber	2.920	2.950	3.123	3
crum	2.680	2.977	3.067	3
forster	2.680	2.977	3.067	3
xerox	2.713	2.953	3.033	3
upjohn	3.060	2.983	3.022	9
implementation	3.185	2.875	3.190	2
anticipates	3.185	2.875	3.190	2
headcount	3.055	2.945	3.000	2
waertsilae	2.919	2.998	3.056	8
markkaa	3.003	2.970	3.070	3
shipyard	3.067	2.877	3.033	3
finnish	3.005	2.955	2.955	2
ralston	2.783	2.893	3.010	6
volume	2.900	2.900	3.150	2
matchett	2.600	3.100	2.850	2
espionage	2.820	3.055	3.070	2
erased	2.785	2.970	3.265	2
goode	2.830	2.900	3.190	2
gorbachev	2.830	2.900	3.190	2
soviets	2.930	3.200	3.090	2
trader	3.050	3.000	3.100	2
bogota	2.265	3.225	2.890	2
lords	2.535	3.405	3.025	2
medellin	2.650	3.180	3.245	2
espectador	2.800	3.100	3.200	2
monterrey	2.717	3.173	3.093	3
hemisphere	2.400	3.250	2.700	2
panama	2.440	3.173	2.850	3
noriega	2.513	3.240	2.940	3
cuba	2.400	3.000	2.950	2
sandinistas	2.750	3.060	3.065	2
castro	2.748	3.005	3.142	4
ranking	3.000	3.150	3.100	2
barco	3.007	2.967	3.053	3
rhinos	2.875	3.325	3.190	2
wwf	2.958	3.122	2.998	4
renew	3.167	2.933	3.200	3
