word	raw_rating	conc_aligned
暗笑	2.667	3.333
黯然	4.185	1.815
昂首	2.222	3.778
白人	1.630	4.370
绑架	1.778	4.222
榜样	2.778	3.222
迸发	3.808	2.192
裨益	4.125	1.875
波折	3.538	2.462
车费	1.407	4.593
充裕	3.154	2.846
打字	1.444	4.556
歹毒	3.074	2.926
待遇	2.704	3.296
抵抗	2.852	3.148
地方	2.500	3.500
垫脚	1.885	4.115
短缺	3.333	2.667
对抗	2.926	3.074
发亮	2.000	4.000
方言	1.926	4.074
防身	2.815	3.185
非法	2.926	3.074
风俗	2.926	3.074
隔离	2.963	3.037
耕作	2.037	3.963
公厕	1.222	4.778
公演	2.077	3.923
古物	2.148	3.852
挂号	1.852	4.148
怪物	2.926	3.074
光临	2.889	3.111
过渡	3.577	2.423
憾事	3.560	2.440
行情	3.192	2.808
痕迹	2.519	3.481
欢迎	2.556	3.444
回答	2.370	3.630
毁灭	3.111	2.889
肌肤	1.500	4.500
缉私	3.000	3.000
建制	3.792	2.208
鉴定	3.038	2.962
介入	3.077	2.923
晶莹	3.346	2.654
精品	2.815	3.185
竞技	2.444	3.556
可爱	3.000	3.000
哭泣	1.926	4.074
夸大	3.185	2.815
朗读	1.630	4.370
犁田	1.577	4.423
炼丹	2.462	3.538
笼统	4.423	1.577
螺丝	1.222	4.778
落后	3.423	2.577
面前	2.885	3.115
描绘	2.963	3.037
瞄准	2.148	3.852
灭口	2.407	3.593
民事	2.885	3.115
飘浮	3.407	2.593
苹果	1.259	4.741
潜艇	1.296	4.704
庆祝	2.808	3.192
求雨	3.000	3.000
取景	2.769	3.231
人证	1.885	4.115
桑拿	1.630	4.370
扇贝	1.185	4.815
摄影	2.000	4.000
身家	3.296	2.704
师资	2.963	3.037
施展	3.500	2.500
石油	1.333	4.667
弑父	2.704	3.296
受训	2.963	3.037
属性	4.259	1.741
署长	2.042	3.958
水池	1.222	4.778
水质	2.923	3.077
丝绸	1.370	4.630
私刑	2.519	3.481
太监	1.704	4.296
倘佯	4.333	1.667
讨好	3.296	2.704
特区	2.320	3.680
天资	3.778	2.222
铁门	1.296	4.704
听见	2.370	3.630
推测	3.500	2.500
外贸	2.370	3.630
偎依	2.889	3.111
围棋	1.296	4.704
未婚	1.885	4.115
文艺	3.407	2.593
握手	1.444	4.556
无尽	4.360	1.640
无人	2.500	3.500
溪水	1.222	4.778
鲜花	1.148	4.852
消沉	3.778	2.222
薪俸	2.360	3.640
羞耻	3.346	2.654
秀发	1.444	4.556
序列	2.962	3.038
学历	1.889	4.111
雪崩	1.778	4.222
雪糕	1.115	4.885
引燃	2.741	3.259
永久	3.731	2.269
越轨	3.095	2.905
越过	2.778	3.222
晕倒	1.778	4.222
杂物	2.222	3.778
宅院	1.370	4.630
招手	1.704	4.296
中弹	1.926	4.074
重复	2.815	3.185
竹签	1.370	4.630
主席	1.840	4.160
状元	1.852	4.148
祖先	2.308	3.692
鳟鱼	1.500	4.500
罢工	2.333	3.667
办法	3.259	2.741
帮会	2.444	3.556
包含	4.000	2.000
被窝	1.519	4.481
笨重	3.037	2.963
表露	3.760	2.240
拨冗	4.143	1.857
菠萝	1.185	4.815
残缺	3.407	2.593
纯朴	3.593	2.407
辍学	2.185	3.815
醋意	3.640	2.360
错误	2.852	3.148
搭乘	2.148	3.852
大权	3.296	2.704
胆识	3.926	2.074
地雷	1.741	4.259
叮嘱	2.815	3.185
盾牌	1.741	4.259
多余	3.462	2.538
发出	3.333	2.667
费用	2.259	3.741
拂晓	2.731	3.269
搞鬼	3.615	2.385
哽咽	2.667	3.333
公子	2.077	3.923
贵重	2.963	3.037
还是	4.318	1.682
航线	2.074	3.926
耗材	2.630	3.370
恒心	3.630	2.370
侯门	3.087	2.913
厚道	3.593	2.407
即兴	3.926	2.074
技能	2.963	3.037
歼灭	3.111	2.889
将来	3.692	2.308
拮据	3.111	2.889
锦旗	1.481	4.519
韭菜	1.115	4.885
绝交	3.115	2.885
克服	3.519	2.481
离谱	3.630	2.370
理发	1.630	4.370
辽阔	3.538	2.462
霉菌	2.222	3.778
美观	3.593	2.407
迷雾	2.741	3.259
免责	3.304	2.696
名贵	3.259	2.741
摩托	1.192	4.808
男士	1.370	4.630
泥鳅	1.185	4.815
奴才	2.370	3.630
糯米	1.222	4.778
派驻	3.185	2.815
泡菜	1.481	4.519
坡道	1.778	4.222
扑救	3.074	2.926
朴素	3.667	2.333
期货	2.960	3.040
气氛	4.037	1.963
气色	3.259	2.741
前任	2.360	3.640
前夕	3.185	2.815
切片	2.500	3.500
轻蔑	3.593	2.407
清除	2.962	3.038
确保	3.500	2.500
人品	3.704	2.296
仁爱	3.481	2.519
任教	2.885	3.115
容易	3.407	2.593
糅合	3.680	2.320
纱窗	1.259	4.741
山脉	1.519	4.481
设计	3.259	2.741
生物	2.704	3.296
受刑	2.778	3.222
赎身	2.889	3.111
水饺	1.296	4.704
顺产	1.963	4.037
岁月	3.963	2.037
探望	2.704	3.296
提供	3.333	2.667
剃刀	1.481	4.519
天桥	1.519	4.481
瞳孔	1.481	4.519
脱节	3.692	2.308
鸵鸟	1.259	4.741
伪造	3.185	2.815
尾灯	1.778	4.222
文凭	1.926	4.074
西部	3.038	2.962
牺牲	3.080	2.920
洗冤	3.500	2.500
细腻	3.926	2.074
细致	3.731	2.269
下层	3.346	2.654
险境	3.185	2.815
像样	3.960	2.040
小偷	1.704	4.296
心理	3.500	2.500
型号	2.654	3.346
修订	2.615	3.385
血压	2.037	3.963
阳光	1.704	4.296
因素	3.885	2.115
阴险	3.654	2.346
影展	1.958	4.042
鱼饵	1.704	4.296
远亲	2.481	3.519
越洋	3.000	3.000
在意	3.741	2.259
择偶	2.615	3.385
展露	3.269	2.731
珍重	3.593	2.407
整理	2.538	3.462
种植	2.333	3.667
株连	3.846	2.154
专业	2.923	3.077
遵守	3.308	2.692
肮脏	3.219	2.781
胞弟	1.625	4.375
备用	3.062	2.938
奔放	3.719	2.281
笔划	1.818	4.182
鞭策	3.606	2.394
辩论	2.848	3.152
标志	2.625	3.375
缤纷	3.733	2.267
并重	4.074	1.926
博学	3.788	2.212
残酷	3.364	2.636
常见	3.219	2.781
怅然	3.935	2.065
吃苦	3.121	2.879
齿轮	1.667	4.333
抽筋	2.152	3.848
闯祸	2.781	3.219
撮合	3.188	2.812
打仗	2.156	3.844
低音	2.455	3.545
底片	2.030	3.970
恫吓	3.594	2.406
赌徒	1.939	4.061
厄运	3.562	2.438
噩梦	3.182	2.818
儿童	1.424	4.576
发扬	3.727	2.273
反扑	3.581	2.419
方法	3.455	2.545
诽谤	3.394	2.606
伏特	3.062	2.938
改观	3.697	2.303
干杯	2.061	3.939
干劲	3.438	2.562
告发	3.061	2.939
估价	2.939	3.061
骨头	1.606	4.394
怪诞	3.968	2.032
关节	1.667	4.333
过程	3.485	2.515
还手	2.697	3.303
号称	3.419	2.581
合作	2.750	3.250
核对	2.576	3.424
烘烤	1.939	4.061
华裔	1.656	4.344
魂魄	4.400	1.600
极品	3.562	2.438
加工	2.515	3.485
假扮	2.970	3.030
解梦	3.909	2.091
巾帼	2.719	3.281
晋见	3.097	2.903
精确	2.939	3.061
旧制	3.097	2.903
看到	2.152	3.848
渴望	3.515	2.485
蓝天	1.515	4.485
勒令	3.065	2.935
联赛	2.121	3.879
凌厉	3.697	2.303
羚羊	1.152	4.848
绿洲	1.969	4.031
冒雨	2.182	3.818
没趣	3.677	2.323
猛兽	2.212	3.788
蘑菇	1.242	4.758
陌生	3.375	2.625
内功	3.871	2.129
排球	1.333	4.667
炮火	1.879	4.121
切割	2.364	3.636
秦朝	1.750	4.250
取消	2.688	3.312
全国	2.212	3.788
确定	2.455	3.545
少女	1.879	4.121
审查	2.909	3.091
失手	3.182	2.818
收服	3.188	2.812
手笔	3.233	2.767
手枪	1.212	4.788
束缚	3.697	2.303
竖立	2.848	3.152
甩开	3.152	2.848
苏打	1.844	4.156
素材	2.879	3.121
算数	2.781	3.219
隧道	1.455	4.545
塔顶	1.545	4.455
太好	3.645	2.355
天敌	2.879	3.121
吞吐	3.273	2.727
挽回	3.273	2.727
危险	3.061	2.939
胃酸	1.939	4.061
文件	1.909	4.091
卧底	2.438	3.562
喜讯	2.606	3.394
衔接	3.226	2.774
现实	3.030	2.970
享用	3.091	2.909
消极	3.818	2.182
小我	3.862	2.138
孝敬	2.879	3.121
星光	2.242	3.758
哑铃	1.212	4.788
眼花	3.182	2.818
演讲	2.061	3.939
燕窝	1.485	4.515
养育	3.121	2.879
药厂	1.515	4.485
椰子	1.273	4.727
夜景	2.242	3.758
腋下	1.515	4.485
义气	3.719	2.281
驿站	2.212	3.788
有心	3.758	2.242
越狱	2.000	4.000
早报	1.788	4.212
质问	3.152	2.848
赘言	3.357	2.643
钻探	2.667	3.333
奥运	2.121	3.879
搬运	1.939	4.061
宝座	2.424	3.576
抱怨	3.545	2.455
悲剧	3.758	2.242
便衣	2.667	3.333
餐桌	1.273	4.727
侧重	3.758	2.242
差额	3.032	2.968
孱弱	3.594	2.406
沉痛	3.697	2.303
代理	2.939	3.061
弹性	3.424	2.576
登录	2.250	3.750
地牢	2.000	4.000
递补	3.429	2.571
肚脐	1.394	4.606
队形	2.031	3.969
防守	2.727	3.273
分心	3.364	2.636
干洗	2.000	4.000
攻守	3.061	2.939
鼓掌	1.788	4.212
刮风	1.848	4.152
官长	2.233	3.767
管乐	2.182	3.818
广播	1.909	4.091
鬼混	4.000	2.000
囫囵	3.935	2.065
花蜜	1.939	4.061
化石	1.576	4.424
环保	2.970	3.030
急救	2.152	3.848
忌日	2.219	3.781
寄托	4.000	2.000
家庭	2.182	3.818
尖端	3.156	2.844
检讨	2.788	3.212
见笑	3.727	2.273
缴械	2.636	3.364
戒毒	1.909	4.091
紧急	3.219	2.781
进取	3.485	2.515
禁毒	2.333	3.667
境界	4.250	1.750
纠缠	3.545	2.455
久远	3.303	2.697
臼齿	1.867	4.133
剧本	1.909	4.091
绝望	3.576	2.424
犒劳	3.212	2.788
可靠	3.364	2.636
可取	3.258	2.742
空隙	2.844	3.156
来源	3.152	2.848
蓝图	3.562	2.438
寥寥	4.030	1.970
镣铐	1.939	4.061
轮奸	2.000	4.000
屡次	3.194	2.806
麻烦	3.281	2.719
麦田	1.545	4.455
卖力	3.273	2.727
茂密	3.152	2.848
眉笔	1.333	4.667
门徒	2.375	3.625
迷惘	4.161	1.839
免税	2.152	3.848
拇指	1.273	4.727
能量	3.636	2.364
念书	1.939	4.061
皮蛋	1.333	4.667
平民	2.031	3.969
凄凉	3.812	2.188
期望	3.939	2.061
起初	3.375	2.625
抢救	2.188	3.812
清贫	3.152	2.848
丘脑	2.714	3.286
劝导	3.273	2.727
劝告	3.091	2.909
瘸腿	1.636	4.364
认真	3.303	2.697
日出	1.667	4.333
冗长	3.688	2.312
升值	3.000	3.000
生活	3.273	2.727
圣灵	4.300	1.700
圣言	3.733	2.267
试探	3.394	2.606
赎罪	3.344	2.656
水手	1.727	4.273
瞬间	3.667	2.333
叹息	2.788	3.212
贴现	3.074	2.926
伟大	3.848	2.152
屋子	1.515	4.485
熄灭	2.424	3.576
鲜嫩	2.970	3.030
闲话	2.939	3.061
详尽	3.303	2.697
向上	2.719	3.281
胸襟	3.844	2.156
雄辩	3.188	2.812
雄姿	3.455	2.545
巡回	3.182	2.818
训斥	2.848	3.152
延误	3.094	2.906
研发	3.062	2.938
仰卧	1.758	4.242
野蛮	3.455	2.545
衣架	1.121	4.879
疫情	2.606	3.394
婴儿	1.242	4.758
影子	2.212	3.788
永眠	3.303	2.697
诱惑	3.727	2.273
展示	2.909	3.091
正职	2.344	3.656
支持	2.970	3.030
职员	1.727	4.273
重婚	2.061	3.939
诸侯	2.394	3.606
哀号	2.778	3.222
鹌鹑	1.333	4.667
版本	2.778	3.222
伴奏	2.269	3.731
必修	2.423	3.577
搏斗	1.778	4.222
不便	3.704	2.296
裁缝	1.481	4.519
苍蝇	1.154	4.846
茶几	1.333	4.667
蝉鸣	1.667	4.333
抄家	2.615	3.385
赤脚	1.741	4.259
抽象	4.423	1.577
除非	3.538	2.462
船员	1.481	4.519
大人	2.556	3.444
盗版	2.654	3.346
登岸	2.269	3.731
堤岸	1.923	4.077
电信	2.577	3.423
钓鱼	1.481	4.519
叠加	3.000	3.000
洞察	3.269	2.731
对待	3.480	2.520
多嘴	3.000	3.000
耳朵	1.222	4.778
发福	2.500	3.500
废墟	2.111	3.889
高层	2.840	3.160
高攀	3.185	2.815
根本	3.792	2.208
购入	2.593	3.407
寡言	3.077	2.923
滚烫	2.292	3.708
国际	3.037	2.963
行政	2.963	3.037
航空	2.148	3.852
慌张	2.926	3.074
机器	2.111	3.889
纪录	2.519	3.481
纪律	2.852	3.148
加入	3.115	2.885
具体	3.115	2.885
刻板	3.222	2.778
客气	3.000	3.000
苦力	2.593	3.407
亏待	3.385	2.615
缆车	1.593	4.407
黎民	2.625	3.375
历法	2.815	3.185
立法	2.667	3.333
痢疾	2.333	3.667
林木	1.741	4.259
琉璃	1.846	4.154
名流	3.556	2.444
凝固	2.556	3.444
奴婢	2.185	3.815
女巫	1.962	4.038
盘算	3.115	2.885
滂沱	3.680	2.320
嫖客	1.778	4.222
票数	2.185	3.815
平衡	2.889	3.111
剖开	2.577	3.423
乞食	2.385	3.615
前进	2.370	3.630
腔调	3.000	3.000
强盗	1.692	4.308
亲近	3.111	2.889
禽兽	2.692	3.308
清点	3.074	2.926
蚯蚓	1.333	4.667
扰乱	3.222	2.778
设法	3.370	2.630
摄政	3.231	2.769
声誉	3.333	2.667
湿地	2.000	4.000
誓约	3.222	2.778
手表	1.259	4.741
私立	2.760	3.240
岁数	1.963	4.037
贪心	3.111	2.889
探究	3.704	2.296
恬静	3.407	2.593
填鸭	3.750	2.250
外向	3.615	2.385
王储	2.308	3.692
问题	3.115	2.885
喜乐	2.667	3.333
细小	2.778	3.222
相识	3.370	2.630
硝酸	1.630	4.370
斜视	2.481	3.519
星际	3.192	2.808
幸好	3.269	2.731
雪莱	2.905	3.095
巡警	1.667	4.333
药丸	1.593	4.407
野人	2.074	3.926
宜人	3.704	2.296
译名	3.231	2.769
银幕	2.259	3.741
银牌	1.630	4.370
鹦鹉	1.222	4.778
幽会	3.074	2.926
淤血	2.519	3.481
欲望	3.704	2.296
约数	3.480	2.520
阅兵	1.889	4.111
栈道	2.185	3.815
掌权	3.333	2.667
丈夫	1.462	4.538
振荡	3.074	2.926
整数	2.370	3.630
脂肪	1.923	4.077
直播	1.852	4.148
钟表	1.259	4.741
重力	3.185	2.815
注目	3.481	2.519
状态	3.963	2.037
捉摸	3.852	2.148
走廊	1.889	4.111
走私	2.885	3.115
把关	3.630	2.370
保值	3.750	2.250
表现	3.519	2.481
蹩脚	3.250	2.750
插嘴	3.000	3.000
柴火	1.926	4.074
沉迷	3.407	2.593
称霸	3.444	2.556
成绩	2.556	3.444
冲突	3.074	2.926
虫卵	1.889	4.111
存款	1.778	4.222
大意	3.444	2.556
单据	2.444	3.556
淡忘	3.519	2.481
弹药	2.111	3.889
抵赖	3.481	2.519
地图	1.519	4.481
点数	3.040	2.960
胴体	2.880	3.120
恶霸	2.370	3.630
法官	1.654	4.346
仿效	3.481	2.519
绯红	3.296	2.704
肥胖	2.148	3.852
沸腾	2.852	3.148
风情	3.778	2.222
福音	3.615	2.385
府第	2.680	3.320
复仇	3.037	2.963
刚强	3.333	2.667
供奉	3.407	2.593
鼓手	1.852	4.148
灌注	3.385	2.615
诡辩	3.808	2.192
还原	3.720	2.280
毫米	2.333	3.667
壕沟	2.654	3.346
好处	3.444	2.556
好动	3.148	2.852
号角	2.593	3.407
荷花	1.423	4.577
横行	3.640	2.360
红包	1.852	4.148
麾下	3.423	2.577
激动	3.185	2.815
肩头	2.000	4.000
缴税	2.296	3.704
节奏	3.259	2.741
今晚	1.615	4.385
紧凑	3.185	2.815
紧张	3.111	2.889
进贡	2.852	3.148
惊奇	3.000	3.000
就业	2.444	3.556
距离	2.481	3.519
靠山	3.074	2.926
可恨	3.296	2.704
空姐	1.577	4.423
两性	3.111	2.889
潦草	3.308	2.692
临时	3.704	2.296
买家	2.593	3.407
毛孔	1.926	4.074
没法	4.038	1.962
面临	3.593	2.407
面谈	2.704	3.296
苗圃	2.385	3.615
木瓜	1.556	4.444
忸怩	3.542	2.458
品尝	2.963	3.037
屏弃	3.720	2.280
奇艺	3.520	2.480
权衡	3.593	2.407
拳击	2.037	3.963
容器	2.000	4.000
容颜	2.852	3.148
软禁	3.037	2.963
赛跑	1.846	4.154
三国	2.500	3.500
食指	1.519	4.481
仕途	3.111	2.889
手巾	1.889	4.111
手巧	3.481	2.519
手足	2.654	3.346
栓塞	3.042	2.958
松树	1.519	4.481
特色	3.370	2.630
添置	3.115	2.885
铁匠	1.630	4.370
外族	2.852	3.148
吸毒	1.741	4.259
下场	3.444	2.556
下沉	3.185	2.815
逍遥	3.962	2.038
效能	3.577	2.423
循环	3.333	2.667
雅号	3.500	2.500
岩浆	2.154	3.846
眼罩	1.692	4.308
演出	2.259	3.741
引用	3.556	2.444
隐藏	3.000	3.000
有用	3.593	2.407
迂回	3.520	2.480
渊博	3.385	2.615
圆满	3.556	2.444
远古	3.185	2.815
月饼	1.444	4.556
运用	3.333	2.667
杂务	3.074	2.926
占领	3.185	2.815
阵营	2.852	3.148
震撼	3.778	2.222
植物	2.000	4.000
中等	3.148	2.852
中外	3.444	2.556
肿瘤	2.040	3.960
转动	2.885	3.115
庄园	1.963	4.037
自杀	2.148	3.852
走红	3.519	2.481
作品	2.222	3.778
掰开	1.962	4.038
饱和	3.077	2.923
保健	2.962	3.038
必然	2.808	3.192
扁平	2.077	3.923
冰川	1.423	4.577
颤抖	2.423	3.577
陈腐	3.500	2.500
陈列	2.577	3.423
成功	3.462	2.538
弛缓	3.360	2.640
充足	3.192	2.808
出战	2.280	3.720
锄头	1.077	4.923
橱窗	1.077	4.923
揣摩	3.692	2.308
传热	2.960	3.040
蹉跎	3.920	2.080
错失	3.080	2.920
大学	1.680	4.320
档次	3.000	3.000
荡妇	2.538	3.462
到处	3.692	2.308
得到	2.769	3.231
顶替	2.423	3.577
毒药	1.808	4.192
废置	2.480	3.520
芬芳	3.538	2.462
粉饰	3.360	2.640
缝纫	1.885	4.115
干爽	2.808	3.192
公平	3.462	2.538
功能	2.808	3.192
构想	3.808	2.192
姑息	4.077	1.923
骸骨	1.538	4.462
害虫	1.846	4.154
和约	2.385	3.615
回条	3.158	2.842
回信	1.962	4.038
婚宴	1.577	4.423
火腿	1.077	4.923
货币	1.769	4.231
级数	3.167	2.833
家具	1.769	4.231
进账	2.731	3.269
惊慌	3.731	2.269
静音	2.192	3.808
酒量	3.654	2.346
拘泥	3.923	2.077
军事	2.692	3.308
看守	2.880	3.120
客厅	1.500	4.500
离子	3.360	2.640
粒子	3.077	2.923
粮食	1.960	4.040
猎物	2.520	3.480
隆冬	2.960	3.040
鲁钝	3.792	2.208
迷人	3.808	2.192
妙龄	3.280	2.720
摩擦	3.231	2.769
年龄	1.846	4.154
黏性	2.760	3.240
篇幅	3.160	2.840
平原	1.808	4.192
起床	1.769	4.231
器皿	1.923	4.077
曲线	2.615	3.385
娶亲	1.885	4.115
惹事	3.077	2.923
杀气	4.200	1.800
沙石	1.231	4.769
神秘	4.231	1.769
守则	3.038	2.962
受伤	2.308	3.692
双向	3.000	3.000
死者	1.560	4.440
诵读	2.077	3.923
俗气	3.846	2.154
台词	1.846	4.154
摊牌	2.708	3.292
碳酸	2.083	3.917
烫伤	1.885	4.115
逃跑	2.192	3.808
退休	1.962	4.038
拖车	1.423	4.577
脱水	2.385	3.615
外务	3.500	2.500
威风	4.038	1.962
卫冕	2.708	3.292
慰问	2.808	3.192
文士	2.391	3.609
先河	3.304	2.696
相反	2.962	3.038
相扑	1.840	4.160
相同	2.750	3.250
校际	3.429	2.571
谢谢	2.577	3.423
心底	3.792	2.208
信步	3.524	2.476
修理	2.615	3.385
选民	1.923	4.077
仪器	1.731	4.269
银河	2.615	3.385
荧幕	1.846	4.154
雍容	3.846	2.154
由此	3.455	2.545
鱼网	1.192	4.808
遇害	2.269	3.731
冤狱	2.880	3.120
圆形	1.654	4.346
责罚	2.654	3.346
展览	2.077	3.923
找寻	2.680	3.320
征服	3.385	2.615
正门	1.846	4.154
知觉	3.423	2.577
滞留	2.538	3.462
专家	2.346	3.654
宗派	2.692	3.308
罪恶	3.192	2.808
作答	2.680	3.320
座落	2.346	3.654
安抚	3.462	2.538
薄冰	2.192	3.808
宝贝	3.200	2.800
碑文	1.462	4.538
背影	1.692	4.308
兵法	2.808	3.192
剥夺	3.000	3.000
不惜	4.042	1.958
餐饮	2.077	3.923
陈旧	2.769	3.231
撑腰	2.923	3.077
赐教	3.200	2.800
打扮	2.308	3.692
呆滞	2.962	3.038
挡路	2.115	3.885
地契	1.308	4.692
雕琢	2.346	3.654
迭起	3.682	2.318
读书	1.962	4.038
杜绝	2.962	3.038
渡过	3.080	2.920
断交	2.692	3.308
对称	2.154	3.846
鹅蛋	1.115	4.885
恩赐	3.346	2.654
发蜡	1.538	4.462
方式	3.640	2.360
方位	2.885	3.115
芳香	3.038	2.962
分内	3.435	2.565
分神	3.385	2.615
分摊	2.538	3.462
更换	2.462	3.538
公布	2.462	3.538
功率	2.269	3.731
攻打	2.423	3.577
恭候	2.923	3.077
管理	3.192	2.808
光度	3.000	3.000
后退	2.538	3.462
呼喊	1.962	4.038
黄河	1.154	4.846
伙伴	1.962	4.038
极刑	2.800	3.200
减肥	2.731	3.269
见报	2.652	3.348
健忘	2.962	3.038
角色	2.692	3.308
绞刑	1.615	4.385
揭发	2.654	3.346
劫匪	1.538	4.462
结婚	1.654	4.346
金粉	2.000	4.000
纠纷	3.000	3.000
剧烈	3.538	2.462
开胃	3.115	2.885
空气	2.115	3.885
狼狗	1.154	4.846
累死	3.385	2.615
立功	2.769	3.231
林荫	2.038	3.962
领事	2.280	3.720
露骨	3.269	2.731
露营	1.885	4.115
绿茶	1.462	4.538
麻木	3.960	2.040
面对	3.115	2.885
名模	2.000	4.000
母校	1.654	4.346
木船	1.154	4.846
纳妾	2.038	3.962
纽扣	1.154	4.846
派出	2.917	3.083
判刑	2.500	3.500
叛国	2.346	3.654
胖子	2.038	3.962
贫乏	3.346	2.654
聘请	2.462	3.538
起立	1.808	4.192
缱绻	3.200	2.800
亲友	1.962	4.038
轻松	3.192	2.808
秋天	1.654	4.346
囚室	1.462	4.538
全校	2.038	3.962
妊娠	1.923	4.077
闪避	2.808	3.192
善恶	3.880	2.120
社工	1.923	4.077
饰演	2.654	3.346
首先	2.923	3.077
兽欲	3.538	2.462
输光	2.769	3.231
水果	1.731	4.269
说服	3.038	2.962
送命	3.077	2.923
蒜头	1.308	4.692
挽留	3.231	2.769
午夜	2.077	3.923
峡谷	1.692	4.308
宪制	2.783	3.217
写字	1.615	4.385
新娘	1.231	4.769
虚构	3.385	2.615
药理	3.308	2.692
要挟	3.077	2.923
意欲	3.826	2.174
因子	3.360	2.640
阴道	1.462	4.538
银两	1.500	4.500
英明	3.615	2.385
预兆	3.360	2.640
圆周	2.120	3.880
遭遇	3.115	2.885
摘要	2.423	3.577
掌声	1.615	4.385
爪牙	2.385	3.615
之类	3.850	2.150
中央	2.423	3.577
终年	2.769	3.231
自负	3.692	2.308
组成	3.269	2.731
钻孔	1.923	4.077
哀求	2.556	3.444
罢课	1.583	4.417
白话	2.639	3.361
颁奖	1.583	4.417
半圆	1.444	4.556
背心	1.917	4.083
必经	3.286	2.714
庇护	3.028	2.972
表面	2.556	3.444
不良	3.139	2.861
不配	3.114	2.886
偿还	2.194	3.806
扯谎	2.714	3.286
粗心	3.139	2.861
淡漠	3.389	2.611
盗用	2.500	3.500
点燃	2.000	4.000
鼎立	3.278	2.722
对岸	2.143	3.857
恶梦	2.778	3.222
反应	3.333	2.667
放心	3.167	2.833
分子	2.676	3.324
风速	2.167	3.833
封面	1.722	4.278
锋芒	3.556	2.444
概率	3.200	2.800
公园	1.389	4.611
共和	3.515	2.485
共聚	3.353	2.647
勾结	3.028	2.972
关口	2.667	3.333
冠名	2.706	3.294
光盘	1.417	4.583
行星	1.722	4.278
合同	1.611	4.389
花红	3.265	2.735
换班	2.167	3.833
吉凶	3.583	2.417
疆界	1.972	4.028
金矿	1.417	4.583
颈椎	1.417	4.583
敬重	3.417	2.583
纠察	3.176	2.824
快乐	3.286	2.714
筷子	1.194	4.806
困扰	3.500	2.500
浪漫	3.722	2.278
老练	3.543	2.457
历届	2.250	3.750
恋人	1.694	4.306
嶙峋	3.686	2.314
流血	1.583	4.417
隆起	2.417	3.583
每天	1.694	4.306
明白	2.639	3.361
飘忽	3.667	2.333
拚搏	2.943	3.057
平凡	3.111	2.889
平行	2.222	3.778
企图	3.333	2.667
启程	2.750	3.250
汽油	1.222	4.778
谴责	3.278	2.722
情书	1.778	4.222
情绪	3.514	2.486
群情	3.844	2.156
热带	2.029	3.971
人才	2.583	3.417
仁义	3.583	2.417
日食	1.556	4.444
软件	1.917	4.083
摄制	2.152	3.848
石刻	2.111	3.889
手球	1.714	4.286
抒情	3.389	2.611
竖琴	1.333	4.667
双亲	1.361	4.639
速递	2.250	3.750
算盘	1.806	4.194
烫金	2.086	3.914
特产	2.278	3.722
特约	3.294	2.706
天生	2.972	3.028
天线	1.361	4.639
填写	2.083	3.917
停步	2.083	3.917
痛快	3.257	2.743
汪洋	2.429	3.571
王冠	1.528	4.472
网页	1.611	4.389
微观	3.611	2.389
文静	3.257	2.743
文明	3.611	2.389
武艺	2.611	3.389
瞎眼	2.486	3.514
下课	1.611	4.389
线索	3.057	2.943
孝子	2.389	3.611
信函	1.556	4.444
兴衰	3.472	2.528
休假	1.829	4.171
修长	2.750	3.250
巡视	2.389	3.611
殉职	1.800	4.200
延期	2.333	3.667
沿岸	1.972	4.028
引进	2.735	3.265
影像	2.167	3.833
应急	2.861	3.139
原野	2.343	3.657
阅读	2.000	4.000
云端	3.222	2.778
赃物	1.944	4.056
栅栏	1.583	4.417
战祸	3.111	2.889
照片	1.444	4.556
照相	1.639	4.361
振动	2.222	3.778
指纹	1.333	4.667
主帅	1.722	4.278
装饰	2.389	3.611
自修	3.094	2.906
诅咒	3.667	2.333
薄情	3.722	2.278
编号	1.750	4.250
变卖	2.657	3.343
濒临	3.686	2.314
参加	2.629	3.371
惨叫	2.278	3.722
产假	1.457	4.543
抽签	1.861	4.139
出动	2.636	3.364
锉刀	1.389	4.611
打气	2.722	3.278
倒贴	2.944	3.056
低声	2.278	3.722
嘀咕	2.486	3.514
典型	3.361	2.639
逗笑	2.600	3.400
断绝	3.143	2.857
恶魔	3.114	2.886
方向	2.722	3.278
飞车	2.056	3.944
分发	2.556	3.444
斧头	1.222	4.778
各位	2.647	3.353
功夫	2.861	3.139
鼓膜	1.882	4.118
寡人	2.486	3.514
合办	3.000	3.000
洪亮	3.028	2.972
虎年	1.943	4.057
会计	1.528	4.472
机智	3.111	2.889
角落	2.143	3.857
教师	1.361	4.639
今朝	2.611	3.389
今日	1.778	4.222
京城	1.694	4.306
惊动	3.200	2.800
旧友	2.278	3.722
局部	2.889	3.111
空袭	2.000	4.000
口红	1.343	4.657
赖账	2.514	3.486
冷漠	3.514	2.486
离开	2.353	3.647
联盟	2.556	3.444
溜冰	1.750	4.250
流转	3.059	2.941
蒙面	2.000	4.000
弥补	3.257	2.743
庙会	1.917	4.083
名画	1.778	4.222
奶妈	1.514	4.486
耐心	3.611	2.389
南北	2.056	3.944
年报	1.800	4.200
怕羞	3.444	2.556
品格	3.694	2.306
迫近	3.441	2.559
破案	2.294	3.706
欺骗	3.056	2.944
欺压	3.139	2.861
奇闻	2.971	3.029
情调	3.694	2.306
屈辱	3.400	2.600
全面	3.057	2.943
让开	2.514	3.486
饶舌	2.886	3.114
任意	3.529	2.471
融洽	3.417	2.583
肉麻	3.600	2.400
乳酸	1.917	4.083
软化	3.194	2.806
杀手	2.111	3.889
山涧	2.111	3.889
山林	1.833	4.167
上市	2.778	3.222
上学	1.686	4.314
舍监	2.300	3.700
深切	3.667	2.333
神经	3.057	2.943
书店	1.472	4.528
抒发	3.657	2.343
水草	1.389	4.611
朔望	3.903	2.097
思潮	3.829	2.171
特殊	3.735	2.265
天鹅	1.472	4.528
同时	3.029	2.971
文化	3.514	2.486
窝囊	3.676	2.324
无形	4.029	1.971
悉心	3.441	2.559
侠盗	2.444	3.556
侠义	3.583	2.417
瑕疵	3.111	2.889
下厨	2.114	3.886
先知	3.406	2.594
携手	2.882	3.118
心软	3.639	2.361
修行	3.417	2.583
袖珍	2.686	3.314
选美	2.528	3.472
学徒	1.833	4.167
压迫	3.444	2.556
氧气	1.583	4.417
议会	2.139	3.861
意图	3.361	2.639
音响	1.472	4.528
用电	2.229	3.771
优惠	2.639	3.361
郁闷	3.571	2.429
栽种	1.972	4.028
糟糕	3.528	2.472
寨主	1.806	4.194
瞻仰	3.194	2.806
战士	1.750	4.250
长者	2.194	3.806
涨价	2.389	3.611
振兴	3.143	2.857
征兵	2.028	3.972
挣扎	3.139	2.861
竹叶	1.444	4.556
尊严	3.556	2.444
板块	3.000	3.000
帮忙	2.160	3.840
帮助	2.280	3.720
抱病	2.652	3.348
变通	3.360	2.640
彪炳	3.556	2.444
槟榔	1.240	4.760
濒危	2.560	3.440
病院	2.043	3.957
补偿	2.440	3.560
裁决	2.640	3.360
采集	2.400	3.600
参半	3.120	2.880
插曲	2.458	3.542
彻底	2.760	3.240
陈设	2.640	3.360
城市	1.760	4.240
持平	2.680	3.320
仇恨	2.750	3.250
垂直	1.800	4.200
打烊	1.792	4.208
诞生	2.160	3.840
敌方	1.880	4.120
帝国	2.760	3.240
递交	2.440	3.560
毒箭	1.917	4.083
赌博	1.920	4.080
堆积	2.708	3.292
反抗	2.240	3.760
芳心	3.160	2.840
防毒	2.667	3.333
非常	3.333	2.667
匪徒	1.560	4.440
分类	2.480	3.520
风尚	3.760	2.240
凤凰	1.960	4.040
甘油	1.440	4.560
共犯	2.360	3.640
观摩	2.680	3.320
灌输	3.160	2.840
规格	2.435	3.565
柜台	1.480	4.520
国防	2.440	3.560
葫芦	1.320	4.680
户外	2.320	3.680
华丽	3.480	2.520
欢送	2.520	3.480
环绕	2.583	3.417
回报	2.920	3.080
获得	2.542	3.458
获悉	2.826	3.174
积聚	3.080	2.920
记性	2.909	3.091
枷锁	2.960	3.040
角逐	3.167	2.833
借据	1.760	4.240
斤两	2.600	3.400
经验	3.360	2.640
净赚	2.440	3.560
敬佩	3.360	2.640
究竟	3.450	2.550
郡主	1.960	4.040
冷藏	2.000	4.000
冷静	3.040	2.960
廉耻	3.080	2.920
录用	1.960	4.040
马桶	1.200	4.800
蟒蛇	1.120	4.880
梅雨	2.280	3.720
米粉	1.200	4.800
米酒	1.320	4.680
内应	2.792	3.208
拟人	3.875	2.125
培育	3.080	2.920
媲美	3.292	2.708
趋势	3.522	2.478
取材	3.042	2.958
确切	3.250	2.750
收监	2.000	4.000
手工	1.783	4.217
水路	1.833	4.167
说教	3.320	2.680
太庙	2.083	3.917
坦白	2.875	3.125
炭疽	2.500	3.500
套用	3.583	2.417
天才	3.042	2.958
天价	3.240	2.760
甜蜜	3.167	2.833
铁锈	1.480	4.520
偷窥	2.375	3.625
弯腰	1.520	4.480
腕力	2.680	3.320
为此	3.889	2.111
围巾	1.360	4.640
卫生	2.960	3.040
无业	2.280	3.720
舞台	1.840	4.160
戏剧	2.120	3.880
现况	3.120	2.880
享福	3.400	2.600
谢绝	2.542	3.458
新春	2.480	3.520
虚弱	3.000	3.000
牙齿	1.200	4.800
胭脂	1.960	4.040
演习	2.333	3.667
仰赖	3.609	2.391
腰包	2.240	3.760
遥远	3.400	2.600
叶子	1.440	4.560
衣袖	1.400	4.600
遗忘	3.080	2.920
颐养	3.739	2.261
倚靠	3.000	3.000
油价	1.960	4.040
幼虫	1.840	4.160
猿猴	1.360	4.640
掌握	3.333	2.667
招生	2.440	3.560
植入	3.130	2.870
治愈	2.917	3.083
中奖	2.040	3.960
字画	1.520	4.480
傲慢	3.360	2.640
备注	2.920	3.080
背景	3.240	2.760
便当	1.958	4.042
病床	1.600	4.400
差价	2.640	3.360
产地	2.200	3.800
昌盛	3.720	2.280
诚信	3.080	2.920
充血	2.609	3.391
道具	1.760	4.240
动能	3.542	2.458
房租	1.800	4.200
放逐	3.320	2.680
飞机	1.360	4.640
封杀	3.280	2.720
孵化	3.200	2.800
改变	3.560	2.440
高兴	2.667	3.333
歌曲	1.920	4.080
格外	3.870	2.130
拱桥	1.760	4.240
寡妇	1.680	4.320
管束	3.458	2.542
光鲜	3.840	2.160
鬼才	3.667	2.333
航海	2.040	3.960
互信	3.680	2.320
花式	3.826	2.174
汇报	2.680	3.320
计谋	3.250	2.750
妓女	1.640	4.360
将令	2.773	3.227
浆糊	1.958	4.042
交谈	2.600	3.400
交友	2.920	3.080
娇小	2.600	3.400
骄子	3.522	2.478
节约	3.040	2.960
今年	1.792	4.208
金表	1.320	4.680
静止	2.840	3.160
巨人	2.280	3.720
俱全	3.667	2.333
决裂	3.080	2.920
绝食	2.208	3.792
均等	3.261	2.739
客栈	1.680	4.320
恐龙	1.640	4.360
口供	2.458	3.542
苦难	3.600	2.400
来世	3.708	2.292
赖皮	3.000	3.000
牢房	1.560	4.440
乐队	1.680	4.320
雷达	1.680	4.320
利用	3.840	2.160
谅解	3.250	2.750
临摹	2.500	3.500
领先	3.200	2.800
路线	2.360	3.640
贸易	2.880	3.120
梅花	1.320	4.680
美化	3.708	2.292
门帘	1.480	4.520
闷热	2.640	3.360
灭亡	2.800	3.200
民心	3.280	2.720
名称	2.320	3.680
明镜	2.773	3.227
莫名	4.000	2.000
母鸡	1.240	4.760
纳粹	2.583	3.417
疱疹	1.708	4.292
起跑	2.680	3.320
气功	2.750	3.250
躯体	1.760	4.240
曲直	3.240	2.760
蜷曲	2.792	3.208
染病	2.640	3.360
辱骂	2.320	3.680
入口	2.292	3.708
散会	2.080	3.920
少许	3.333	2.667
伸张	3.160	2.840
石窟	1.720	4.280
驶离	2.583	3.417
授予	2.720	3.280
术语	2.792	3.208
水流	2.080	3.920
铁定	3.625	2.375
铁路	1.360	4.640
外界	3.120	2.880
玩弄	3.478	2.522
卫星	1.480	4.520
物理	3.120	2.880
相隔	3.217	2.783
详情	2.920	3.080
鞋底	1.480	4.520
泻药	1.760	4.240
兴奋	2.958	3.042
兴盛	3.440	2.560
休业	2.417	3.583
羞涩	2.840	3.160
秀丽	3.360	2.640
厌倦	3.000	3.000
羊羔	1.560	4.440
妖怪	3.080	2.920
摇滚	2.800	3.200
野草	1.800	4.200
衣饰	2.000	4.000
引力	3.125	2.875
应酬	2.880	3.120
泳镜	1.400	4.600
诱骗	3.200	2.800
远离	2.792	3.208
长寿	2.440	3.560
职级	2.583	3.417
制造	2.480	3.520
众多	3.360	2.640
注资	2.667	3.333
自由	3.600	2.400
作者	1.800	4.200
安定	3.056	2.944
按压	1.944	4.056
昂贵	2.371	3.629
摆布	3.143	2.857
报纸	1.086	4.914
毕竟	3.853	2.147
避孕	1.583	4.417
编录	2.371	3.629
步伐	2.028	3.972
操场	1.194	4.806
岔路	1.917	4.083
抄查	2.848	3.152
超龄	2.559	3.441
赤字	2.667	3.333
传播	2.889	3.111
船舱	1.361	4.639
大腿	1.278	4.722
弹奏	2.056	3.944
灯塔	1.472	4.528
滴水	1.971	4.029
掉换	2.944	3.056
定夺	3.324	2.676
斗嘴	2.167	3.833
豆奶	1.194	4.806
恩师	1.778	4.222
法院	1.361	4.639
封闭	2.889	3.111
苟同	3.886	2.114
挂钟	1.361	4.639
棺材	1.222	4.778
管道	1.611	4.389
光圈	2.750	3.250
广义	4.156	1.844
锅炉	1.528	4.472
还有	3.625	2.375
黑客	2.472	3.528
欢乐	2.889	3.111
谎言	3.139	2.861
贿赂	2.250	3.750
浑蛋	3.114	2.886
决定	2.771	3.229
卡通	2.278	3.722
开枪	1.600	4.400
客人	1.639	4.361
空中	2.444	3.556
拉力	3.114	2.886
礼法	3.528	2.472
礼堂	1.667	4.333
利诱	3.472	2.528
连续	3.457	2.543
零时	2.167	3.833
领情	3.278	2.722
龙门	3.808	2.192
沦陷	3.455	2.545
落泪	1.583	4.417
朦胧	3.944	2.056
迷惑	3.629	2.371
绵羊	1.361	4.639
那年	3.417	2.583
浓缩	3.194	2.806
皮毛	2.229	3.771
匹夫	3.314	2.686
票房	2.361	3.639
评测	2.833	3.167
气窗	2.485	3.515
千金	2.543	3.457
抢夺	2.583	3.417
轻视	3.111	2.889
圈子	3.457	2.543
泉水	1.472	4.528
热力	3.061	2.939
入选	2.722	3.278
鲨鱼	1.286	4.714
上司	1.889	4.111
生还	2.944	3.056
圣火	2.639	3.361
实在	3.286	2.714
柿子	1.111	4.889
收支	2.361	3.639
挑夫	2.083	3.917
通车	2.286	3.714
退出	2.471	3.529
网址	1.778	4.222
望见	3.147	2.853
蜗牛	1.257	4.743
戏弄	3.556	2.444
细胞	1.972	4.028
下限	3.500	2.500
校友	1.611	4.389
心病	3.706	2.294
辛酸	3.486	2.514
许愿	3.306	2.694
蓄意	3.486	2.514
漩涡	2.353	3.647
牙缝	2.056	3.944
仪式	3.028	2.972
疫区	2.500	3.500
优化	3.583	2.417
有机	3.364	2.636
余兴	3.867	2.133
渔船	1.278	4.722
舆论	3.278	2.722
原告	1.600	4.400
宰割	3.206	2.794
造成	3.412	2.588
樟脑	1.818	4.182
昭示	3.206	2.794
着重	3.528	2.472
针对	3.286	2.714
砧板	1.412	4.588
争论	2.806	3.194
蒸馏	2.314	3.686
正方	2.771	3.229
正规	3.000	3.000
纸杯	1.333	4.667
智能	3.389	2.611
钟情	3.529	2.471
主人	2.000	4.000
主意	3.194	2.806
主宰	3.167	2.833
琢磨	3.528	2.472
姊妹	1.556	4.444
棕榈	1.676	4.324
最终	3.188	2.812
安心	3.278	2.722
包揽	3.417	2.583
包扎	1.583	4.417
弊病	3.528	2.472
博士	1.944	4.056
餐厅	1.278	4.722
残留	3.167	2.833
耻辱	3.333	2.667
抽血	1.500	4.500
惆怅	4.194	1.806
筹款	2.222	3.778
出院	1.722	4.278
触电	1.861	4.139
从前	3.278	2.722
打手	2.206	3.794
单纯	3.528	2.472
登报	1.771	4.229
掉头	1.909	4.091
顶住	2.970	3.030
丢弃	2.611	3.389
督促	3.139	2.861
笃定	3.500	2.500
儿歌	1.722	4.278
发芽	1.939	4.061
放宽	3.086	2.914
飞弹	2.235	3.765
菲薄	3.971	2.029
分外	4.061	1.939
风景	2.229	3.771
服饰	1.750	4.250
驸马	1.806	4.194
干燥	2.722	3.278
钢琴	1.194	4.806
跟进	3.333	2.667
篝火	1.639	4.361
古老	3.361	2.639
股息	2.688	3.312
光耀	3.794	2.206
棍棒	1.611	4.389
好久	3.889	2.111
河床	2.371	3.629
贺礼	2.111	3.889
黑发	1.472	4.528
红尘	4.176	1.824
红叶	1.514	4.486
鸿沟	3.771	2.229
怀抱	2.441	3.559
惶恐	3.806	2.194
毁约	2.583	3.417
浇灌	2.171	3.829
矫正	2.778	3.222
结果	2.889	3.111
近亲	2.361	3.639
敬酒	2.028	3.972
拘束	3.571	2.429
局长	1.743	4.257
句子	2.028	3.972
倦怠	3.583	2.417
空想	3.889	2.111
控告	2.556	3.444
口试	2.306	3.694
乐天	3.765	2.235
类似	3.647	2.353
流氓	2.222	3.778
漏斗	1.639	4.361
陆军	1.600	4.400
冒险	3.250	2.750
眉目	2.444	3.556
末代	3.000	3.000
内阁	2.515	3.485
逆流	2.886	3.114
诺言	3.500	2.500
趴下	1.778	4.222
庞大	3.057	2.943
旁边	2.529	3.471
刨冰	1.833	4.167
破财	2.944	3.056
绮丽	3.833	2.167
窃听	2.222	3.778
燃烧	2.057	3.943
认识	2.972	3.028
若干	3.794	2.206
色情	2.686	3.314
霎时	3.412	2.588
胜负	2.471	3.529
石灰	1.417	4.583
示意	3.114	2.886
收条	1.743	4.257
手肘	1.444	4.556
首航	2.333	3.667
输入	2.361	3.639
水压	2.222	3.778
索引	2.528	3.472
太极	2.528	3.472
唐突	3.611	2.389
条件	3.029	2.971
统计	2.667	3.333
土气	3.486	2.514
婉拒	3.361	2.639
袭击	2.514	3.486
下棋	1.571	4.429
现身	2.629	3.371
效用	3.229	2.771
醒目	3.111	2.889
性感	3.361	2.639
丫头	2.200	3.800
押送	2.486	3.514
炎夏	2.444	3.556
钥匙	1.167	4.833
忧虑	3.667	2.333
游泳	1.528	4.472
远航	2.857	3.143
云海	2.889	3.111
澡堂	1.361	4.639
长处	2.972	3.028
着火	1.806	4.194
真迹	2.639	3.361
郑重	3.429	2.571
之际	4.031	1.969
知己	3.111	2.889
质疑	3.343	2.657
中医	1.722	4.278
注册	2.417	3.583
哀痛	2.967	3.033
白色	1.633	4.367
背弃	3.172	2.828
本校	1.933	4.067
笨蛋	2.600	3.400
壁虎	1.400	4.600
变化	3.621	2.379
别称	3.000	3.000
波纹	2.800	3.200
草地	1.300	4.700
畅销	3.100	2.900
成亲	1.967	4.033
驰骋	3.200	2.800
充分	3.733	2.267
崇拜	3.933	2.067
初赛	2.233	3.767
传颂	3.467	2.533
船主	1.567	4.433
垂柳	1.600	4.400
辞典	1.667	4.333
错觉	3.767	2.233
打量	3.233	2.767
大义	3.933	2.067
担忧	3.300	2.700
岛屿	1.300	4.700
地位	3.600	2.400
弟兄	1.867	4.133
东方	2.552	3.448
董事	2.107	3.893
法案	2.367	3.633
分母	2.300	3.700
愤慨	3.233	2.767
芙蓉	2.200	3.800
概念	4.100	1.900
甘心	3.900	2.100
刚毅	3.500	2.500
古堡	1.467	4.533
骨气	3.933	2.067
含义	4.000	2.000
好像	4.214	1.786
合唱	1.800	4.200
恒星	1.700	4.300
互补	3.633	2.367
回赠	2.867	3.133
昏倒	1.867	4.133
火车	1.133	4.867
记录	2.533	3.467
间断	3.552	2.448
碱性	2.467	3.533
交配	2.138	3.862
教徒	1.900	4.100
井底	2.033	3.967
居留	2.964	3.036
拒捕	2.133	3.867
空心	2.679	3.321
里头	3.357	2.643
浏览	2.567	3.433
掳掠	2.933	3.067
露天	2.000	4.000
履带	2.179	3.821
率领	3.138	2.862
蜜月	2.767	3.233
名医	2.033	3.967
内衣	1.367	4.633
孽障	3.633	2.367
泡沫	2.517	3.483
凭据	2.467	3.533
漆黑	2.367	3.633
情侣	1.467	4.533
让位	2.900	3.100
日本	1.200	4.800
冗员	3.179	2.821
乳酪	1.367	4.633
山沟	1.633	4.367
闪亮	3.100	2.900
讪笑	2.897	3.103
绅士	2.345	3.655
生意	2.533	3.467
失去	3.400	2.600
师傅	1.900	4.100
市场	2.867	3.133
顺利	3.400	2.600
司法	2.793	3.207
寺院	1.600	4.400
送行	2.433	3.567
提拔	3.000	3.000
天文	2.333	3.667
听命	3.241	2.759
投身	3.517	2.483
秃头	1.379	4.621
驼背	1.333	4.667
王法	3.100	2.900
文武	2.966	3.034
问卷	1.633	4.367
窝藏	3.167	2.833
屋顶	1.400	4.600
无边	4.267	1.733
献花	2.241	3.759
小说	1.867	4.133
鞋子	1.267	4.733
写生	2.767	3.233
薪水	1.800	4.200
幸会	3.567	2.433
绣花	1.867	4.133
询问	2.533	3.467
依旧	3.833	2.167
已经	3.833	2.167
因此	3.690	2.310
硬汉	2.400	3.600
邮票	1.367	4.633
寓言	3.207	2.793
原作	2.200	3.800
月薪	1.733	4.267
杂念	3.833	2.167
再婚	1.933	4.067
在逃	2.733	3.267
榨取	3.310	2.690
崭新	2.900	3.100
正轨	3.448	2.552
至今	3.433	2.567
仲裁	2.700	3.300
烛光	1.833	4.167
住址	1.733	4.267
总务	3.276	2.724
薄荷	1.767	4.233
本质	3.767	2.233
笔名	1.900	4.100
并用	3.333	2.667
不安	3.533	2.467
不法	3.517	2.483
不均	3.767	2.233
采取	3.367	2.633
操作	2.600	3.400
潮汐	1.867	4.133
成见	3.467	2.533
穿透	3.100	2.900
簇拥	2.933	3.067
存在	3.333	2.667
代劳	3.100	2.900
代替	2.900	3.100
带走	2.367	3.633
导师	1.400	4.600
祷告	2.967	3.033
等候	2.733	3.267
掉包	2.393	3.607
谍报	2.467	3.533
钉鞋	1.724	4.276
短跑	1.500	4.500
多事	3.862	2.138
发功	3.786	2.214
发音	2.633	3.367
反悔	3.267	2.733
返航	2.200	3.800
饭菜	1.700	4.300
范本	2.300	3.700
房东	1.367	4.633
焚化	2.300	3.700
蜂鸟	1.367	4.633
奉劝	3.267	2.733
付钱	1.767	4.233
鼓声	1.833	4.167
故事	2.600	3.400
广博	3.966	2.034
海浪	1.533	4.467
好评	2.633	3.367
患难	3.300	2.700
浑浊	3.233	2.767
甲等	3.138	2.862
饺子	1.233	4.767
教会	1.897	4.103
借鉴	3.345	2.655
经理	1.933	4.067
警告	2.900	3.100
径赛	2.034	3.966
具备	3.833	2.167
崛起	3.633	2.367
苛刻	3.633	2.367
跨越	3.167	2.833
困惑	3.833	2.167
罹难	3.034	2.966
丽人	2.733	3.267
裂缝	1.897	4.103
灵气	4.133	1.867
零食	1.633	4.367
留下	2.933	3.067
硫酸	1.433	4.567
路牌	1.500	4.500
落入	3.233	2.767
帽子	1.233	4.767
没落	3.567	2.433
面条	1.267	4.733
民主	4.100	1.900
木材	1.567	4.433
木屐	1.500	4.500
恼恨	3.733	2.267
念旧	3.767	2.233
捏造	3.621	2.379
女友	1.600	4.400
徘徊	3.533	2.467
配乐	2.233	3.767
评分	2.400	3.600
屏风	1.533	4.467
欺诈	3.033	2.967
奇迹	4.000	2.000
敲门	1.800	4.200
侵蚀	3.207	2.793
情感	3.700	2.300
曲率	3.074	2.926
认领	2.767	3.233
散心	2.700	3.300
山脊	1.600	4.400
商机	3.100	2.900
奢侈	3.467	2.533
神似	4.310	1.690
圣坛	2.433	3.567
时钟	1.333	4.667
受到	3.929	2.071
书院	1.500	4.500
舒展	3.333	2.667
思维	4.267	1.733
碎石	1.690	4.310
泰文	1.379	4.621
探戈	1.897	4.103
同名	2.448	3.552
囤积	2.897	3.103
完全	3.897	2.103
乌鸦	1.133	4.867
相公	1.586	4.414
消灭	3.367	2.633
校正	3.100	2.900
淹没	2.833	3.167
义工	1.633	4.367
荫凉	2.433	3.567
音速	2.667	3.333
饮泣	3.077	2.923
印度	1.167	4.833
迎战	2.700	3.300
云霄	2.333	3.667
云游	3.500	2.500
运输	2.333	3.667
争气	4.033	1.967
重心	2.933	3.067
猪脚	1.433	4.567
转身	2.233	3.767
转移	3.033	2.967
撰写	2.733	3.267
罪证	2.067	3.933
扒手	1.583	4.417
拜金	3.292	2.708
班次	2.375	3.625
悲叹	3.833	2.167
补足	3.130	2.870
擦伤	1.708	4.292
彩虹	1.542	4.458
参赛	2.042	3.958
操守	3.696	2.304
超过	3.375	2.625
成全	3.333	2.667
承蒙	3.958	2.042
程序	2.542	3.458
传统	3.458	2.542
创新	3.708	2.292
粗鲁	2.826	3.174
存档	2.250	3.750
答复	2.522	3.478
当差	2.708	3.292
点火	1.542	4.458
洞房	2.542	3.458
对应	3.455	2.545
发展	3.833	2.167
翻转	2.478	3.522
风光	3.417	2.583
符号	2.375	3.625
附属	3.174	2.826
复制	2.667	3.333
柑橘	1.208	4.792
共生	3.773	2.227
孤儿	1.500	4.500
管辖	2.708	3.292
管用	3.217	2.783
归位	3.565	2.435
过问	3.208	2.792
函授	3.190	2.810
行规	2.917	3.083
好运	3.304	2.696
后人	2.609	3.391
狐狸	1.458	4.542
话柄	3.000	3.000
怀孕	1.333	4.667
幻觉	3.917	2.083
皇族	2.609	3.391
棘手	3.250	2.750
佳绩	2.875	3.125
简报	2.042	3.958
见解	3.217	2.783
骄横	3.417	2.583
今天	1.833	4.167
进步	2.917	3.083
晋升	2.500	3.500
竞争	3.208	2.792
矩形	1.917	4.083
诀窍	3.500	2.500
铠甲	1.667	4.333
浪潮	2.958	3.042
厉鬼	3.667	2.333
令牌	1.792	4.208
论述	2.917	3.083
满月	2.091	3.909
内在	3.958	2.042
迫害	3.130	2.870
蒲团	2.087	3.913
气管	1.522	4.478
燃点	3.042	2.958
认同	3.292	2.708
绒布	1.625	4.375
融资	2.667	3.333
圣徒	2.739	3.261
失约	2.833	3.167
世态	3.500	2.500
试图	3.708	2.292
守约	2.708	3.292
刷新	2.500	3.500
水箱	1.375	4.625
随后	3.625	2.375
套话	3.208	2.792
提款	1.792	4.208
体操	1.708	4.292
体制	3.083	2.917
天伦	3.750	2.250
条文	2.696	3.304
通婚	2.708	3.292
投降	2.250	3.750
涂抹	2.042	3.958
网罗	4.091	1.909
威力	3.708	2.292
伟人	2.667	3.333
温泉	1.542	4.458
巫师	2.458	3.542
蜈蚣	1.208	4.792
物品	2.375	3.625
西餐	1.708	4.292
西装	1.417	4.583
希冀	3.917	2.083
仙女	3.458	2.542
陷害	3.250	2.750
小气	3.333	2.667
形迹	3.375	2.625
休克	2.083	3.917
休息	2.292	3.708
牙医	1.333	4.667
眼袋	1.375	4.625
羊群	1.500	4.500
阳伞	1.652	4.348
夜校	2.125	3.875
以后	3.708	2.292
萦绕	4.217	1.783
悠闲	3.625	2.375
油门	1.625	4.375
云集	3.583	2.417
赞颂	3.304	2.696
渣滓	3.261	2.739
丈量	2.458	3.542
针灸	1.625	4.375
珍惜	3.833	2.167
政策	2.227	3.773
支架	1.833	4.167
抓捕	2.083	3.917
字义	2.917	3.083
总站	2.136	3.864
最近	3.458	2.542
左右	2.375	3.625
把柄	2.958	3.042
变迁	3.292	2.708
布衣	2.208	3.792
藏身	2.652	3.348
策划	2.870	3.130
铲除	3.000	3.000
阐述	3.391	2.609
车尾	1.583	4.417
尺度	2.958	3.042
丑闻	3.042	2.958
初恋	2.833	3.167
厨房	1.417	4.583
打骂	2.000	4.000
大牢	1.792	4.208
大路	1.833	4.167
低等	3.542	2.458
电灯	1.375	4.625
动机	3.625	2.375
短处	3.333	2.667
罚款	2.000	4.000
犯案	2.417	3.583
绯闻	3.250	2.750
分手	2.542	3.458
丰厚	3.875	2.125
服装	1.542	4.458
感应	3.792	2.208
割断	2.208	3.792
给予	2.958	3.042
鼓噪	3.500	2.500
归类	3.348	2.652
贵族	2.417	3.583
滚蛋	2.958	3.042
果汁	1.542	4.458
含量	3.208	2.792
贺词	2.042	3.958
候诊	2.167	3.833
花展	2.042	3.958
化身	4.042	1.958
践踏	3.458	2.542
金箔	1.583	4.417
桔梗	1.667	4.333
眷恋	4.000	2.000
开刀	2.087	3.913
开会	1.875	4.125
牢狱	1.708	4.292
礼物	1.957	4.043
零件	1.870	4.130
搂抱	2.083	3.917
猛攻	2.875	3.125
敏感	4.083	1.917
瞑目	3.583	2.417
命令	2.652	3.348
模式	3.348	2.652
摩登	3.652	2.348
目的	3.208	2.792
尿布	1.458	4.542
挪用	2.875	3.125
盘古	3.609	2.391
旁白	2.739	3.261
跑道	1.375	4.625
蓬松	3.375	2.625
飘零	3.826	2.174
瓶颈	3.042	2.958
破戒	3.500	2.500
企盼	3.708	2.292
茄子	1.250	4.750
权柄	3.522	2.478
溶解	2.625	3.375
蹂躏	3.625	2.375
僧人	1.417	4.583
膳食	2.167	3.833
商界	2.917	3.083
商谈	3.083	2.917
上手	3.417	2.583
上瘾	3.625	2.375
伸冤	3.250	2.750
神灯	3.125	2.875
食物	1.957	4.043
食欲	3.417	2.583
书信	1.583	4.417
枢纽	2.792	3.208
水解	3.174	2.826
说笑	2.583	3.417
撕裂	2.870	3.130
松驰	3.875	2.125
松紧	3.250	2.750
速度	3.167	2.833
听说	3.857	2.143
稀薄	3.708	2.292
狭隘	4.000	2.000
吓倒	3.435	2.565
贤良	3.583	2.417
羡慕	4.083	1.917
乡村	1.833	4.167
协调	3.435	2.565
心动	3.750	2.250
心急	3.208	2.792
心声	3.750	2.250
刑罚	2.435	3.565
形状	2.708	3.292
虚惊	3.833	2.167
学术	3.417	2.583
雅典	2.125	3.875
要求	3.391	2.609
遗传	3.250	2.750
音符	2.167	3.833
银色	1.833	4.167
幽禁	3.826	2.174
预言	3.917	2.083
冤枉	3.458	2.542
员工	1.500	4.500
载客	2.208	3.792
瘴气	2.292	3.708
招认	3.136	2.864
昭彰	4.286	1.714
照明	1.958	4.042
征婚	2.042	3.958
政变	2.458	3.542
只是	3.778	2.222
职责	2.478	3.522
指标	2.409	3.591
庄子	1.565	4.435
自信	3.542	2.458
被单	1.269	4.731
驳斥	2.885	3.115
博客	2.000	4.000
补习	2.577	3.423
捕头	1.962	4.038
不才	4.000	2.000
布置	2.731	3.269
草莓	1.115	4.885
厕所	1.231	4.769
茶杯	1.231	4.769
查问	3.269	2.731
忏悔	3.500	2.500
沉重	3.680	2.320
承保	3.875	2.125
冲浪	2.038	3.962
充电	2.240	3.760
充满	3.280	2.720
抽查	2.885	3.115
出马	3.769	2.231
初次	2.538	3.462
当中	3.292	2.708
巅峰	3.192	2.808
动脉	2.000	4.000
独自	2.615	3.385
杜鹃	1.577	4.423
多情	3.731	2.269
反射	3.038	2.962
返回	2.808	3.192
沸水	1.692	4.308
风趣	3.654	2.346
各国	2.600	3.400
公鸡	1.192	4.808
公立	3.231	2.769
光速	2.500	3.500
鬼怪	3.360	2.640
果断	3.360	2.640
号外	3.440	2.560
胡桃	1.615	4.385
护卫	2.500	3.500
涣散	3.808	2.192
皇冠	1.808	4.192
谎话	3.154	2.846
悔恨	3.440	2.560
火球	2.115	3.885
机关	2.875	3.125
机能	4.000	2.000
即时	3.280	2.720
忌讳	3.462	2.538
继任	3.269	2.731
佳人	2.923	3.077
交战	2.423	3.577
接收	2.808	3.192
睫毛	1.231	4.769
紧接	3.769	2.231
经常	3.200	2.800
精算	3.440	2.560
举动	3.462	2.538
诀别	2.885	3.115
开方	3.273	2.727
空间	3.538	2.462
口号	2.400	3.600
夸张	3.769	2.231
老公	1.423	4.577
栗子	1.154	4.846
灵活	3.577	2.423
埋葬	2.280	3.720
毛利	2.840	3.160
梦遗	3.154	2.846
秘史	3.538	2.462
名次	2.240	3.760
母爱	3.423	2.577
年历	2.154	3.846
碾碎	2.538	3.462
辟谣	3.308	2.692
拼搏	3.462	2.538
品行	3.808	2.192
请帖	1.692	4.308
全集	2.923	3.077
柔道	1.840	4.160
奢望	4.038	1.962
守寡	2.577	3.423
帅气	3.231	2.769
私心	3.577	2.423
伺候	3.077	2.923
所有	3.391	2.609
坍方	2.231	3.769
梯级	2.846	3.154
通病	3.615	2.385
同意	2.680	3.320
童谣	2.038	3.962
枉然	4.083	1.917
无比	4.391	1.609
吸烟	1.308	4.692
先人	2.600	3.400
显露	3.577	2.423
显示	2.885	3.115
限制	3.115	2.885
想象	4.154	1.846
象征	3.885	2.115
消化	3.038	2.962
邪念	4.038	1.962
泄密	3.077	2.923
谢罪	2.808	3.192
新月	2.364	3.636
性命	2.731	3.269
旭日	2.077	3.923
筵席	2.120	3.880
妖艳	3.385	2.615
旖旎	3.909	2.091
议员	1.885	4.115
意见	3.000	3.000
引号	2.667	3.333
永远	4.115	1.885
游击	3.115	2.885
娱乐	3.038	2.962
榆树	1.231	4.769
悦耳	3.692	2.308
贼船	3.320	2.680
摘除	2.692	3.308
召见	2.923	3.077
中立	2.920	3.080
皱纹	1.538	4.462
足金	2.200	3.800
坐标	2.731	3.269
壁球	1.667	4.333
差役	2.680	3.320
缠绕	3.231	2.769
超支	3.000	3.000
称心	3.923	2.077
迟疑	3.692	2.308
出发	2.846	3.154
出航	2.577	3.423
除掉	3.400	2.600
大厅	1.346	4.654
胆怯	3.600	2.400
动感	4.077	1.923
遏止	3.577	2.423
反击	3.192	2.808
个体	2.462	3.538
古人	2.654	3.346
故意	3.615	2.385
刮痧	1.808	4.192
归纳	3.692	2.308
国策	2.923	3.077
果糖	1.731	4.269
海港	1.731	4.269
会考	2.769	3.231
混淆	4.038	1.962
记念	3.708	2.292
记忆	3.538	2.462
祭祀	2.692	3.308
甲板	1.500	4.500
监督	3.269	2.731
减少	3.280	2.720
娇纵	3.375	2.625
椒盐	1.538	4.462
接受	3.000	3.000
节俭	3.115	2.885
节制	3.615	2.385
借口	3.577	2.423
进驻	3.360	2.640
警犬	1.346	4.654
捐助	2.577	3.423
开水	1.462	4.538
空置	2.962	3.038
口吃	2.385	3.615
口罩	1.308	4.692
旷课	2.192	3.808
烂泥	2.538	3.462
老友	2.192	3.808
雷暴	2.462	3.538
淋漓	4.174	1.826
楼梯	1.385	4.615
论坛	2.560	3.440
逻辑	4.000	2.000
马车	1.500	4.500
买卖	3.154	2.846
门牌	1.462	4.538
蒙冤	3.846	2.154
面额	2.423	3.577
面试	2.231	3.769
民族	2.462	3.538
泯灭	3.917	2.083
末世	3.957	2.043
墓地	1.846	4.154
难过	3.615	2.385
难受	3.808	2.192
年青	2.962	3.038
女仆	1.962	4.038
排队	2.400	3.600
判决	3.000	3.000
陪葬	2.808	3.192
膨胀	3.808	2.192
谦让	3.577	2.423
嵌入	3.346	2.654
亲自	2.640	3.360
庆典	2.654	3.346
驱动	3.840	2.160
全能	3.577	2.423
全心	3.923	2.077
荣华	4.080	1.920
入味	3.577	2.423
三维	3.400	2.600
商店	1.615	4.385
上流	3.640	2.360
哨兵	1.577	4.423
舍得	3.808	2.192
肾脏	1.385	4.615
拾取	3.308	2.692
示众	3.077	2.923
事实	3.440	2.560
手铐	1.346	4.654
肃静	3.423	2.577
算计	3.880	2.120
特权	3.640	2.360
体验	4.077	1.923
铁蹄	2.692	3.308
涂鸦	2.808	3.192
屠夫	1.769	4.231
弯曲	2.731	3.269
为难	4.000	2.000
维护	3.360	2.640
维修	2.615	3.385
响应	3.962	2.038
向导	2.560	3.440
小孩	1.808	4.192
性别	1.923	4.077
袖口	1.692	4.308
虚脱	3.692	2.308
雪柜	2.348	3.652
血战	3.320	2.680
雅兴	4.250	1.750
要害	3.292	2.708
姨丈	1.577	4.423
以为	4.080	1.920
隐士	2.962	3.038
荧光	2.462	3.538
影响	3.960	2.040
用料	3.000	3.000
淤泥	2.038	3.962
原料	2.440	3.560
杂技	2.538	3.462
至宝	3.600	2.400
致命	3.615	2.385
自费	3.000	3.000
字幕	1.769	4.231
租金	1.846	4.154
按时	2.652	3.348
案发	3.174	2.826
保温	2.182	3.818
报仇	2.522	3.478
卑劣	3.130	2.870
辩才	3.524	2.476
标签	2.043	3.957
不公	3.000	3.000
彩票	1.826	4.174
苍白	2.957	3.043
插手	3.136	2.864
唱片	1.609	4.391
朝见	3.238	2.762
称号	3.043	2.957
成衣	2.227	3.773
斥资	3.043	2.957
纯金	1.870	4.130
刺耳	2.913	3.087
从事	3.130	2.870
挫折	3.636	2.364
导致	3.636	2.364
盗贼	1.565	4.435
道歉	2.130	3.870
凳子	1.304	4.696
地价	2.522	3.478
跌价	2.696	3.304
逗号	1.565	4.435
端正	3.174	2.826
儿科	2.087	3.913
方糖	1.870	4.130
分身	3.348	2.652
怪僻	3.652	2.348
关系	3.913	2.087
管家	2.130	3.870
鬼节	3.087	2.913
孩子	1.478	4.522
海流	2.381	3.619
寒舍	2.609	3.391
好转	3.304	2.696
浩劫	3.739	2.261
后背	1.870	4.130
灰色	2.043	3.957
辉煌	3.391	2.609
徽章	1.522	4.478
击毙	2.043	3.957
迹象	3.522	2.478
教育	3.304	2.696
景色	2.739	3.261
蓝色	1.783	4.217
历尽	4.227	1.773
励志	3.478	2.522
炼油	2.478	3.522
烈酒	2.217	3.783
榴弹	1.913	4.087
卵生	2.435	3.565
率直	3.478	2.522
煤气	1.391	4.609
每次	2.909	3.091
梦想	4.261	1.739
面貌	2.783	3.217
母亲	1.304	4.696
拿手	3.143	2.857
内行	3.130	2.870
平手	2.864	3.136
评委	1.913	4.087
凄厉	4.043	1.957
企望	4.182	1.818
气势	4.174	1.826
牵涉	3.955	2.045
谦卑	3.652	2.348
欠款	1.870	4.130
侨居	2.609	3.391
窍门	3.455	2.545
晴天	1.739	4.261
庆功	2.565	3.435
缺乏	3.318	2.682
热能	3.087	2.913
施恩	3.435	2.565
市民	1.783	4.217
收入	2.000	4.000
收拾	2.957	3.043
舒畅	3.087	2.913
熟识	3.130	2.870
漱口	1.609	4.391
体育	2.565	3.435
同乡	1.957	4.043
突然	3.652	2.348
土坑	1.783	4.217
亡灵	4.000	2.000
慰劳	3.304	2.696
无端	4.000	2.000
媳妇	1.435	4.565
仙桃	2.783	3.217
嫌疑	3.773	2.227
心智	3.652	2.348
刑期	2.609	3.391
兴建	3.217	2.783
寻根	3.636	2.364
迅速	3.174	2.826
夭折	3.261	2.739
要素	3.478	2.522
阴极	3.545	2.455
印刷	2.000	4.000
玉米	1.304	4.696
预祝	3.696	2.304
原理	3.545	2.455
远景	3.435	2.565
造反	3.174	2.826
斩首	1.826	4.174
张扬	3.391	2.609
甄别	3.522	2.478
征收	2.826	3.174
狰狞	3.391	2.609
整体	2.913	3.087
正气	3.304	2.696
政局	3.174	2.826
指名	2.783	3.217
忠诚	3.783	2.217
住宅	1.478	4.522
装配	2.391	3.609
坠机	1.913	4.087
自动	3.087	2.913
阻滞	3.609	2.391
作证	3.043	2.957
案件	2.783	3.217
包围	3.130	2.870
宝藏	2.826	3.174
保龄	3.476	2.524
编剧	2.391	3.609
表情	2.478	3.522
表征	4.087	1.913
差错	3.318	2.682
持续	3.478	2.522
憧憬	4.043	1.957
出土	2.435	3.565
垂危	2.870	3.130
打拳	1.870	4.130
逮捕	1.913	4.087
当选	2.455	3.545
斗牛	1.870	4.130
读音	2.391	3.609
度数	2.652	3.348
断裂	2.435	3.565
锻炼	2.609	3.391
恩典	3.696	2.304
耳环	1.478	4.522
烦恼	3.783	2.217
繁华	3.609	2.391
繁殖	2.348	3.652
粉丝	2.348	3.652
丰功	3.913	2.087
风筝	1.304	4.696
辅音	2.609	3.391
负债	2.261	3.739
赴宴	2.130	3.870
副刊	2.174	3.826
感情	4.348	1.652
姑娘	1.522	4.478
怪罪	3.522	2.478
归咎	3.652	2.348
归隐	3.261	2.739
国宝	2.217	3.783
过人	3.818	2.182
海景	2.174	3.826
何尝	4.000	2.000
黑幕	3.261	2.739
花样	3.773	2.227
画集	2.087	3.913
怀胎	2.000	4.000
缓慢	3.043	2.957
恍惚	4.130	1.870
挥舞	2.609	3.391
蛔虫	1.478	4.522
会面	2.435	3.565
馄饨	1.478	4.522
火葬	1.696	4.304
颊骨	1.826	4.174
降低	3.000	3.000
精密	3.435	2.565
净化	3.348	2.652
镜像	2.609	3.391
局限	3.826	2.174
剧毒	2.174	3.826
聚居	2.409	3.591
俊美	3.130	2.870
咖喱	1.652	4.348
阔绰	3.391	2.609
狼狈	3.435	2.565
老家	2.000	4.000
狸猫	1.565	4.435
民意	3.435	2.565
名字	1.957	4.043
木讷	3.174	2.826
木箱	1.391	4.609
脑海	3.783	2.217
黏液	2.043	3.957
拍卖	2.227	3.773
皮包	1.565	4.435
毗邻	3.217	2.783
评价	2.870	3.130
妻妾	1.739	4.261
气泵	1.870	4.130
山火	1.818	4.182
声明	2.696	3.304
剩余	3.000	3.000
势利	3.261	2.739
庶民	2.522	3.478
水费	1.522	4.478
顺手	3.043	2.957
思考	3.870	2.130
死敌	2.174	3.826
缩影	3.545	2.455
索取	3.130	2.870
倘若	4.048	1.952
逃课	1.913	4.087
陶器	1.348	4.652
提早	3.174	2.826
推拿	2.130	3.870
万物	3.739	2.261
维权	3.087	2.913
委托	3.087	2.913
巫婆	2.435	3.565
误解	3.182	2.818
先例	2.591	3.409
现场	1.913	4.087
械斗	2.348	3.652
刑事	2.522	3.478
寻常	3.739	2.261
鸦片	1.455	4.545
艳光	3.900	2.100
羊毛	1.609	4.391
医疗	2.391	3.609
原来	3.826	2.174
云梯	3.043	2.957
运程	3.182	2.818
运气	4.000	2.000
赞扬	3.000	3.000
脏话	2.348	3.652
增高	2.478	3.522
招聘	2.087	3.913
真正	3.739	2.261
政敌	2.870	3.130
直径	1.783	4.217
志愿	3.304	2.696
种族	2.304	3.696
助学	2.783	3.217
子女	1.261	4.739
挨近	2.920	3.080
隘口	2.680	3.320
扳倒	2.615	3.385
帮派	2.115	3.885
暴露	2.731	3.269
便服	2.385	3.615
表亲	2.538	3.462
别离	3.154	2.846
并列	3.000	3.000
播映	2.654	3.346
耻笑	2.885	3.115
赤道	1.885	4.115
串连	2.885	3.115
吹奏	2.269	3.731
唇舌	1.500	4.500
辞别	2.731	3.269
丛林	1.731	4.269
但是	3.522	2.478
蛋糕	1.346	4.654
党员	1.615	4.385
导言	2.615	3.385
倒退	2.692	3.308
稻草	1.346	4.654
点菜	2.077	3.923
电报	1.500	4.500
定时	2.240	3.760
反感	3.560	2.440
肥料	1.538	4.462
丰韵	3.423	2.577
奉献	3.440	2.560
复活	2.880	3.120
复述	2.680	3.320
肝炎	1.600	4.400
干活	2.500	3.500
阁楼	1.385	4.615
贡献	3.346	2.654
勾画	3.120	2.880
古文	2.000	4.000
故居	2.077	3.923
怪异	3.808	2.192
过失	3.320	2.680
航班	1.923	4.077
河豚	1.192	4.808
红心	2.520	3.480
琥珀	1.577	4.423
话题	3.115	2.885
火舌	3.261	2.739
讥讽	3.462	2.538
季节	1.962	4.038
建立	3.200	2.800
渐进	3.480	2.520
截止	2.846	3.154
拘谨	3.520	2.480
局外	3.769	2.231
看见	2.480	3.520
考察	3.154	2.846
考验	3.462	2.538
空手	1.960	4.040
口齿	2.154	3.846
老伴	1.615	4.385
猎犬	1.192	4.808
硫磺	1.231	4.769
律诗	2.240	3.760
略去	4.000	2.000
麻药	1.577	4.423
埋怨	3.038	2.962
冒昧	3.440	2.560
冥府	3.417	2.583
难得	3.800	2.200
匿名	2.560	3.440
农历	1.640	4.360
疲倦	3.115	2.885
频率	3.115	2.885
破解	3.400	2.600
普查	2.769	3.231
企业	1.760	4.240
曲目	2.077	3.923
人生	3.962	2.038
乳齿	1.654	4.346
删减	2.808	3.192
上告	2.920	3.080
社论	3.174	2.826
神父	1.923	4.077
生效	3.269	2.731
随机	3.385	2.615
所长	2.040	3.960
调查	2.800	3.200
跳绳	1.269	4.731
痛楚	3.615	2.385
瓦解	3.308	2.692
外语	1.880	4.120
污辱	3.292	2.708
舞狮	1.538	4.462
务实	3.280	2.720
狭小	3.200	2.800
小丑	2.200	3.800
孝顺	3.231	2.769
协力	3.400	2.600
心算	2.654	3.346
心愿	3.346	2.654
秀才	1.808	4.192
摇摇	3.200	2.800
遗弃	3.038	2.962
隐居	3.038	2.962
英国	1.115	4.885
泳衣	1.192	4.808
邮筒	1.346	4.654
友好	3.462	2.538
愿望	3.769	2.231
月历	1.808	4.192
韵味	4.080	1.920
再版	2.952	3.048
闸门	1.462	4.538
沾染	3.346	2.654
证书	1.346	4.654
政府	1.654	4.346
指数	2.720	3.280
指头	1.520	4.480
指引	3.560	2.440
中餐	1.538	4.462
主权	2.885	3.115
著名	3.400	2.600
抓住	2.346	3.654
作弊	2.000	4.000
爆炸	2.308	3.692
卑鄙	3.923	2.077
悲观	3.731	2.269
本分	3.708	2.292
表演	2.520	3.480
摒弃	3.560	2.440
才气	3.840	2.160
财务	2.417	3.583
菜园	1.423	4.577
参差	3.696	2.304
窗户	1.346	4.654
窗台	1.154	4.846
床位	1.538	4.462
催化	3.760	2.240
错过	3.654	2.346
大奖	2.308	3.692
稻田	1.346	4.654
地点	2.077	3.923
东洋	3.000	3.000
动作	2.500	3.500
陡峭	2.808	3.192
独力	3.640	2.360
对象	2.440	3.560
额头	1.346	4.654
发火	2.808	3.192
发酵	3.346	2.654
反贪	3.120	2.880
方阵	2.692	3.308
芳龄	2.615	3.385
肥沃	3.154	2.846
风帆	2.269	3.731
俯冲	2.885	3.115
富翁	2.115	3.885
富裕	3.320	2.680
腹泻	1.846	4.154
高尚	4.000	2.000
高危	3.680	2.320
共处	3.167	2.833
关联	3.600	2.400
归天	3.167	2.833
国庆	1.846	4.154
和服	1.692	4.308
和解	3.346	2.654
滑行	2.320	3.680
蝗虫	1.192	4.808
昏迷	2.654	3.346
活泼	3.400	2.600
获胜	2.654	3.346
激进	3.769	2.231
疾苦	3.538	2.462
技巧	3.167	2.833
家长	1.538	4.462
兼任	3.077	2.923
金钱	1.462	4.538
经商	2.692	3.308
救灾	2.385	3.615
坎坷	4.000	2.000
骷髅	1.462	4.538
来历	3.115	2.885
历代	3.423	2.577
连绵	3.615	2.385
列表	2.440	3.560
麻痹	3.423	2.577
马脚	2.957	3.043
漫步	2.385	3.615
毛病	3.200	2.800
美国	1.192	4.808
面包	1.115	4.885
明智	4.038	1.962
耐性	3.692	2.308
凝重	3.880	2.120
偶然	3.600	2.400
排行	2.720	3.280
牌匾	1.423	4.577
攀升	3.160	2.840
盘问	2.538	3.462
陪伴	3.038	2.962
棚屋	1.923	4.077
迫切	3.731	2.269
铺张	3.760	2.240
其余	3.478	2.522
情节	3.308	2.692
囚禁	2.346	3.654
取暖	2.192	3.808
取巧	3.731	2.269
诠释	3.885	2.115
任性	3.640	2.360
容貌	2.462	3.538
融化	3.269	2.731
上位	3.760	2.240
身处	3.440	2.560
身体	1.462	4.538
身影	2.280	3.720
生母	1.115	4.885
声带	1.808	4.192
省城	1.577	4.423
首席	2.500	3.500
受益	3.538	2.462
输赢	2.692	3.308
熟习	3.640	2.360
爽约	3.154	2.846
睡袋	1.231	4.769
抬头	1.800	4.200
特等	3.042	2.958
头盔	1.077	4.923
唾液	1.600	4.400
忘记	3.500	2.500
文本	2.346	3.654
香浓	3.692	2.308
协议	2.400	3.600
信差	2.462	3.538
野餐	1.538	4.462
臆测	4.040	1.960
印鉴	2.808	3.192
罂粟	1.385	4.615
迎击	3.154	2.846
远行	3.192	2.808
燥热	3.000	3.000
章鱼	1.231	4.769
镇压	3.615	2.385
主仆	2.000	4.000
壮举	3.923	2.077
座标	2.423	3.577
爱犬	1.966	4.034
白眼	2.828	3.172
办学	2.379	3.621
宝物	3.172	2.828
比重	3.370	2.630
闭关	3.321	2.679
不忍	3.310	2.690
掺杂	3.250	2.750
抽奖	2.034	3.966
出击	2.448	3.552
出门	1.724	4.276
处方	2.345	3.655
此时	2.655	3.345
措施	3.207	2.793
打败	2.414	3.586
打扰	2.621	3.379
蛋白	2.448	3.552
倒影	2.321	3.679
得手	3.276	2.724
灯饰	1.621	4.379
典礼	2.172	3.828
垫底	2.793	3.207
定义	3.429	2.571
动物	1.828	4.172
端详	3.483	2.517
耳目	2.926	3.074
发达	3.759	2.241
妨碍	3.276	2.724
放松	2.966	3.034
粉笔	1.379	4.621
粉红	2.103	3.897
辐射	3.000	3.000
钢铁	1.724	4.276
个案	3.000	3.000
宫女	1.655	4.345
挂心	3.880	2.120
呵欠	2.034	3.966
黑心	3.310	2.690
互动	3.207	2.793
缓步	2.655	3.345
晃动	2.069	3.931
货柜	1.379	4.621
家书	1.862	4.138
健全	3.103	2.897
叫号	2.615	3.385
结局	2.931	3.069
聚会	1.931	4.069
军令	2.000	4.000
可口	3.379	2.621
控制	3.448	2.552
窟窿	2.345	3.655
昆虫	1.621	4.379
老爷	2.517	3.483
利落	3.241	2.759
良善	3.500	2.500
领悟	3.897	2.103
麦穗	1.172	4.828
冒火	3.241	2.759
命运	4.517	1.483
模拟	3.828	2.172
纳税	1.793	4.207
牛肉	1.138	4.862
贫穷	3.103	2.897
潜藏	3.655	2.345
倾斜	2.690	3.310
情报	3.103	2.897
去年	1.793	4.207
认为	3.586	2.414
日照	2.207	3.793
肉搏	2.552	3.448
如今	3.172	2.828
搔痒	2.241	3.759
善事	2.966	3.034
烧烤	1.897	4.103
深刻	3.931	2.069
市井	3.517	2.483
手紧	3.417	2.583
售价	2.000	4.000
摔跤	1.828	4.172
爽快	3.207	2.793
说话	2.034	3.966
天幕	3.560	2.440
添加	3.207	2.793
挑拨	3.138	2.862
条约	2.310	3.690
通畅	2.759	3.241
通俗	3.448	2.552
痛哭	1.897	4.103
兔唇	1.793	4.207
拖拉	3.750	2.250
危楼	2.103	3.897
物价	2.621	3.379
戏院	1.655	4.345
相容	3.741	2.259
香炉	1.310	4.690
泄气	3.448	2.552
新鲜	3.034	2.966
凶宅	2.724	3.276
胸口	1.724	4.276
朽木	2.464	3.536
虚伪	4.103	1.897
叙述	3.138	2.862
雪山	1.517	4.483
腰果	1.379	4.621
易碎	3.000	3.000
意向	3.862	2.138
淫乱	3.429	2.571
樱桃	1.379	4.621
应付	3.448	2.552
远足	2.862	3.138
帐幕	2.321	3.679
沼泽	1.793	4.207
症结	3.241	2.759
执勤	2.103	3.897
指责	2.828	3.172
置身	3.500	2.500
中邪	4.069	1.931
重病	2.552	3.448
赚钱	2.448	3.552
追求	3.448	2.552
综观	3.870	2.130
棕色	1.655	4.345
总结	2.552	3.448
走神	3.517	2.483
安逸	3.690	2.310
办案	2.310	3.690
部分	3.414	2.586
参展	2.414	3.586
诧异	3.821	2.179
娼妓	2.214	3.786
车主	1.552	4.448
成人	1.655	4.345
出错	2.966	3.034
出口	1.897	4.103
传承	3.500	2.500
此行	3.517	2.483
代笔	2.310	3.690
的士	1.517	4.483
电路	2.034	3.966
电筒	1.483	4.517
都市	2.414	3.586
堆肥	2.920	3.080
敦促	3.286	2.714
发电	2.414	3.586
风车	1.552	4.448
副本	2.786	3.214
感觉	4.345	1.655
高级	3.862	2.138
歌迷	1.931	4.069
购买	2.069	3.931
乖僻	3.741	2.259
海马	1.690	4.310
合格	2.931	3.069
弘扬	3.828	2.172
后门	2.655	3.345
华侨	1.862	4.138
坏处	3.310	2.690
回应	3.000	3.000
火把	1.586	4.414
机灵	3.552	2.448
疾病	2.448	3.552
疾风	3.000	3.000
建造	2.724	3.276
津贴	2.286	3.714
劲敌	2.966	3.034
镜头	1.897	4.103
俊男	2.241	3.759
刊出	2.913	3.087
康复	2.690	3.310
可敬	3.655	2.345
力量	3.241	2.759
联合	3.034	2.966
联想	3.862	2.138
满意	3.276	2.724
谩骂	2.607	3.393
眉毛	1.345	4.655
漠视	3.793	2.207
谋杀	2.517	3.483
牡丹	1.483	4.517
耐用	3.172	2.828
南瓜	1.172	4.828
奴隶	2.034	3.966
旁观	3.483	2.517
佩剑	1.931	4.069
品茶	2.207	3.793
品酒	2.172	3.828
乞求	3.310	2.690
启蒙	3.862	2.138
契机	4.241	1.759
前面	2.517	3.483
襁褓	2.586	3.414
侵略	2.828	3.172
清酒	1.724	4.276
散热	3.034	2.966
森严	3.690	2.310
舍弃	3.241	2.759
摄入	3.241	2.759
摄氏	2.552	3.448
升幅	3.357	2.643
声势	3.517	2.483
胜仗	2.483	3.517
世俗	3.621	2.379
侍奉	2.929	3.071
视线	2.759	3.241
首级	2.552	3.448
殊荣	3.517	2.483
水利	2.448	3.552
私事	3.000	3.000
宋朝	1.655	4.345
粟米	1.429	4.571
胎生	2.207	3.793
推销	2.828	3.172
晚宴	2.000	4.000
危机	3.586	2.414
下级	2.621	3.379
咸蛋	1.483	4.517
祥和	3.552	2.448
心律	2.345	3.655
序幕	3.069	2.931
演绎	3.310	2.690
赝品	2.448	3.552
侥幸	3.828	2.172
野心	3.931	2.069
衣服	1.552	4.448
衣着	2.793	3.207
医术	3.138	2.862
樱花	1.138	4.862
幽怨	3.828	2.172
早餐	1.586	4.414
责任	3.207	2.793
招摇	3.586	2.414
遮丑	3.276	2.724
正式	3.379	2.621
正月	1.759	4.241
支付	1.862	4.138
支流	3.172	2.828
芝麻	1.310	4.690
织布	1.931	4.069
侄女	1.586	4.414
致富	3.172	2.828
秩序	2.897	3.103
中介	2.429	3.571
种类	2.857	3.143
周全	3.483	2.517
状况	3.862	2.138
姿态	3.379	2.621
组别	3.000	3.000
薄雾	2.174	3.826
本人	1.348	4.652
标明	2.304	3.696
兵家	2.864	3.136
补充	2.696	3.304
不甘	3.391	2.609
不久	3.455	2.545
簿记	2.895	3.105
擦拭	1.870	4.130
秤砣	1.130	4.870
初版	2.478	3.522
雏菊	1.739	4.261
纯真	3.696	2.304
单打	2.174	3.826
到达	1.957	4.043
登台	2.174	3.826
电器	1.957	4.043
玷污	3.522	2.478
豆腐	1.130	4.870
镀金	1.957	4.043
兑换	2.522	3.478
恩爱	2.913	3.087
发行	2.478	3.522
飞行	2.043	3.957
浮躁	3.522	2.478
父子	1.348	4.652
公司	1.391	4.609
恭维	3.217	2.783
构成	3.045	2.955
谷仓	1.409	4.591
关键	3.318	2.682
过期	2.130	3.870
害羞	3.000	3.000
好汉	2.826	3.174
合一	3.350	2.650
后院	1.565	4.435
互相	3.435	2.565
花店	1.348	4.652
画作	1.696	4.304
汇率	1.909	4.091
婚纱	1.348	4.652
火药	1.261	4.739
获利	2.739	3.261
悸动	3.810	2.190
间隔	3.000	3.000
见面	1.913	4.087
键盘	1.130	4.870
僵尸	2.619	3.381
讲究	3.609	2.391
教训	3.087	2.913
洁净	3.000	3.000
金鱼	1.130	4.870
尽头	3.455	2.545
警惕	3.130	2.870
敬语	3.136	2.864
炯炯	3.947	2.053
久等	3.304	2.696
就是	3.182	2.818
就坐	2.545	3.455
看透	3.696	2.304
孔子	1.478	4.522
矿石	1.348	4.652
拉车	2.174	3.826
连任	2.478	3.522
脸颊	1.391	4.609
茅屋	1.609	4.391
密林	2.174	3.826
名媛	2.478	3.522
募捐	2.261	3.739
奈何	3.864	2.136
内伤	3.391	2.609
牛市	2.739	3.261
捧场	3.043	2.957
骗子	2.391	3.609
奇怪	3.609	2.391
脐带	1.391	4.609
崎岖	3.000	3.000
切除	2.261	3.739
缺课	2.217	3.783
柔弱	3.522	2.478
烧伤	2.087	3.913
射程	2.174	3.826
申诉	2.364	3.636
失控	3.261	2.739
受聘	2.174	3.826
汤圆	1.174	4.826
桃花	1.130	4.870
题名	2.348	3.652
替代	2.696	3.304
痛风	2.217	3.783
投稿	2.043	3.957
突发	3.522	2.478
突兀	3.870	2.130
外遇	2.727	3.273
妄言	3.826	2.174
无私	3.522	2.478
咸鱼	1.652	4.348
现代	2.609	3.391
香蕉	1.130	4.870
橡皮	1.261	4.739
效果	3.182	2.818
胁持	3.000	3.000
玄机	4.136	1.864
玄学	4.364	1.636
雪白	2.435	3.565
佯装	3.227	2.773
翼龙	2.500	3.500
阴谋	3.304	2.696
应承	3.318	2.682
映射	3.318	2.682
雨水	1.435	4.565
御医	2.000	4.000
允许	2.696	3.304
杂草	1.391	4.609
增加	2.609	3.391
占地	2.478	3.522
遮蔽	2.870	3.130
震惊	3.304	2.696
征询	2.913	3.087
支援	3.087	2.913
逐步	3.273	2.727
捉住	1.913	4.087
阻止	2.522	3.478
坐椅	1.391	4.609
办事	2.783	3.217
包裹	1.739	4.261
被动	3.522	2.478
冰雕	1.435	4.565
常任	3.000	3.000
呈报	2.957	3.043
抽风	3.182	2.818
触觉	2.870	3.130
大家	2.609	3.391
大楼	1.348	4.652
订婚	1.565	4.435
兜风	2.696	3.304
兜售	2.522	3.478
渡轮	1.783	4.217
额外	3.000	3.000
凡人	2.913	3.087
返工	2.609	3.391
父母	1.261	4.739
恭喜	2.783	3.217
拐带	3.000	3.000
跪拜	2.304	3.696
国货	2.000	4.000
号令	3.217	2.783
灰心	3.348	2.652
彗星	1.522	4.478
及早	3.565	2.435
佳境	3.435	2.565
架子	2.217	3.783
肩膀	1.261	4.739
交往	2.739	3.261
角力	3.476	2.524
节日	2.000	4.000
洁白	2.783	3.217
解说	2.739	3.261
戒严	2.826	3.174
近期	3.435	2.565
经文	2.273	3.727
救援	2.435	3.565
咀嚼	1.870	4.130
卷发	1.435	4.565
开销	2.565	3.435
刊物	1.870	4.130
馈赠	2.565	3.435
老师	1.348	4.652
乐章	2.217	3.783
联军	2.609	3.391
脸型	2.217	3.783
良方	2.739	3.261
邻居	1.739	4.261
凛冽	3.739	2.261
流失	3.304	2.696
律动	3.591	2.409
蒙受	3.455	2.545
面世	3.348	2.652
秒表	1.261	4.739
墨鱼	1.261	4.739
某种	3.913	2.087
念经	2.455	3.545
期限	2.500	3.500
气馁	3.435	2.565
轻巧	3.348	2.652
清澈	2.609	3.391
请客	2.043	3.957
球赛	1.739	4.261
全貌	2.522	3.478
却步	3.762	2.238
日落	1.739	4.261
日元	1.435	4.565
入境	2.739	3.261
锐气	3.739	2.261
瑟缩	3.609	2.391
沙丘	1.609	4.391
射手	2.087	3.913
呻吟	2.957	3.043
升级	2.826	3.174
蚀本	3.056	2.944
氏族	2.435	3.565
侍应	3.435	2.565
疏散	2.609	3.391
熟练	2.957	3.043
丝巾	1.304	4.696
私人	2.591	3.409
泰国	1.087	4.913
淘气	3.000	3.000
调教	3.409	2.591
调戏	3.261	2.739
通称	3.261	2.739
同盟	2.522	3.478
同情	3.217	2.783
土地	1.435	4.565
推理	3.043	2.957
吞噬	3.261	2.739
微妙	3.739	2.261
文字	1.826	4.174
消除	2.870	3.130
携带	2.478	3.522
心情	3.261	2.739
学校	1.261	4.739
巡查	2.870	3.130
殉情	3.217	2.783
盐湖	2.000	4.000
眼科	1.739	4.261
揶揄	3.524	2.476
液体	1.870	4.130
异地	2.174	3.826
阴历	1.913	4.087
鹰爪	2.043	3.957
优秀	3.130	2.870
友情	2.913	3.087
幼龄	2.783	3.217
宇宙	2.522	3.478
浴衣	1.565	4.435
遭殃	3.304	2.696
眨眼	1.696	4.304
镇长	1.696	4.304
知足	3.348	2.652
质料	2.714	3.286
终点	2.391	3.609
装备	2.000	4.000
族谱	1.739	4.261
钻头	1.522	4.478
作战	2.739	3.261
做主	2.783	3.217
暗藏	3.591	2.409
百货	2.522	3.478
颁发	2.739	3.261
暴光	2.909	3.091
蝙蝠	1.522	4.478
标竿	2.783	3.217
层次	2.957	3.043
查明	2.870	3.130
差事	3.043	2.957
掣肘	3.684	2.316
充公	3.045	2.955
愁苦	3.217	2.783
刺刀	1.304	4.696
错怪	2.870	3.130
答谢	2.652	3.348
弹头	2.087	3.913
得力	3.227	2.773
电镀	2.091	3.909
订单	2.000	4.000
动人	3.739	2.261
冻肉	1.652	4.348
对于	3.773	2.227
顿悟	3.636	2.364
烦躁	2.826	3.174
访问	2.261	3.739
纷争	2.565	3.435
粉嫩	2.783	3.217
份量	2.696	3.304
封锁	2.957	3.043
高明	3.130	2.870
弓箭	1.391	4.609
归途	3.043	2.957
寒酸	3.217	2.783
旱灾	2.000	4.000
和声	3.304	2.696
后辈	2.087	3.913
话语	2.696	3.304
回想	3.136	2.864
活动	2.455	3.545
活该	3.455	2.545
剧场	2.130	3.870
开门	1.609	4.391
开心	2.609	3.391
口气	3.091	2.909
蜡烛	1.304	4.696
练功	2.478	3.522
量杯	1.682	4.318
列入	3.304	2.696
邻国	2.304	3.696
流浪	2.739	3.261
麻辣	2.391	3.609
麻脸	2.381	3.619
麻醉	2.364	3.636
马力	2.826	3.174
馒头	1.130	4.870
蔓延	3.682	2.318
每当	3.773	2.227
拍摄	2.045	3.955
骗局	2.609	3.391
瓢虫	1.261	4.739
祈祷	3.174	2.826
祈求	3.522	2.478
骑士	1.957	4.043
旗杆	1.304	4.696
弃子	3.286	2.714
千米	1.913	4.087
桥牌	1.826	4.174
清兵	2.000	4.000
情况	3.348	2.652
晴朗	2.348	3.652
驱散	3.130	2.870
曲调	2.565	3.435
全民	2.043	3.957
热情	3.000	3.000
如意	3.348	2.652
弱势	2.609	3.391
伤心	2.957	3.043
赏金	1.957	4.043
神圣	3.870	2.130
生态	3.130	2.870
实干	3.095	2.905
授权	3.048	2.952
属下	2.304	3.696
水门	2.889	3.111
水准	3.500	2.500
摊位	1.826	4.174
痛骂	2.696	3.304
屯兵	2.762	3.238
未来	3.636	2.364
文官	2.261	3.739
闲人	2.636	3.364
贤淑	3.522	2.478
销售	2.087	3.913
斜坡	1.783	4.217
星象	2.905	3.095
兴致	3.391	2.609
胸部	1.652	4.348
休眠	2.435	3.565
学位	1.826	4.174
烟民	1.696	4.304
妖术	3.826	2.174
义务	3.522	2.478
引言	2.696	3.304
应该	3.429	2.571
遇见	2.652	3.348
遇难	2.478	3.522
造化	4.087	1.913
炸弹	1.409	4.591
展开	3.091	2.909
战乱	2.348	3.652
长相	2.478	3.522
招牌	2.478	3.522
珍藏	2.870	3.130
整合	3.318	2.682
正名	3.227	2.773
汁液	1.913	4.087
枝节	2.600	3.400
值日	2.304	3.696
制服	1.609	4.391
忠告	3.273	2.727
重播	2.217	3.783
重金	2.826	3.174
主脑	2.952	3.048
桌布	1.130	4.870
安排	2.913	3.087
斑马	1.304	4.696
办公	2.652	3.348
保护	3.087	2.913
保障	3.571	2.429
背光	2.667	3.333
博览	3.304	2.696
出狱	1.955	4.045
出浴	1.870	4.130
船长	1.348	4.652
闯进	3.217	2.783
辞退	2.261	3.739
贷款	1.826	4.174
当众	2.913	3.087
倒立	1.870	4.130
舵手	1.435	4.565
发令	2.522	3.478
饭盒	1.130	4.870
飞驰	3.130	2.870
吩咐	2.739	3.261
粉碎	2.478	3.522
封地	2.524	3.476
疯狗	2.087	3.913
父老	2.130	3.870
赋诗	2.609	3.391
盖章	1.696	4.304
敢于	3.565	2.435
感冒	1.565	4.435
感染	2.348	3.652
港口	1.435	4.565
歌颂	3.130	2.870
供词	2.304	3.696
龟缩	3.500	2.500
好胜	3.391	2.609
合法	2.652	3.348
核实	2.870	3.130
黑洞	2.609	3.391
虹膜	2.364	3.636
湖畔	1.609	4.391
糊涂	3.364	2.636
换人	2.304	3.696
恍如	4.045	1.955
回路	3.000	3.000
火炬	1.304	4.696
饥荒	2.130	3.870
基准	2.913	3.087
集中	2.913	3.087
伎俩	3.391	2.609
佳丽	2.913	3.087
建设	2.565	3.435
剑客	1.870	4.130
脚步	1.739	4.261
叫卖	2.348	3.652
接近	2.696	3.304
精彩	3.087	2.913
楷模	2.652	3.348
砍伐	2.043	3.957
看待	3.087	2.913
刻画	2.609	3.391
恐怖	3.696	2.304
拉面	1.304	4.696
蓝本	2.955	3.045
牢固	3.130	2.870
冷笑	2.571	3.429
冷战	3.000	3.000
离别	2.478	3.522
礼金	1.522	4.478
例行	3.174	2.826
秘诀	2.727	3.273
描述	3.136	2.864
牧童	1.391	4.609
牧羊	1.478	4.522
浓烟	1.609	4.391
炮轰	2.455	3.545
琵琶	1.348	4.652
齐整	2.909	3.091
起誓	3.091	2.909
浅黄	2.045	3.955
求助	2.783	3.217
任务	2.364	3.636
荣耀	3.261	2.739
沙滩	1.227	4.773
晌午	2.261	3.739
水井	1.087	4.913
搜身	2.217	3.783
夙敌	3.238	2.762
唆使	3.478	2.522
所在	2.905	3.095
台上	1.957	4.043
贪欲	3.500	2.500
叹气	2.227	3.773
腾空	3.130	2.870
贴切	3.273	2.727
偷渡	2.087	3.913
颓废	3.565	2.435
退隐	3.136	2.864
外交	2.478	3.522
外科	2.174	3.826
五行	3.087	2.913
馅饼	1.409	4.591
效率	3.130	2.870
写作	2.130	3.870
休想	3.476	2.524
修甲	1.783	4.217
选项	2.545	3.455
宴会	1.522	4.478
验证	2.739	3.261
秧苗	1.391	4.609
仰望	2.818	3.182
夜色	2.435	3.565
已婚	1.739	4.261
愠怒	3.435	2.565
增进	3.227	2.773
这种	3.450	2.550
蔗糖	1.261	4.739
桎梏	3.500	2.500
瞩目	3.478	2.522
驻扎	2.739	3.261
祝贺	2.652	3.348
专用	2.783	3.217
撞车	1.783	4.217
锥形	1.826	4.174
字迹	1.826	4.174
爱好	2.885	3.115
凹凸	2.538	3.462
斑鸠	1.462	4.538
悲伤	2.923	3.077
背负	3.696	2.304
笨拙	3.077	2.923
宾馆	1.538	4.462
补考	2.115	3.885
哺乳	1.769	4.231
裁剪	2.040	3.960
采摘	1.923	4.077
出版	2.654	3.346
出去	2.538	3.462
初衷	3.920	2.080
雏鸟	1.654	4.346
捶背	1.500	4.500
纯情	3.923	2.077
翠玉	2.160	3.840
打蜡	2.042	3.958
蛋壳	1.385	4.615
瞪视	2.600	3.400
吊销	2.692	3.308
定论	3.417	2.583
独居	2.038	3.962
队长	2.038	3.962
发誓	3.346	2.654
废物	3.292	2.708
风纪	3.905	2.095
干柴	1.875	4.125
隔绝	3.692	2.308
公事	2.808	3.192
巩固	3.500	2.500
够用	3.417	2.583
谷物	1.962	4.038
骨科	1.846	4.154
光彩	3.520	2.480
广告	2.923	3.077
聒噪	3.522	2.478
害怕	3.308	2.692
行乞	2.462	3.538
后备	3.455	2.545
互助	2.962	3.038
缓冲	3.320	2.680
唤醒	2.833	3.167
羁留	3.476	2.524
极端	3.885	2.115
尖峰	3.125	2.875
降服	3.538	2.462
郊外	2.423	3.577
焦点	3.269	2.731
街头	2.154	3.846
静脉	2.000	4.000
就绪	3.417	2.583
举世	3.750	2.250
考古	2.346	3.654
拷问	2.880	3.120
快速	3.077	2.923
狂妄	3.731	2.269
狼藉	3.520	2.480
类别	3.080	2.920
恋爱	3.269	2.731
锣鼓	1.346	4.654
麻油	1.231	4.769
莽撞	3.115	2.885
名气	3.440	2.560
目录	2.077	3.923
目送	3.000	3.000
沐浴	1.808	4.192
内疚	3.615	2.385
内战	2.800	3.200
牌九	2.348	3.652
膀胱	1.346	4.654
齐声	3.000	3.000
强暴	2.640	3.360
强调	3.440	2.560
抢劫	1.962	4.038
青年	2.154	3.846
软垫	1.885	4.115
尚武	3.143	2.857
少数	2.769	3.231
射击	1.885	4.115
失血	2.308	3.692
时势	4.000	2.000
诉苦	2.885	3.115
所谓	4.182	1.818
锁匠	1.654	4.346
体检	2.308	3.692
替身	2.385	3.615
调解	3.000	3.000
停止	2.200	3.800
投诉	2.885	3.115
完蛋	3.750	2.250
旺盛	3.462	2.538
违抗	3.154	2.846
伪善	3.692	2.308
误差	3.120	2.880
夕照	2.952	3.048
西医	1.923	4.077
线圈	2.308	3.692
宪兵	1.923	4.077
献身	3.333	2.667
写实	3.115	2.885
心跳	1.962	4.038
心仪	3.846	2.154
宣扬	3.480	2.520
衍变	4.280	1.720
椅子	1.231	4.769
永世	3.957	2.043
优待	3.577	2.423
油墨	1.808	4.192
元老	2.538	3.462
早操	1.846	4.154
蚱蜢	1.360	4.640
摘录	2.692	3.308
辗转	3.846	2.154
湛蓝	2.708	3.292
招待	2.654	3.346
制止	2.440	3.560
中国	1.615	4.385
专一	3.154	2.846
壮观	3.577	2.423
卓越	3.731	2.269
自己	1.846	4.154
昨天	2.077	3.923
暗喻	4.360	1.640
毙命	2.538	3.462
材料	2.583	3.417
菜刀	1.231	4.769
糙米	1.462	4.538
差距	3.538	2.462
馋嘴	3.000	3.000
迟到	2.346	3.654
垂涎	3.577	2.423
刺绣	1.769	4.231
带路	2.391	3.609
待业	2.654	3.346
德国	1.538	4.462
订金	2.577	3.423
冬菇	1.308	4.692
段落	2.808	3.192
队员	2.115	3.885
法国	1.500	4.500
仿古	3.115	2.885
纺织	2.120	3.880
费时	3.400	2.600
风化	3.667	2.333
风能	2.720	3.280
凤梨	1.500	4.500
浮夸	4.154	1.846
概括	4.000	2.000
稿费	1.731	4.269
功效	3.154	2.846
估计	3.800	2.200
鼓励	3.308	2.692
光线	2.462	3.538
归依	3.960	2.040
过分	3.577	2.423
号召	3.615	2.385
河马	1.423	4.577
候补	2.962	3.038
怀念	3.923	2.077
缓和	3.615	2.385
火星	1.720	4.280
饥饿	2.654	3.346
积木	1.654	4.346
集邮	1.880	4.120
焦土	2.522	3.478
脚印	1.615	4.385
境外	2.923	3.077
局势	3.692	2.308
聚积	3.348	2.652
课堂	1.885	4.115
控诉	3.038	2.962
狂热	4.000	2.000
傀儡	3.077	2.923
了得	4.043	1.957
廉洁	3.115	2.885
脸孔	2.115	3.885
零售	2.269	3.731
陆战	2.400	3.600
律师	1.654	4.346
埋没	3.440	2.560
闹钟	1.269	4.731
泥土	1.308	4.692
逆境	3.885	2.115
牛奶	1.308	4.692
牛棚	1.308	4.692
蹒跚	3.577	2.423
泡影	3.962	2.038
炮仗	1.880	4.120
剖析	3.920	2.080
谱写	3.346	2.654
轻易	3.600	2.400
倾向	4.080	1.920
全部	3.160	2.840
泉眼	1.846	4.154
热身	2.885	3.115
忍受	3.654	2.346
容纳	3.560	2.440
赛事	2.269	3.731
舌头	1.308	4.692
尸骸	1.615	4.385
失实	3.708	2.292
施工	2.538	3.462
石膏	1.577	4.423
时机	3.960	2.040
实用	3.615	2.385
手掌	1.346	4.654
水货	3.042	2.958
水域	2.692	3.308
私奔	3.240	2.760
斯文	3.769	2.231
随从	3.000	3.000
锁定	3.440	2.560
甜品	2.038	3.962
跳跃	2.692	3.308
通风	2.792	3.208
头胎	2.280	3.720
无限	4.231	1.769
五百	1.708	4.292
洗手	1.500	4.500
下跌	2.885	3.115
相遇	3.154	2.846
香槟	1.423	4.577
襄助	3.762	2.238
谐音	3.154	2.846
嗅觉	2.308	3.692
学生	1.615	4.385
押运	2.760	3.240
以前	3.577	2.423
因果	4.115	1.885
音乐	2.231	3.769
营运	3.538	2.462
硬拼	3.458	2.542
庸碌	3.885	2.115
犹豫	3.920	2.080
渊源	4.154	1.846
砸碎	2.375	3.625
摘取	2.600	3.400
蟑螂	1.308	4.692
长进	3.760	2.240
忠心	3.846	2.154
种子	1.920	4.080
祝寿	2.692	3.308
转变	3.654	2.346
捉奸	2.680	3.320
作曲	2.077	3.923
哀伤	3.000	3.000
安危	3.375	2.625
败北	2.609	3.391
邦交	2.850	3.150
棒球	1.167	4.833
保存	2.333	3.667
抱负	3.458	2.542
碧绿	2.375	3.625
壁画	1.333	4.667
不快	2.913	3.087
不能	1.913	4.087
布匹	1.500	4.500
参数	2.875	3.125
车票	1.250	4.750
炽热	3.208	2.792
打印	1.708	4.292
道谢	2.167	3.833
等同	2.783	3.217
点头	1.500	4.500
电疗	2.292	3.708
都行	3.238	2.762
对角	2.583	3.417
多谢	2.292	3.708
恶化	2.833	3.167
飞逝	4.043	1.957
分居	1.875	4.125
肤色	1.625	4.375
附近	2.958	3.042
富有	2.792	3.208
岗位	1.875	4.125
歌剧	1.667	4.333
各人	2.750	3.250
沟通	2.792	3.208
海沟	2.292	3.708
海水	1.417	4.583
黑豹	1.375	4.625
红娘	2.083	3.917
宏伟	3.565	2.435
蝴蝶	1.125	4.875
幻灯	2.304	3.696
汇款	1.417	4.583
活力	3.292	2.708
基金	1.792	4.208
既定	3.545	2.455
荚果	2.182	3.818
假想	3.783	2.217
驾照	1.167	4.833
轿夫	1.542	4.458
教授	1.458	4.542
接纳	3.042	2.958
境地	3.667	2.333
坑洞	2.227	3.773
宽限	3.333	2.667
懒惰	2.917	3.083
良知	3.458	2.542
邻座	1.875	4.125
另外	3.227	2.773
录像	1.583	4.417
满足	3.375	2.625
冒失	3.500	2.500
每逢	3.208	2.792
弥撒	3.200	2.800
勉励	3.625	2.375
名人	2.000	4.000
目击	1.917	4.083
牧场	1.417	4.583
评审	2.625	3.375
破例	2.696	3.304
谦虚	2.917	3.083
强权	3.250	2.750
确认	2.500	3.500
乳猪	1.250	4.750
丧失	3.000	3.000
砂砾	1.826	4.174
傻笑	2.000	4.000
伤害	2.958	3.042
神殿	2.708	3.292
食宿	1.917	4.083
视力	1.625	4.375
适应	3.083	2.917
室温	2.208	3.792
书展	1.542	4.458
述职	2.917	3.083
水桶	1.167	4.833
搜寻	2.625	3.375
谈论	2.958	3.042
疼痛	2.375	3.625
天坛	2.208	3.792
停战	2.375	3.625
通信	2.542	3.458
途径	3.542	2.458
吐血	1.875	4.125
驼峰	1.625	4.375
瓦砾	1.792	4.208
晚报	1.625	4.375
晚年	2.875	3.125
王牌	2.833	3.167
闻讯	2.955	3.045
西岸	2.261	3.739
先祖	2.500	3.500
掀起	2.545	3.455
相信	2.750	3.250
写意	4.083	1.917
欣慰	3.458	2.542
形态	3.292	2.708
凶险	3.333	2.667
穴位	2.042	3.958
血癌	1.750	4.250
颜料	1.667	4.333
要闻	2.417	3.583
以便	3.476	2.524
艺人	1.792	4.208
引荐	2.792	3.208
冤家	3.042	2.958
月台	1.739	4.261
展出	2.292	3.708
肇事	2.708	3.292
正负	2.750	3.250
直译	2.391	3.609
钟声	1.542	4.458
周转	3.208	2.792
走读	2.478	3.522
左手	1.125	4.875
做梦	2.542	3.458
白饭	1.708	4.292
抱歉	2.792	3.208
本领	3.000	3.000
鼻涕	1.208	4.792
辨认	2.917	3.083
菠菜	1.042	4.958
不够	3.682	2.318
参见	3.000	3.000
残杀	2.783	3.217
拆解	3.000	3.000
成果	2.792	3.208
斥责	2.917	3.083
酬劳	1.958	4.042
除夕	1.333	4.667
词典	1.292	4.708
当代	2.696	3.304
党羽	3.083	2.917
电梯	1.375	4.625
凋谢	2.833	3.167
懂事	3.292	2.708
动荡	3.458	2.542
耳鸣	2.042	3.958
分贝	2.417	3.583
服侍	2.913	3.087
复原	3.087	2.913
构思	4.083	1.917
顾问	2.375	3.625
龟裂	2.636	3.364
还击	2.870	3.130
和好	2.750	3.250
后母	1.500	4.500
坏账	2.087	3.913
黄昏	1.917	4.083
际遇	3.826	2.174
见证	3.000	3.000
健身	1.667	4.333
进食	1.792	4.208
禁忌	2.792	3.208
惊人	3.348	2.652
狙击	2.500	3.500
居心	3.739	2.261
抉择	3.375	2.625
开市	3.130	2.870
刊载	2.545	3.455
恐慌	3.250	2.750
乐器	1.870	4.130
黎明	2.217	3.783
里边	2.458	3.542
理财	2.583	3.417
弥留	3.292	2.708
棉花	1.167	4.833
默许	2.870	3.130
浓厚	3.636	2.364
偶数	2.083	3.917
叛徒	2.167	3.833
配戴	2.333	3.667
配偶	1.333	4.667
屏息	2.739	3.261
破产	2.375	3.625
齐全	2.783	3.217
契合	3.583	2.417
枪手	2.000	4.000
悄悄	3.478	2.522
桥墩	1.375	4.625
切实	3.636	2.364
囚车	1.583	4.417
囚犯	1.333	4.667
球技	3.174	2.826
全场	2.348	3.652
群体	2.826	3.174
善终	3.455	2.545
生路	3.542	2.458
声母	2.043	3.957
牲畜	1.870	4.130
失声	2.542	3.458
失业	1.750	4.250
实况	2.625	3.375
似乎	3.800	2.200
事业	3.130	2.870
侍候	2.625	3.375
誓死	3.583	2.417
鼠辈	3.458	2.542
数值	2.375	3.625
水分	2.417	3.583
水印	1.750	4.250
睡觉	1.250	4.750
顺应	3.250	2.750
酥软	3.167	2.833
塔尖	1.958	4.042
袒露	3.087	2.913
调皮	3.130	2.870
尾巴	1.652	4.348
无法	3.333	2.667
无聊	3.417	2.583
无疑	3.455	2.545
吓人	3.208	2.792
先机	3.870	2.130
显影	3.545	2.455
谢幕	2.348	3.652
渲染	3.792	2.208
依赖	3.292	2.708
艺术	3.417	2.583
异常	3.750	2.250
意外	3.208	2.792
勇气	3.609	2.391
友爱	3.250	2.750
有趣	3.292	2.708
右倾	3.091	2.909
元帅	1.417	4.583
园艺	2.542	3.458
绽放	3.000	3.000
招供	2.750	3.250
照旧	2.818	3.182
支票	1.333	4.667
枝叶	1.250	4.750
知识	3.208	2.792
执笔	2.125	3.875
植树	1.542	4.458
致敏	3.389	2.611
中层	3.217	2.783
主张	3.208	2.792
纵火	2.083	3.917
作业	1.750	4.250
癌症	2.346	3.654
案头	2.522	3.478
报酬	2.038	3.962
伯父	1.231	4.769
博彩	2.385	3.615
步骤	2.885	3.115
采掘	2.346	3.654
测定	2.692	3.308
差劲	2.769	3.231
车手	2.038	3.962
称呼	2.200	3.800
痴情	3.000	3.000
充饥	2.308	3.692
充塞	3.083	2.917
出路	2.962	3.038
次日	1.731	4.269
磋商	3.038	2.962
挫败	2.692	3.308
得奖	1.769	4.231
动力	3.038	2.962
读者	1.615	4.385
对流	3.750	2.250
发掘	2.615	3.385
法术	3.800	2.200
繁忙	2.731	3.269
防水	2.000	4.000
废话	2.375	3.625
辅助	3.077	2.923
高台	2.417	3.583
故乡	2.038	3.962
光头	1.269	4.731
海盗	1.462	4.538
海关	1.731	4.269
好友	1.731	4.269
患病	2.269	3.731
会议	1.885	4.115
慧眼	3.692	2.308
伙食	2.115	3.885
肌肉	1.400	4.600
基础	3.240	2.760
汲取	3.462	2.538
佳肴	2.192	3.808
艰难	3.077	2.923
监测	2.538	3.462
交涉	3.077	2.923
郊区	1.885	4.115
结晶	2.115	3.885
结束	2.308	3.692
金库	1.769	4.231
尽责	3.000	3.000
精灵	3.154	2.846
拘捕	2.154	3.846
句法	3.348	2.652
聚赌	2.000	4.000
决策	2.692	3.308
咖啡	1.192	4.808
开采	2.115	3.885
可恶	3.077	2.923
空闲	2.885	3.115
口腔	1.346	4.654
酷似	3.640	2.360
拉链	1.269	4.731
腊月	1.692	4.308
劳累	2.538	3.462
了结	2.923	3.077
立正	1.500	4.500
流星	1.615	4.385
履历	2.538	3.462
密码	1.885	4.115
棉被	1.154	4.846
面值	2.500	3.500
难道	4.043	1.957
牛油	1.360	4.640
牌照	1.500	4.500
配搭	3.077	2.923
匹配	3.192	2.808
栖息	3.000	3.000
切入	3.462	2.538
清净	2.962	3.038
取代	2.769	3.231
燃料	1.654	4.346
肉眼	2.120	3.880
乳牛	1.577	4.423
珊瑚	1.538	4.462
上升	2.962	3.038
身价	3.154	2.846
事情	3.038	2.962
适合	3.250	2.750
双打	2.520	3.480
丝毫	3.833	2.167
坦克	1.231	4.769
梯田	1.423	4.577
体裁	3.273	2.727
体罚	1.962	4.038
湍流	3.192	2.808
拓荒	2.920	3.080
巍峨	3.654	2.346
瘟疫	2.423	3.577
下次	2.880	3.120
相等	2.846	3.154
邂逅	3.269	2.731
心头	3.385	2.615
性急	3.346	2.654
巡逻	2.000	4.000
雅致	3.346	2.654
严惩	2.800	3.200
言行	2.654	3.346
砚台	1.231	4.769
洋服	2.077	3.923
要点	3.080	2.920
饮食	2.077	3.923
英姿	3.192	2.808
佣工	2.115	3.885
右边	1.654	4.346
原稿	1.731	4.269
约见	2.692	3.308
仔细	2.960	3.040
再会	3.000	3.000
缜密	3.462	2.538
镇痛	2.962	3.038
仲夏	2.560	3.440
主厨	1.346	4.654
组织	2.808	3.192
熬夜	2.000	4.000
霸权	2.962	3.038
保证	3.400	2.600
奔跑	1.615	4.385
变革	3.192	2.808
猜想	3.346	2.654
参谋	3.231	2.769
操心	3.192	2.808
策略	3.385	2.615
城池	2.346	3.654
池水	1.692	4.308
出线	3.040	2.960
春药	1.808	4.192
代号	2.615	3.385
单位	2.115	3.885
第一	1.846	4.154
碟子	1.346	4.654
恩人	1.885	4.115
发财	2.440	3.560
翻新	2.769	3.231
泛指	4.208	1.792
风扇	1.192	4.808
夫人	1.346	4.654
干扰	3.269	2.731
工资	1.692	4.308
官差	2.269	3.731
光荣	3.308	2.692
滚轮	1.846	4.154
汉朝	1.769	4.231
喝彩	2.654	3.346
花市	1.808	4.192
花园	1.462	4.538
豁免	3.240	2.760
嫉妒	3.154	2.846
夹心	2.840	3.160
甲组	2.870	3.130
架设	3.240	2.760
间接	3.423	2.577
减轻	3.000	3.000
奖励	2.654	3.346
剿灭	2.400	3.600
结伴	2.231	3.769
经历	3.200	2.800
矩阵	2.577	3.423
锯齿	1.808	4.192
科目	2.346	3.654
恪守	3.654	2.346
宽阔	3.000	3.000
困难	3.269	2.731
邋遢	2.654	3.346
厉害	3.385	2.615
立足	3.346	2.654
两地	2.708	3.292
亮丽	3.500	2.500
猎奇	3.560	2.440
裂开	2.346	3.654
领受	3.240	2.760
孪生	2.038	3.962
乱世	3.280	2.720
麻绳	1.462	4.538
庙宇	2.154	3.846
谬误	3.320	2.680
南极	1.692	4.308
内定	3.042	2.958
农药	1.654	4.346
脓疮	2.038	3.962
牵强	3.538	2.462
取悦	3.346	2.654
染缸	2.240	3.760
锐利	2.962	3.038
山洪	1.692	4.308
扇动	3.115	2.885
上宾	2.458	3.542
上任	2.654	3.346
社会	3.231	2.769
申报	2.800	3.200
收兵	2.522	3.478
收成	2.308	3.692
首领	1.769	4.231
首演	2.346	3.654
输送	2.731	3.269
厮杀	2.680	3.320
台风	1.538	4.462
探讨	3.077	2.923
停职	2.160	3.840
同窗	2.192	3.808
团结	3.077	2.923
退缩	3.077	2.923
玩耍	2.538	3.462
围观	2.423	3.577
吻合	3.192	2.808
午饭	1.500	4.500
稀有	3.269	2.731
习俗	2.885	3.115
下流	3.160	2.840
宪法	2.000	4.000
信封	1.346	4.654
厌食	2.520	3.480
艳照	2.077	3.923
移动	2.640	3.360
以来	4.125	1.875
椅背	1.885	4.115
艺妓	1.846	4.154
引渡	3.000	3.000
盈余	3.040	2.960
涌动	3.462	2.538
有利	3.038	2.962
羽翼	2.577	3.423
玉器	1.538	4.462
预见	3.577	2.423
战争	2.192	3.808
站立	1.680	4.320
长期	3.231	2.769
珍视	3.417	2.583
致函	2.792	3.208
终生	2.808	3.192
转折	3.385	2.615
装修	1.808	4.192
捉弄	2.923	3.077
姿势	2.615	3.385
综合	3.800	2.200
走狗	2.320	3.680
最好	3.385	2.615
爱护	2.897	3.103
安装	1.828	4.172
盎然	4.037	1.963
拔河	1.310	4.690
板凳	1.138	4.862
保佑	3.690	2.310
暴君	2.448	3.552
悖论	3.481	2.519
比赛	2.250	3.750
笔迹	2.000	4.000
秉公	3.414	2.586
饼干	1.414	4.586
刹车	1.862	4.138
常规	3.536	2.464
绰号	2.750	3.250
超人	2.893	3.107
乘数	2.760	3.240
惩罚	2.897	3.103
楚歌	3.519	2.481
处长	2.069	3.931
村民	1.448	4.552
打牌	1.724	4.276
袋鼠	1.172	4.828
倒霉	3.357	2.643
电波	3.000	3.000
定神	3.846	2.154
对内	3.393	2.607
放射	3.483	2.517
飞天	3.577	2.423
肺癌	1.552	4.448
丰富	4.000	2.000
风力	2.448	3.552
封建	3.714	2.286
否决	2.500	3.500
服从	2.793	3.207
干冰	1.448	4.552
骨折	1.621	4.379
馆长	1.786	4.214
广泛	3.964	2.036
行贿	2.296	3.704
航路	2.000	4.000
豪迈	3.519	2.481
狠毒	3.310	2.690
后脑	1.586	4.414
华贵	3.571	2.429
机遇	3.462	2.538
假期	2.000	4.000
巨额	3.000	3.000
空缺	3.107	2.893
利润	2.448	3.552
两手	2.276	3.724
嘹亮	2.931	3.069
玲珑	3.857	2.143
轮廓	2.517	3.483
脉搏	1.966	4.034
媚俗	3.462	2.538
门面	2.414	3.586
蜜糖	1.931	4.069
敏锐	3.310	2.690
明快	3.536	2.464
目前	3.037	2.963
那么	4.167	1.833
纳米	2.241	3.759
品味	3.679	2.321
平安	2.931	3.069
奇幻	4.241	1.759
千古	3.885	2.115
迁出	2.621	3.379
强壮	2.448	3.552
敲击	1.931	4.069
清朝	1.690	4.310
球衣	1.310	4.690
热潮	3.821	2.179
热浪	3.172	2.828
软弱	3.345	2.655
杀戮	2.464	3.536
删除	2.414	3.586
伤寒	2.655	3.345
逝世	1.759	4.241
释怀	3.621	2.379
耸立	3.321	2.679
诉讼	2.036	3.964
剔除	2.724	3.276
蹄子	1.643	4.357
天堂	3.821	2.179
调动	2.897	3.103
同等	3.241	2.759
痛心	3.250	2.750
荼毒	3.741	2.259
外患	3.276	2.724
惋惜	3.621	2.379
王后	1.793	4.207
斡旋	3.800	2.200
下令	2.607	3.393
嫌隙	3.414	2.586
相机	1.276	4.724
新闻	2.000	4.000
醒悟	3.276	2.724
休闲	3.069	2.931
修炼	4.036	1.964
血汗	3.250	2.750
严肃	3.345	2.655
页码	1.821	4.179
异味	2.310	3.690
毅力	3.414	2.586
油压	2.464	3.536
愚蠢	3.448	2.552
造诣	3.621	2.379
斟酌	3.889	2.111
争端	3.310	2.690
蒸汽	2.138	3.862
正中	2.889	3.111
之间	3.346	2.654
直角	1.966	4.034
直接	3.069	2.931
至友	2.552	3.448
治本	3.621	2.379
重任	3.207	2.793
追踪	2.793	3.207
自满	3.607	2.393
自我	3.464	2.536
族群	2.500	3.500
组合	2.714	3.286
座谈	2.143	3.857
比分	2.621	3.379
笔记	1.897	4.103
笔试	1.828	4.172
便利	3.250	2.750
补品	2.586	3.414
常人	2.897	3.103
场面	3.000	3.000
车窗	1.379	4.621
诚实	3.345	2.655
出卖	3.517	2.483
出奇	4.000	2.000
炊具	1.621	4.379
次序	2.793	3.207
道理	3.786	2.214
颠覆	3.889	2.111
反对	3.034	2.966
反方	2.586	3.414
分化	3.429	2.571
坟地	1.655	4.345
丰收	2.793	3.207
俸禄	2.414	3.586
福利	3.103	2.897
附录	2.276	3.724
港币	1.379	4.621
格言	2.786	3.214
功力	3.538	2.462
固定	2.893	3.107
关怀	3.310	2.690
光明	2.931	3.069
光学	2.607	3.393
国语	1.931	4.069
过世	1.929	4.071
还魂	3.808	2.192
喊叫	2.517	3.483
行事	3.214	2.786
很多	3.615	2.385
胡椒	1.448	4.552
花卉	1.690	4.310
花瓶	1.448	4.552
回升	3.643	2.357
回头	2.483	3.517
会意	3.655	2.345
活埋	2.000	4.000
机缘	3.821	2.179
缉拿	2.448	3.552
绩效	2.828	3.172
尖酸	4.111	1.889
讲解	2.759	3.241
郊游	2.000	4.000
节省	3.148	2.852
近视	2.036	3.964
禁止	2.643	3.357
惊喜	3.138	2.862
惧怕	3.276	2.724
开工	2.414	3.586
矿坑	2.034	3.966
愧疚	4.000	2.000
郎中	2.000	4.000
肋骨	1.724	4.276
泪腺	1.857	4.143
利害	4.036	1.964
廉价	3.586	2.414
敛财	3.036	2.964
凉鞋	1.586	4.414
劣势	3.690	2.310
灵巧	3.828	2.172
留意	3.607	2.393
路边	2.103	3.897
冒充	3.500	2.500
冒烟	2.034	3.966
莫非	4.083	1.917
暮色	2.690	3.310
年轻	3.000	3.000
年长	2.759	3.241
佩戴	2.483	3.517
砒霜	1.690	4.310
片面	3.929	2.071
普及	3.724	2.276
奇景	3.259	2.741
浅见	3.786	2.214
枪械	1.655	4.345
上古	3.741	2.259
设备	2.179	3.821
社交	3.276	2.724
势力	3.828	2.172
水仙	2.103	3.897
缩水	3.207	2.793
提高	3.483	2.517
提示	3.069	2.931
体能	2.655	3.345
同龄	2.483	3.517
土匪	1.966	4.034
退化	3.679	2.321
外籍	2.286	3.714
玩笑	3.207	2.793
桅杆	2.464	3.536
无益	3.885	2.115
悟性	3.862	2.138
项目	2.724	3.276
雄风	3.929	2.071
修身	3.379	2.621
宿愿	3.889	2.111
烟草	1.793	4.207
杨柳	1.517	4.483
仪表	2.586	3.414
银行	1.448	4.552
远见	3.793	2.207
杂费	2.929	3.071
憎恨	3.643	2.357
赠送	2.655	3.345
粘土	1.931	4.069
长途	3.143	2.857
真心	3.586	2.414
正义	3.345	2.655
正值	3.000	3.000
值班	2.310	3.690
指望	3.821	2.179
中药	1.759	4.241
住宿	2.138	3.862
注意	3.517	2.483
追逐	3.071	2.929
子爵	2.769	3.231
作文	2.000	4.000
板斧	1.625	4.375
保安	1.625	4.375
变量	3.708	2.292
秉性	3.682	2.318
部下	2.130	3.870
财政	2.417	3.583
藏书	2.261	3.739
察觉	3.250	2.750
岔开	2.783	3.217
拆除	1.875	4.125
徜徉	3.857	2.143
撤销	2.375	3.625
晨曦	2.500	3.500
尺寸	2.250	3.750
抽烟	1.375	4.625
臭味	2.333	3.667
处刑	2.522	3.478
春雨	2.083	3.917
打更	2.208	3.792
怠慢	3.435	2.565
单独	2.304	3.696
单调	3.304	2.696
得罪	2.792	3.208
地痞	1.875	4.125
弟子	1.792	4.208
递增	2.667	3.333
短路	3.000	3.000
断定	2.500	3.500
发呆	2.250	3.750
饭桶	2.304	3.696
封号	2.870	3.130
告诉	2.750	3.250
拱门	1.909	4.091
谷底	2.565	3.435
顾忌	3.208	2.792
乖戾	3.875	2.125
观点	3.208	2.792
归西	2.826	3.174
果敢	2.625	3.375
海洋	1.417	4.583
毫发	2.958	3.042
后面	2.167	3.833
黄泉	3.542	2.458
机会	3.000	3.000
吉日	2.958	3.042
见习	2.958	3.042
交易	2.250	3.750
狡辩	2.750	3.250
劫持	2.083	3.917
劫狱	1.958	4.042
惊险	2.958	3.042
绝版	2.125	3.875
卡车	1.208	4.792
恳求	3.043	2.957
空虚	3.667	2.333
捆绑	2.042	3.958
朗诵	2.042	3.958
理由	2.917	3.083
立方	2.783	3.217
利益	3.333	2.667
列车	1.333	4.667
瞒骗	3.125	2.875
冒牌	2.864	3.136
玫瑰	1.250	4.750
门楣	2.864	3.136
面具	2.087	3.913
抹布	1.500	4.500
囊括	3.435	2.565
闹剧	2.958	3.042
溺水	2.000	4.000
努力	2.833	3.167
螃蟹	1.083	4.917
泡饭	1.458	4.542
启动	2.833	3.167
起居	2.500	3.500
汽车	1.292	4.708
强硬	3.000	3.000
瞧见	2.792	3.208
清单	2.500	3.500
清晰	2.917	3.083
闰年	2.042	3.958
升任	2.826	3.174
绳索	1.583	4.417
世交	2.792	3.208
视觉	2.348	3.652
兽医	1.375	4.625
水管	1.083	4.917
塌陷	2.125	3.875
特异	3.652	2.348
图书	1.625	4.375
违法	2.708	3.292
喂养	2.333	3.667
温和	2.958	3.042
午休	1.833	4.167
误杀	2.609	3.391
习武	2.000	4.000
席地	3.083	2.917
卸任	2.708	3.292
心事	3.391	2.609
修养	3.250	2.750
许多	2.750	3.250
悬赏	2.458	3.542
雅观	3.273	2.727
眼镜	1.250	4.750
演技	3.000	3.000
阳寿	2.708	3.292
药检	2.500	3.500
益处	3.167	2.833
鸳鸯	2.000	4.000
月亮	1.375	4.625
阅历	3.000	3.000
运作	3.217	2.783
灶台	1.583	4.417
掌纹	1.583	4.417
珍奇	3.348	2.652
诊治	2.333	3.667
阵容	2.565	3.435
正直	2.500	3.500
直觉	3.375	2.625
专制	3.217	2.783
转播	2.542	3.458
自尽	2.304	3.696
总之	3.409	2.591
纵容	2.833	3.167
按铃	1.783	4.217
薄弱	3.292	2.708
本性	3.833	2.167
飙升	2.875	3.125
不满	2.913	3.087
才华	3.083	2.917
册封	3.304	2.696
搀扶	2.333	3.667
肠胃	1.500	4.500
朝气	3.208	2.792
打鼓	1.625	4.375
单车	1.375	4.625
低能	3.083	2.917
低下	2.958	3.042
敌军	2.083	3.917
惦念	3.500	2.500
毒计	3.125	2.875
繁琐	3.292	2.708
方便	2.958	3.042
访华	2.083	3.917
分寸	3.042	2.958
风铃	1.417	4.583
风靡	3.435	2.565
风沙	1.875	4.125
夫妇	1.583	4.417
父亲	1.333	4.667
付出	2.913	3.087
附和	3.500	2.500
富足	2.792	3.208
膏药	1.625	4.375
功臣	2.500	3.500
供电	2.125	3.875
关注	2.833	3.167
官员	1.875	4.125
规例	2.870	3.130
国籍	1.750	4.250
横跨	2.750	3.250
烘干	2.083	3.917
幻想	3.750	2.250
皇后	1.583	4.417
黄蜂	1.375	4.625
己任	3.391	2.609
挤压	2.458	3.542
家畜	2.042	3.958
揭晓	3.250	2.750
节庆	2.500	3.500
进展	3.167	2.833
剧院	1.792	4.208
飓风	2.333	3.667
绝缘	2.792	3.208
磕头	1.667	4.333
栏杆	1.292	4.708
凌迟	2.958	3.042
流汗	1.833	4.167
聋哑	1.625	4.375
骆驼	1.417	4.583
门户	2.750	3.250
密室	2.292	3.708
墨水	1.583	4.417
男孩	1.458	4.542
农村	1.833	4.167
农具	1.625	4.375
胚芽	2.208	3.792
澎湃	3.739	2.261
偏见	3.167	2.833
片刻	3.292	2.708
平房	1.458	4.542
平滑	2.542	3.458
钱币	1.333	4.667
歉疚	3.333	2.667
亲切	3.000	3.000
青蛙	1.458	4.542
热中	3.600	2.400
睿智	3.750	2.250
纱布	1.250	4.750
商量	2.875	3.125
圣诞	1.958	4.042
失信	3.208	2.792
施法	3.350	2.650
示范	2.917	3.083
硕士	1.958	4.042
思虑	3.375	2.625
坦然	2.917	3.083
逃生	2.750	3.250
特制	3.042	2.958
天主	3.208	2.792
通融	3.667	2.333
投宿	2.375	3.625
投资	2.417	3.583
图画	1.833	4.167
图片	1.792	4.208
徒弟	1.583	4.417
武器	2.000	4.000
昔日	3.174	2.826
下属	2.083	3.917
线条	2.375	3.625
泄漏	2.833	3.167
杏仁	1.292	4.708
削发	2.250	3.750
血缘	2.375	3.625
讶异	3.083	2.917
遥控	2.292	3.708
业务	2.750	3.250
踊跃	3.208	2.792
用药	2.292	3.708
幽默	3.542	2.458
幽雅	3.542	2.458
右眼	1.250	4.750
愉快	2.792	3.208
原子	3.000	3.000
在职	2.333	3.667
赞成	2.542	3.458
赞助	2.750	3.250
站长	1.875	4.125
长短	2.375	3.625
长官	1.917	4.083
执法	2.542	3.458
直率	3.125	2.875
质量	2.708	3.292
装扮	2.458	3.542
酌情	3.625	2.375
字母	1.792	4.208
足够	2.917	3.083
暧昧	3.500	2.500
安葬	1.710	4.290
班底	3.036	2.964
磅礴	3.903	2.097
边际	3.516	2.484
草稿	1.724	4.276
草芥	3.241	2.759
蟾蜍	1.290	4.710
谄媚	3.400	2.600
磁碟	1.893	4.107
道义	3.968	2.032
等级	2.690	3.310
低沉	3.355	2.645
电阻	2.267	3.733
督察	2.516	3.484
妒忌	2.903	3.097
端庄	3.000	3.000
多心	3.552	2.448
犯人	1.387	4.613
焚烧	1.581	4.419
感动	3.226	2.774
睾丸	1.258	4.742
公证	2.774	3.226
含冤	3.133	2.867
行凶	2.355	3.645
和谐	3.290	2.710
后劲	3.393	2.607
恢复	3.129	2.871
活塞	1.871	4.129
鸡屎	1.161	4.839
计划	2.871	3.129
寄信	1.645	4.355
加倍	2.871	3.129
奸臣	2.000	4.000
肩负	3.367	2.633
将近	3.724	2.276
交替	3.207	2.793
届满	3.179	2.821
经典	3.710	2.290
精神	3.800	2.200
决胜	3.226	2.774
恐惧	3.065	2.935
跨栏	1.613	4.387
宽衣	2.097	3.903
浪费	2.645	3.355
厘米	1.613	4.387
遴选	3.321	2.679
旅游	2.032	3.968
妈妈	1.167	4.833
美景	2.433	3.567
妹夫	1.533	4.467
蒙蔽	3.548	2.452
秒钟	1.600	4.400
明亮	2.613	3.387
明喻	3.679	2.321
命案	2.129	3.871
目睹	2.452	3.548
殴打	1.677	4.323
呕吐	1.516	4.484
气泡	1.581	4.419
欠债	2.226	3.774
青草	1.323	4.677
球队	1.467	4.533
锐角	1.677	4.323
砂石	1.516	4.484
商场	1.452	4.548
生病	2.387	3.613
圣地	3.167	2.833
食谱	1.774	4.226
试验	2.742	3.258
术士	3.034	2.966
述说	3.097	2.903
霜降	2.200	3.800
水蛇	1.419	4.581
水源	1.806	4.194
死囚	1.742	4.258
挑逗	3.613	2.387
厅堂	1.774	4.226
同胞	2.161	3.839
突破	3.290	2.710
椭圆	1.806	4.194
外汇	2.300	3.700
玩具	1.467	4.533
威逼	3.387	2.613
威吓	3.129	2.871
围墙	1.533	4.467
稳重	3.355	2.645
问候	3.067	2.933
武打	2.774	3.226
西藏	1.129	4.871
下降	2.645	3.355
卸妆	1.935	4.065
辛辣	2.452	3.548
匈奴	1.903	4.097
学童	1.677	4.323
雪茄	1.290	4.710
徇私	3.548	2.452
演奏	2.323	3.677
洋葱	1.161	4.839
疑云	3.933	2.067
意识	4.290	1.710
影射	4.000	2.000
油画	1.806	4.194
浴缸	1.226	4.774
预想	3.806	2.194
源自	4.036	1.964
赠品	2.000	4.000
战机	1.800	4.200
长城	1.161	4.839
照常	3.621	2.379
箴言	2.893	3.107
阵亡	2.258	3.742
止渴	2.400	3.600
指定	2.742	3.258
指控	3.032	2.968
皱眉	1.484	4.516
祝福	3.065	2.935
筑巢	2.097	3.903
转机	3.433	2.567
装傻	2.733	3.267
装置	2.097	3.903
总统	1.290	4.710
醉拳	2.097	3.903
尊重	3.419	2.581
按摩	2.161	3.839
白热	3.630	2.370
被害	2.806	3.194
玻璃	1.258	4.742
参考	3.387	2.613
灿烂	3.548	2.452
茶叶	1.129	4.871
差异	3.452	2.548
常温	2.516	3.484
超度	4.074	1.926
超重	2.161	3.839
吵架	1.871	4.129
吵闹	2.355	3.645
冲劲	3.677	2.323
喘息	2.387	3.613
磁力	2.935	3.065
此后	3.759	2.241
刀剑	1.355	4.645
诋毁	3.484	2.516
抵达	2.516	3.484
电脑	1.097	4.903
定局	3.161	2.839
短片	1.806	4.194
发泄	3.290	2.710
泛舟	2.419	3.581
费解	3.548	2.452
分秒	2.167	3.833
尴尬	3.742	2.258
挂念	3.516	2.484
关照	3.226	2.774
归功	3.645	2.355
诡诈	3.806	2.194
黑暗	2.226	3.774
护照	1.290	4.710
花甲	2.207	3.793
诙谐	3.767	2.233
挥霍	3.419	2.581
祸患	3.258	2.742
加刑	2.839	3.161
健康	2.867	3.133
介绍	2.700	3.300
金牌	1.367	4.633
局促	3.533	2.467
卡片	1.323	4.677
慨叹	3.300	2.700
刻意	3.548	2.452
垦荒	2.233	3.767
快餐	1.516	4.484
款待	2.677	3.323
唠叨	2.677	3.323
连锁	3.067	2.933
灵感	3.968	2.032
流程	2.871	3.129
茫然	4.065	1.935
梦境	3.581	2.419
灭绝	2.742	3.258
母舰	1.833	4.167
奶粉	1.129	4.871
恼火	3.355	2.645
盘子	1.290	4.710
泡茶	1.710	4.290
漂浮	2.484	3.516
平定	3.065	2.935
仆役	1.900	4.100
企鹅	1.065	4.935
强弱	3.586	2.414
峭壁	1.613	4.387
青春	3.355	2.645
轻微	3.633	2.367
情势	3.677	2.323
雀斑	1.581	4.419
日历	1.452	4.548
如此	3.750	2.250
入夜	2.677	3.323
赊账	2.484	3.516
申辩	2.871	3.129
生殖	2.129	3.871
省却	3.464	2.536
失火	2.000	4.000
实施	2.935	3.065
事故	2.129	3.871
手感	3.129	2.871
双子	3.292	2.708
水母	1.323	4.677
水塘	1.226	4.774
司仪	1.677	4.323
思乡	3.613	2.387
锁链	1.613	4.387
他人	2.742	3.258
踏实	3.419	2.581
太多	3.172	2.828
梯形	1.774	4.226
提升	3.267	2.733
天色	2.581	3.419
条理	3.290	2.710
调整	3.367	2.633
同义	3.200	2.800
微笑	1.968	4.032
无力	3.516	2.484
系统	2.800	3.200
纤维	2.258	3.742
香烟	1.226	4.774
镶嵌	2.968	3.032
向心	3.400	2.600
亚裔	1.839	4.161
样子	3.194	2.806
一切	3.741	2.259
义演	2.655	3.345
淤积	3.133	2.867
怨言	3.000	3.000
在乎	3.355	2.645
糟蹋	2.867	3.133
张贴	1.968	4.032
障碍	2.806	3.194
遮掩	2.935	3.065
知名	3.133	2.867
直观	3.677	2.323
致病	3.138	2.862
中庭	2.522	3.478
钟楼	1.448	4.552
骤雨	1.742	4.258
资源	3.100	2.900
纵情	3.833	2.167
安慰	2.792	3.208
白骨	2.292	3.708
不对	2.417	3.583
不再	3.565	2.435
菜苗	1.958	4.042
蚕豆	1.375	4.625
茶壶	1.500	4.500
痴心	3.750	2.250
臭氧	2.042	3.958
窗口	2.167	3.833
瓷器	1.583	4.417
从政	2.917	3.083
村镇	1.833	4.167
大便	1.417	4.583
低估	3.435	2.565
叮当	3.435	2.565
冬季	1.833	4.167
动静	3.583	2.417
惰性	3.292	2.708
砝码	2.696	3.304
帆布	1.667	4.333
钢笔	1.167	4.833
膈膜	3.304	2.696
跟踪	3.043	2.957
勾当	3.667	2.333
规定	2.652	3.348
合拍	3.250	2.750
衡量	3.542	2.458
后来	3.625	2.375
后腿	2.217	3.783
化验	2.667	3.333
黄色	2.250	3.750
惠顾	3.087	2.913
婚礼	1.833	4.167
积分	2.545	3.455
急促	3.167	2.833
价钱	2.500	3.500
价值	3.542	2.458
矫形	2.913	3.087
教主	2.625	3.375
解决	3.333	2.667
禁欲	2.870	3.130
旧事	3.333	2.667
剧情	3.083	2.917
爵士	2.417	3.583
开腔	3.300	2.700
堪称	3.958	2.042
考官	1.750	4.250
烤肉	1.625	4.375
孔雀	1.208	4.792
劳苦	3.739	2.261
老千	3.435	2.565
雷电	1.583	4.417
立场	3.583	2.417
利息	2.458	3.542
连累	3.304	2.696
镰刀	1.500	4.500
量子	3.478	2.522
轮回	4.043	1.957
马厩	1.542	4.458
蜜蜂	1.250	4.750
苗条	2.958	3.042
民俗	3.208	2.792
明天	2.333	3.667
念诵	2.391	3.609
女童	1.583	4.417
配合	3.083	2.917
披散	3.545	2.455
品质	3.333	2.667
品种	2.750	3.250
平静	3.208	2.792
祈福	3.250	2.750
潜力	3.708	2.292
蜻蜓	1.333	4.667
惹祸	3.333	2.667
仁兄	2.625	3.375
荣幸	3.625	2.375
撒娇	3.042	2.958
色彩	2.958	3.042
神话	3.667	2.333
声望	3.870	2.130
史诗	3.250	2.750
使命	3.667	2.333
适宜	3.833	2.167
收藏	2.522	3.478
淑女	2.542	3.458
水车	1.542	4.458
睡衣	1.417	4.583
体察	3.696	2.304
调停	3.478	2.522
铁桥	1.833	4.167
童工	1.708	4.292
望族	3.682	2.318
温差	2.833	3.167
吸热	3.208	2.792
心计	3.870	2.130
新潮	3.667	2.333
新婚	2.042	3.958
雄蜂	1.292	4.708
严寒	2.333	3.667
药材	1.917	4.083
要人	3.500	2.500
液晶	1.917	4.083
一样	3.435	2.565
衣橱	1.375	4.625
医药	2.542	3.458
遗书	2.083	3.917
遗物	1.917	4.083
营火	2.591	3.409
营养	3.478	2.522
勇夺	4.000	2.000
援兵	2.292	3.708
云朵	1.625	4.375
噪音	2.458	3.542
占据	3.565	2.435
长笛	1.542	4.458
照应	3.833	2.167
窒息	3.042	2.958
主题	3.783	2.217
驻军	2.174	3.826
装卸	2.042	3.958
桌面	1.875	4.125
茁壮	3.565	2.435
钻石	1.500	4.500
班级	2.333	3.667
扮演	3.208	2.792
绑匪	1.583	4.417
报告	2.522	3.478
暴晒	2.625	3.375
悲哀	3.708	2.292
北面	2.375	3.625
查案	2.542	3.458
柴油	1.375	4.625
乘法	2.375	3.625
吃饭	1.833	4.167
吃惊	3.250	2.750
池塘	1.417	4.583
赤足	2.250	3.750
璀璨	3.958	2.042
存活	3.348	2.652
搭车	2.042	3.958
打工	2.167	3.833
电话	1.500	4.500
独特	4.042	1.958
对峙	3.292	2.708
扉页	2.500	3.500
峰会	2.833	3.167
蜂蜜	1.292	4.708
福气	3.833	2.167
复杂	3.696	2.304
跟随	2.913	3.087
公爵	2.000	4.000
官职	2.565	3.435
锅盖	1.583	4.417
汉奸	2.250	3.750
核弹	1.500	4.500
后果	3.750	2.250
会员	2.458	3.542
混蛋	2.792	3.208
稽查	2.783	3.217
价格	2.125	3.875
坚决	3.348	2.652
减价	2.125	3.875
剪彩	2.083	3.917
简单	3.333	2.667
简明	3.667	2.333
酱油	1.625	4.375
叫苦	3.333	2.667
捷径	3.435	2.565
近日	3.292	2.708
决断	3.542	2.458
科技	3.042	2.958
蝌蚪	1.333	4.667
空壳	2.773	3.227
快活	3.750	2.250
旷野	2.917	3.083
扩张	3.708	2.292
乐园	2.625	3.375
雷声	1.875	4.125
聊天	2.375	3.625
菱形	1.833	4.167
零星	3.522	2.478
留学	2.000	4.000
陋室	3.000	3.000
卵巢	1.625	4.375
论据	3.043	2.957
螺旋	2.417	3.583
蒙混	3.625	2.375
名号	3.000	3.000
男女	1.875	4.125
内力	4.000	2.000
年代	2.522	3.478
念头	3.833	2.167
凝结	3.583	2.417
排外	3.696	2.304
叛乱	2.750	3.250
皮鞭	1.500	4.500
匹敌	3.500	2.500
前往	2.913	3.087
勤劳	3.042	2.958
人祸	3.292	2.708
丧命	2.458	3.542
山泉	1.750	4.250
赏赐	2.870	3.130
社员	2.208	3.792
省略	3.348	2.652
事迹	3.000	3.000
守望	3.435	2.565
寿宴	2.333	3.667
受孕	2.250	3.750
梳洗	2.167	3.833
鼠疫	1.792	4.208
四处	3.652	2.348
四海	3.625	2.375
松弛	3.348	2.652
台阶	2.250	3.750
太阳	1.333	4.667
淘汰	2.826	3.174
同步	3.333	2.667
骰子	1.375	4.625
图鉴	2.333	3.667
土著	2.696	3.304
蔚蓝	3.292	2.708
瞎子	2.043	3.957
享受	3.583	2.417
哮喘	2.000	4.000
刑警	1.583	4.417
宣传	3.167	2.833
掩饰	3.458	2.542
佯攻	3.435	2.565
以上	3.550	2.450
翌日	2.792	3.208
阴凉	2.792	3.208
英军	1.870	4.130
影坛	2.417	3.583
应当	3.818	2.182
硬币	1.458	4.542
幼稚	3.833	2.167
鱼竿	1.250	4.750
雨伞	1.542	4.458
遇险	3.091	2.909
御赐	3.333	2.667
炸鸡	1.458	4.542
只顾	4.000	2.000
制订	3.167	2.833
滞销	3.125	2.875
左脚	1.625	4.375
矮小	1.677	4.323
巴结	2.935	3.065
把握	3.581	2.419
斑纹	1.935	4.065
包抄	2.871	3.129
背叛	2.645	3.355
倍增	2.710	3.290
本土	2.367	3.633
表扬	1.968	4.032
冰糖	1.226	4.774
并且	3.750	2.250
病榻	2.400	3.600
仓促	3.065	2.935
沉默	2.355	3.645
赤子	3.036	2.964
丑事	2.903	3.097
出色	2.935	3.065
船票	1.258	4.742
创刊	2.433	3.567
地球	1.419	4.581
地狱	3.613	2.387
吊灯	1.258	4.742
定律	3.414	2.586
洞窟	2.032	3.968
短暂	3.500	2.500
婀娜	3.839	2.161
飞吻	1.935	4.065
风格	3.767	2.233
夫子	2.929	3.071
敷衍	3.129	2.871
俯视	2.323	3.677
负面	3.194	2.806
改善	3.172	2.828
感性	3.935	2.065
钢筋	1.323	4.677
股票	1.903	4.097
呵斥	2.677	3.323
赫然	4.071	1.929
欢聚	2.065	3.935
幻象	3.903	2.097
换气	2.310	3.690
荒岛	1.581	4.419
回声	2.484	3.516
及时	2.828	3.172
纪念	3.032	2.968
艰苦	2.710	3.290
兼职	1.968	4.032
交通	2.033	3.967
巨大	2.548	3.452
开除	2.032	3.968
扣押	2.097	3.903
枯燥	3.129	2.871
列国	3.250	2.750
临海	2.065	3.935
令郎	1.828	4.172
流言	3.129	2.871
吗啡	1.774	4.226
门锁	1.161	4.839
门诊	1.839	4.161
绵力	3.708	2.292
渺小	3.226	2.774
明晚	1.581	4.419
明月	1.484	4.516
命苦	3.161	2.839
漂流	2.452	3.548
婆婆	1.419	4.581
前辈	1.903	4.097
前生	3.233	2.767
钳制	3.000	3.000
桥头	1.581	4.419
憔悴	2.613	3.387
亲人	1.774	4.226
去处	3.226	2.774
劝解	2.645	3.355
群众	2.194	3.806
认罪	2.613	3.387
弱智	2.645	3.355
扫描	2.613	3.387
善后	3.129	2.871
声调	2.129	3.871
失恋	2.032	3.968
手册	1.677	4.323
树脂	1.710	4.290
塑胶	1.516	4.484
谈天	3.267	2.733
贴近	2.700	3.300
通过	2.655	3.345
徒手	2.516	3.484
拖延	2.968	3.032
外资	2.290	3.710
晚装	1.600	4.400
王室	1.900	4.100
王族	2.323	3.677
位于	3.241	2.759
温度	2.129	3.871
无机	3.462	2.538
县城	1.806	4.194
象棋	1.226	4.774
笑声	1.742	4.258
新人	2.258	3.742
信任	2.833	3.167
信箱	1.323	4.677
宿舍	1.323	4.677
需要	3.355	2.645
驯服	3.067	2.933
衙门	1.774	4.226
亚军	1.500	4.500
遗容	2.323	3.677
疑惑	3.300	2.700
应战	3.065	2.935
佣金	2.129	3.871
忧愁	3.226	2.774
鱼塘	1.419	4.581
再见	2.517	3.483
在场	2.484	3.516
执导	3.034	2.966
止血	1.710	4.290
指挥	2.065	3.935
志气	3.452	2.548
治标	3.143	2.857
重启	2.290	3.710
重生	3.133	2.867
助阵	2.710	3.290
醉心	4.000	2.000
碍眼	3.290	2.710
边沿	2.467	3.533
便秘	1.839	4.161
别墅	1.387	4.613
不料	3.690	2.310
布料	1.774	4.226
采访	2.032	3.968
采用	2.742	3.258
承办	2.871	3.129
除外	3.483	2.517
触动	3.194	2.806
纯粹	3.968	2.032
祠堂	1.452	4.548
刺杀	1.968	4.032
代谢	2.967	3.033
毒品	1.548	4.452
恩惠	3.161	2.839
防卫	2.452	3.548
仿冒	2.774	3.226
放荡	3.581	2.419
枫叶	1.290	4.710
奉告	3.129	2.871
佛教	1.839	4.161
否则	3.467	2.533
扶助	2.645	3.355
负担	2.933	3.067
纲领	2.600	3.400
公尺	1.677	4.323
公函	1.767	4.233
惯性	2.806	3.194
国民	1.935	4.065
过境	2.429	3.571
海床	2.516	3.484
海滩	1.387	4.613
行人	1.871	4.129
贺卡	1.581	4.419
花瓣	1.516	4.484
花费	2.645	3.355
回礼	2.161	3.839
荟萃	3.483	2.517
晦涩	3.929	2.071
畸形	2.677	3.323
激战	2.710	3.290
极光	2.000	4.000
己见	3.516	2.484
贱人	2.621	3.379
交给	2.867	3.133
焦虑	3.065	2.935
教宗	2.536	3.464
结账	1.774	4.226
解析	2.806	3.194
戒指	1.258	4.742
金币	1.355	4.645
禁闭	2.710	3.290
开支	2.258	3.742
苛求	3.258	2.742
科学	3.194	2.806
克星	2.935	3.065
口味	2.806	3.194
匮乏	3.355	2.645
老伯	1.484	4.516
力学	2.839	3.161
炼钢	1.677	4.323
料想	3.548	2.452
烈焰	2.226	3.774
临终	2.333	3.667
铃声	1.645	4.355
裸体	1.484	4.516
盲点	3.097	2.903
冒犯	3.355	2.645
铭记	2.968	3.032
木屋	1.290	4.710
拿走	2.484	3.516
内向	3.161	2.839
披露	3.323	2.677
瀑布	1.161	4.839
气力	2.690	3.310
弃婴	1.645	4.355
铅球	1.258	4.742
巧匠	2.613	3.387
俏皮	2.968	3.032
惬意	3.516	2.484
清醒	2.581	3.419
任何	3.655	2.345
日记	1.484	4.516
熔化	2.065	3.935
三角	1.677	4.323
诗人	1.742	4.258
使用	2.677	3.323
薯条	1.226	4.774
他日	3.690	2.310
特别	3.700	2.300
体贴	2.774	3.226
天花	2.172	3.828
调情	3.452	2.548
退步	2.806	3.194
蜕变	3.100	2.900
温驯	2.968	3.032
午睡	1.710	4.290
务必	3.290	2.710
溪谷	1.867	4.133
相对	3.516	2.484
香气	2.129	3.871
性格	3.065	2.935
宿怨	3.467	2.533
锈迹	2.258	3.742
酗酒	2.097	3.903
雪人	1.452	4.548
窑洞	1.290	4.710
营造	3.161	2.839
在位	3.133	2.867
早上	1.613	4.387
展品	1.806	4.194
真空	2.516	3.484
挣脱	3.129	2.871
殖民	2.419	3.581
治安	2.581	3.419
中叶	3.231	2.769
准则	3.097	2.903
灼热	2.700	3.300
咨询	2.645	3.355
罪人	2.258	3.742
包括	2.760	3.240
饱尝	2.840	3.160
保险	2.000	4.000
变态	3.304	2.696
表白	2.346	3.654
兵力	2.423	3.577
财神	2.120	3.880
操练	2.192	3.808
曾祖	1.615	4.385
厂房	1.500	4.500
承认	2.423	3.577
澄清	2.654	3.346
踌躇	3.087	2.913
出丑	3.077	2.923
出价	2.240	3.760
出境	1.923	4.077
处罚	2.720	3.280
传令	2.500	3.500
传说	3.692	2.308
啜泣	1.880	4.120
次等	3.308	2.692
搭档	1.923	4.077
嫡传	1.885	4.115
典籍	2.038	3.962
点灯	1.846	4.154
碘酒	1.231	4.769
儿女	1.423	4.577
发狂	3.240	2.760
反弹	3.417	2.583
反攻	2.769	3.231
锋利	2.440	3.560
敷药	1.885	4.115
浮现	3.885	2.115
妇科	2.308	3.692
告别	2.577	3.423
官能	3.652	2.348
贵姓	1.920	4.080
过客	3.000	3.000
海岸	1.885	4.115
海峡	1.923	4.077
寒假	1.846	4.154
行动	3.192	2.808
合理	3.600	2.400
回忆	3.654	2.346
火山	1.231	4.769
极权	3.792	2.208
寄生	3.231	2.769
加冕	2.920	3.080
缰绳	2.200	3.800
接触	3.000	3.000
结合	3.462	2.538
锦标	3.080	2.920
精华	3.960	2.040
窘境	3.269	2.731
开恩	3.609	2.391
课本	1.500	4.500
来信	1.885	4.115
滥用	3.538	2.462
历险	3.308	2.692
伶俐	3.308	2.692
灵性	4.154	1.846
幔帐	2.583	3.417
面相	2.640	3.360
呐喊	2.000	4.000
男人	1.231	4.769
闹市	2.269	3.731
宁愿	3.846	2.154
扭伤	1.962	4.038
暖气	1.769	4.231
虐待	2.680	3.320
培训	2.346	3.654
飘泊	3.577	2.423
屏障	3.038	2.962
歧途	3.423	2.577
气量	4.375	1.625
器官	1.885	4.115
穷人	2.115	3.885
如果	4.417	1.583
洒脱	3.577	2.423
上演	3.360	2.640
生肖	1.808	4.192
失窃	2.038	3.962
市镇	1.680	4.320
事务	2.808	3.192
树林	1.423	4.577
送货	1.769	4.231
讨伐	3.080	2.920
污水	1.423	4.577
无耻	3.731	2.269
误会	3.269	2.731
蜥蜴	1.154	4.846
洗雪	4.286	1.714
仙人	3.840	2.160
相近	3.375	2.625
香艳	3.615	2.385
想法	3.731	2.269
心醉	3.923	2.077
信奉	3.577	2.423
性质	3.423	2.577
许久	3.083	2.917
选举	2.038	3.962
延长	3.038	2.962
演变	3.462	2.538
仰角	2.800	3.200
腰带	1.269	4.731
遗照	1.462	4.538
屹立	3.462	2.538
抑制	3.346	2.654
右手	1.154	4.846
圆滑	3.885	2.115
栽培	2.962	3.038
针线	1.462	4.538
真实	3.346	2.654
镇定	3.115	2.885
知音	3.269	2.731
忠贞	3.500	2.500
周到	3.654	2.346
专注	3.346	2.654
追忆	3.846	2.154
走失	2.231	3.769
足迹	2.577	3.423
组队	2.077	3.923
遵照	2.846	3.154
安静	2.920	3.080
百姓	2.000	4.000
伴郎	1.654	4.346
表象	3.808	2.192
病历	1.615	4.385
波及	3.800	2.200
才能	3.577	2.423
谗言	3.423	2.577
猖狂	3.760	2.240
车箱	1.423	4.577
撤职	2.462	3.538
冲锋	2.654	3.346
出生	2.115	3.885
出席	2.000	4.000
磁铁	1.692	4.308
打动	3.462	2.538
担任	3.077	2.923
得救	2.500	3.500
的确	3.304	2.696
敌意	3.308	2.692
地震	1.385	4.615
地主	1.808	4.192
动词	3.308	2.692
堵塞	2.600	3.400
度过	3.440	2.560
对骂	2.385	3.615
恶运	3.692	2.308
仿生	3.391	2.609
飞弛	3.375	2.625
封条	1.692	4.308
烽火	2.423	3.577
夫妻	1.500	4.500
伏法	2.750	3.250
干部	2.192	3.808
干线	2.920	3.080
革职	2.423	3.577
阁下	2.160	3.840
根治	2.840	3.160
贡品	2.192	3.808
规则	2.720	3.280
闺秀	2.320	3.680
后盾	3.120	2.880
后勤	2.308	3.692
候选	2.577	3.423
回味	3.731	2.269
混合	3.269	2.731
记述	2.769	3.231
甲子	2.273	3.727
江山	3.280	2.720
叫喊	2.154	3.846
阶段	3.385	2.615
揭露	3.115	2.885
解脱	3.692	2.308
锦衣	2.720	3.280
举办	2.654	3.346
绝对	3.250	2.750
客官	1.846	4.154
口碑	3.385	2.615
宽恕	3.615	2.385
礼节	3.038	2.962
流行	3.808	2.192
旅费	1.962	4.038
满座	2.077	3.923
门路	3.500	2.500
免疫	3.160	2.840
女孩	1.346	4.654
爬山	1.654	4.346
胚胎	2.269	3.731
批次	2.769	3.231
劈柴	1.615	4.385
频繁	3.200	2.800
评定	2.920	3.080
破坏	2.654	3.346
魄力	3.846	2.154
切磋	3.269	2.731
请愿	3.120	2.880
躯壳	2.346	3.654
仁厚	3.308	2.692
乳房	1.269	4.731
撒谎	3.192	2.808
时差	2.385	3.615
识别	2.885	3.115
拾荒	2.600	3.400
食粮	1.840	4.160
室内	1.731	4.269
受难	3.160	2.840
疏远	3.360	2.640
说谎	3.000	3.000
嘶叫	2.385	3.615
四周	2.680	3.320
松鼠	1.077	4.923
素描	2.120	3.880
套房	1.667	4.333
贴身	2.577	3.423
托管	2.462	3.538
拖鞋	1.115	4.885
网络	2.808	3.192
位列	3.038	2.962
虾米	1.577	4.423
巷子	1.731	4.269
橡树	1.346	4.654
宵禁	2.385	3.615
笑骂	2.760	3.240
新年	1.769	4.231
修补	2.385	3.615
阎王	2.640	3.360
药物	1.654	4.346
依照	3.269	2.731
银币	1.385	4.615
用兵	3.040	2.960
诱导	3.538	2.462
迂腐	3.840	2.160
余波	3.583	2.417
原始	3.269	2.731
招租	2.308	3.692
支出	2.423	3.577
肢体	1.808	4.192
制裁	3.308	2.692
主妇	2.038	3.962
紫红	2.115	3.885
总和	2.360	3.640
走散	2.615	3.385
座位	1.538	4.462
挨饿	2.000	4.000
爱情	3.400	2.600
安祥	2.958	3.042
把戏	3.240	2.760
包厢	1.440	4.560
报社	1.440	4.560
卑职	3.208	2.792
北约	1.842	4.158
背后	2.458	3.542
背脊	1.760	4.240
便餐	1.920	4.080
遍布	3.417	2.583
标本	2.000	4.000
波浪	1.760	4.240
脖子	1.160	4.840
不然	4.053	1.947
不幸	3.360	2.640
草书	2.000	4.000
倡议	3.000	3.000
成本	2.520	3.480
成长	3.542	2.458
冲动	3.583	2.417
冲破	3.120	2.880
次要	3.320	2.680
打雷	1.600	4.400
佃农	1.696	4.304
而今	3.583	2.417
发愁	3.083	2.917
发慌	3.120	2.880
发射	2.125	3.875
范畴	3.783	2.217
俘虏	1.880	4.120
干掉	3.130	2.870
古板	3.240	2.760
诡计	3.125	2.875
国家	1.720	4.280
含蓄	3.360	2.640
何谓	4.000	2.000
轰动	3.042	2.958
候鸟	1.680	4.320
画面	2.720	3.280
籍贯	1.680	4.320
继承	2.760	3.240
家事	2.680	3.320
建功	3.083	2.917
僵硬	2.600	3.400
讲师	1.560	4.440
今昔	3.409	2.591
卷轴	1.833	4.167
决斗	2.480	3.520
军人	1.120	4.880
亢奋	3.320	2.680
蓝鲸	1.160	4.840
老早	3.760	2.240
冷清	3.320	2.680
零用	2.619	3.381
蒙古	1.160	4.840
妙计	3.120	2.880
明朝	1.458	4.542
默祷	3.500	2.500
某些	4.304	1.696
叛逆	3.280	2.720
朋友	1.667	4.333
评论	1.917	4.083
棋子	1.870	4.130
气候	2.292	3.708
墙壁	1.320	4.680
情人	2.360	3.640
区分	2.913	3.087
去向	3.208	2.792
犬齿	1.870	4.130
筛选	2.826	3.174
山羊	1.040	4.960
商榷	3.500	2.500
商议	3.080	2.920
上书	2.783	3.217
师父	1.720	4.280
蔬菜	1.840	4.160
耍弄	3.520	2.480
水塔	1.542	4.458
睡意	3.160	2.840
颂赞	3.280	2.720
太空	2.720	3.280
淘金	2.958	3.042
特辑	2.583	3.417
庭园	1.480	4.520
顽童	2.208	3.792
围困	3.250	2.750
味蕾	2.560	3.440
伍长	2.545	3.455
务农	2.120	3.880
先驱	2.720	3.280
霰弹	1.667	4.333
新奇	3.750	2.250
熊市	2.591	3.409
虚名	3.520	2.480
悬崖	1.560	4.440
熏陶	3.800	2.200
烟囱	1.320	4.680
延时	3.160	2.840
研究	3.080	2.920
研习	3.080	2.920
野兽	1.720	4.280
异物	2.880	3.120
有关	3.458	2.542
愿意	3.333	2.667
韵律	3.360	2.640
炸药	1.360	4.640
张开	3.043	2.957
长子	1.400	4.600
兆头	3.880	2.120
着陆	2.320	3.680
着手	3.042	2.958
政见	2.792	3.208
值钱	3.000	3.000
指南	2.565	3.435
置业	2.455	3.545
住院	1.720	4.280
转型	3.440	2.560
准许	2.958	3.042
奏乐	2.240	3.760
足球	1.120	4.880
作乐	3.160	2.840
做作	3.875	2.125
拜师	2.200	3.800
暴力	2.640	3.360
本身	3.091	2.909
操纵	3.440	2.560
钞票	1.320	4.680
朝代	2.280	3.720
朝鲜	1.120	4.880
撤退	2.560	3.440
称赞	2.960	3.040
出身	2.920	3.080
床垫	1.200	4.800
吹牛	3.160	2.840
纯正	3.440	2.560
蠢材	2.417	3.583
答应	2.760	3.240
打火	2.125	3.875
打捞	1.920	4.080
大臣	1.720	4.280
待人	2.960	3.040
道场	2.130	3.870
定期	2.720	3.280
毒打	2.080	3.920
多种	3.261	2.739
扼杀	3.240	2.760
发型	1.880	4.120
放羊	1.375	4.625
肺炎	1.520	4.480
分工	2.880	3.120
奋斗	3.520	2.480
伏兵	2.280	3.720
胳膊	1.080	4.920
桂冠	2.292	3.708
果树	1.720	4.280
过时	3.280	2.720
化痰	2.480	3.520
怀旧	3.360	2.640
荒唐	3.480	2.520
会费	1.667	4.333
会见	2.600	3.400
或许	3.958	2.042
冀望	4.120	1.880
假冒	2.958	3.042
尖刀	1.667	4.333
坚强	3.160	2.840
教堂	1.520	4.480
景象	2.640	3.360
纠正	2.792	3.208
考生	1.560	4.440
恐吓	2.840	3.160
枯井	1.750	4.250
兰花	1.120	4.880
篮子	1.280	4.720
雷同	3.208	2.792
练习	2.640	3.360
卖弄	3.360	2.640
漫画	1.880	4.120
描写	3.080	2.920
藐视	3.440	2.560
名牌	2.000	4.000
那天	3.500	2.500
溺爱	3.000	3.000
年糕	1.320	4.680
娘家	1.720	4.280
喷泉	1.360	4.640
片酬	2.120	3.880
沏茶	1.640	4.360
前景	3.625	2.375
窃笑	2.625	3.375
劝阻	2.640	3.360
缺德	3.000	3.000
容忍	2.875	3.125
入狱	1.760	4.240
撒网	2.000	4.000
杀菌	1.880	4.120
上路	3.045	2.955
蛇蝎	2.875	3.125
设立	3.000	3.000
神学	3.043	2.957
生涯	3.360	2.640
省悟	3.304	2.696
失守	3.043	2.957
首长	1.760	4.240
瘦弱	2.240	3.760
舒适	2.960	3.040
说客	2.160	3.840
四散	3.400	2.600
送客	2.320	3.680
踏入	2.875	3.125
太公	2.043	3.957
态度	3.320	2.680
贪污	2.120	3.880
搪瓷	2.318	3.682
体面	3.120	2.880
体坛	2.250	3.750
铜器	1.720	4.280
推卸	3.400	2.600
为期	3.333	2.667
污秽	3.200	2.800
相片	1.667	4.333
巷战	2.045	3.955
心疼	3.080	2.920
凶狠	3.120	2.880
宣誓	2.333	3.667
一般	3.625	2.375
轶事	2.826	3.174
意境	3.875	2.125
余韵	3.739	2.261
早晨	1.800	4.200
早点	1.917	4.083
章节	2.250	3.750
找到	2.800	3.200
贞操	3.000	3.000
侦探	1.680	4.320
智商	2.880	3.120
稚嫩	3.040	2.960
中庸	3.667	2.333
忠烈	3.208	2.792
主观	3.920	2.080
贮存	2.458	3.542
铸造	2.280	3.720
钻研	3.280	2.720
昨晚	2.000	4.000
作主	2.875	3.125
安置	2.538	3.462
办报	3.154	2.846
崩溃	3.000	3.000
比较	3.115	2.885
鄙人	2.077	3.923
猜测	3.231	2.769
裁判	2.038	3.962
仓惶	3.538	2.462
藏族	1.654	4.346
颤栗	2.731	3.269
乘客	1.654	4.346
程度	3.923	2.077
逞强	2.962	3.038
丑化	3.308	2.692
刺激	3.115	2.885
从良	3.120	2.880
达观	3.792	2.208
鞑靼	3.143	2.857
登山	1.692	4.308
低调	3.192	2.808
顶点	2.480	3.520
法定	2.923	3.077
防盗	2.520	3.480
放牧	2.115	3.885
佛经	2.385	3.615
赶路	2.077	3.923
公路	1.577	4.423
功德	4.000	2.000
固执	3.192	2.808
喝酒	1.577	4.423
河流	1.577	4.423
洪水	1.769	4.231
吼叫	2.280	3.720
花生	1.346	4.654
回归	3.385	2.615
回收	2.625	3.375
混乱	3.346	2.654
祸害	3.231	2.769
记者	1.615	4.385
监禁	2.500	3.500
兼顾	3.308	2.692
接合	3.462	2.538
揭幕	2.923	3.077
戒心	3.500	2.500
句号	1.808	4.192
空战	2.385	3.615
叩头	1.615	4.385
酷刑	2.692	3.308
宽敞	2.769	3.231
狂暴	3.231	2.769
老树	1.923	4.077
了解	3.500	2.500
雷池	3.880	2.120
亮光	2.077	3.923
烈士	1.769	4.231
领带	1.346	4.654
密探	2.680	3.320
缅怀	3.500	2.500
面孔	2.280	3.720
鸣谢	3.115	2.885
内奸	2.385	3.615
尿频	2.192	3.808
派对	2.346	3.654
咆哮	2.423	3.577
片断	3.154	2.846
婆妈	3.200	2.800
起草	2.846	3.154
气派	3.231	2.769
巧合	3.346	2.654
曲奇	2.160	3.840
痊愈	2.577	3.423
然后	3.692	2.308
染色	2.269	3.731
任命	2.760	3.240
扫地	1.731	4.269
扫墓	1.808	4.192
砂锅	1.385	4.615
生命	3.154	2.846
实力	3.731	2.269
事先	3.760	2.240
收容	3.038	2.962
暑假	1.808	4.192
衰老	2.808	3.192
水球	1.833	4.167
水银	1.462	4.538
思念	3.769	2.231
苏联	1.654	4.346
溯源	3.750	2.250
涕泣	2.423	3.577
通知	2.577	3.423
同党	2.692	3.308
退烧	1.917	4.083
脱落	2.731	3.269
文风	4.038	1.962
蚊虫	1.808	4.192
系列	3.615	2.385
仙境	3.846	2.154
雄厚	3.615	2.385
熊掌	1.462	4.538
叙旧	3.000	3.000
烟幕	2.720	3.280
殃及	3.654	2.346
耀眼	2.692	3.308
叶酸	2.231	3.769
已故	2.346	3.654
因缘	3.615	2.385
映照	3.640	2.360
慵懒	3.200	2.800
用途	3.040	2.960
鱼雷	1.760	4.240
元首	2.038	3.962
陨石	1.808	4.192
运动	2.577	3.423
蕴含	4.115	1.885
灾民	2.192	3.808
载货	2.385	3.615
正餐	1.808	4.192
执行	3.308	2.692
职位	2.577	3.423
重量	2.240	3.760
桌椅	1.346	4.654
资历	3.538	2.462
子宫	1.692	4.308
子夜	2.783	3.217
暗示	3.846	2.154
翱翔	3.160	2.840
备课	2.423	3.577
本色	3.615	2.385
彩色	2.385	3.615
承担	3.538	2.462
吃亏	3.538	2.462
冲力	3.360	2.640
丑态	3.308	2.692
磁场	2.923	3.077
大雾	1.962	4.038
大众	2.885	3.115
道别	2.538	3.462
敌视	3.346	2.654
恶毒	3.346	2.654
发觉	3.577	2.423
非凡	3.920	2.080
纷扰	3.846	2.154
腹肌	1.654	4.346
格子	2.038	3.962
工头	2.192	3.808
共识	3.269	2.731
滚水	2.957	3.043
过敏	2.615	3.385
海量	3.500	2.500
罕见	3.423	2.577
好学	3.231	2.769
胡闹	3.346	2.654
荒谬	4.000	2.000
基地	2.577	3.423
计算	2.962	3.038
技术	3.500	2.500
寄宿	2.269	3.731
家访	1.962	4.038
舰艇	1.577	4.423
酵素	2.577	3.423
结石	2.038	3.962
浸透	3.308	2.692
卷入	3.500	2.500
军营	1.962	4.038
刻苦	3.769	2.231
肯定	3.115	2.885
苦涩	3.154	2.846
况且	3.846	2.154
劳作	2.840	3.160
老鼠	1.269	4.731
泪水	1.577	4.423
理解	3.654	2.346
力气	3.192	2.808
獠牙	2.615	3.385
领略	3.680	2.320
流沙	2.231	3.769
笼罩	3.760	2.240
陋习	3.346	2.654
喽罗	3.227	2.773
录影	2.269	3.731
沦落	3.760	2.240
落日	1.654	4.346
麻雀	1.154	4.846
谋反	3.231	2.769
木门	1.500	4.500
幕后	3.240	2.760
内乱	3.480	2.520
派别	3.375	2.625
判官	2.500	3.500
碰头	2.500	3.500
脾气	3.269	2.731
偏心	3.385	2.615
齐名	3.360	2.640
气压	2.769	3.231
求生	3.308	2.692
酋长	2.154	3.846
人质	2.115	3.885
荣辱	3.962	2.038
赛马	2.000	4.000
骚扰	3.240	2.760
烧毁	2.360	3.640
哨子	1.885	4.115
省长	1.692	4.308
盛放	3.240	2.760
盛世	3.385	2.615
十足	3.960	2.040
士兵	1.577	4.423
手心	1.654	4.346
输家	2.769	3.231
树龄	2.692	3.308
丝带	1.731	4.269
塔楼	1.885	4.115
踏足	3.423	2.577
汤匙	1.423	4.577
提出	3.269	2.731
调味	2.808	3.192
听众	2.154	3.846
妥善	3.808	2.192
挖苦	3.654	2.346
万幸	3.962	2.038
卫兵	1.692	4.308
味道	3.192	2.808
温习	3.115	2.885
西瓜	1.538	4.462
小人	3.269	2.731
兴趣	3.538	2.462
严重	3.923	2.077
样本	2.692	3.308
要塞	2.667	3.333
夜盲	2.600	3.400
疑问	3.500	2.500
姻缘	3.231	2.769
拥戴	3.400	2.600
邮购	2.346	3.654
余力	3.720	2.280
宇航	2.423	3.577
冤仇	3.577	2.423
元气	4.080	1.920
原因	3.600	2.400
约束	3.640	2.360
战斗	2.577	3.423
正宗	3.808	2.192
治病	2.577	3.423
中秋	1.923	4.077
衷心	3.462	2.538
洲际	3.400	2.600
阻碍	3.692	2.308
奥妙	3.556	2.444
白痴	2.370	3.630
班房	1.962	4.038
搬家	1.519	4.481
悲愤	2.852	3.148
毕生	3.269	2.731
编写	2.259	3.741
标枪	1.520	4.480
兵役	2.074	3.926
驳船	2.182	3.818
布施	3.250	2.750
城墙	1.148	4.852
橙汁	1.074	4.926
充军	2.741	3.259
穿越	3.778	2.222
创伤	3.037	2.963
吹嘘	3.407	2.593
炊烟	1.815	4.185
从业	2.704	3.296
答案	2.154	3.846
代价	3.500	2.500
地址	1.815	4.185
典当	2.462	3.538
电池	1.222	4.778
吊唁	2.923	3.077
对话	2.852	3.148
对调	3.115	2.885
恩怨	3.519	2.481
发愣	2.889	3.111
发明	3.200	2.800
方圆	3.370	2.630
分钟	2.407	3.593
附注	2.185	3.815
复数	2.704	3.296
改革	3.462	2.538
干涸	2.407	3.593
革命	3.519	2.481
公敌	3.148	2.852
股市	2.481	3.519
国旗	1.222	4.778
过错	3.185	2.815
好意	3.148	2.852
鸿毛	3.160	2.840
呼应	3.500	2.500
幻灭	4.111	1.889
昏暗	2.556	3.444
机密	3.037	2.963
跻身	3.583	2.417
加油	3.269	2.731
假日	2.000	4.000
交代	3.148	2.852
节目	1.889	4.111
景观	2.222	3.778
拘留	2.037	3.963
可能	3.792	2.208
腊肠	1.519	4.481
来往	3.259	2.741
礼貌	2.741	3.259
林地	1.889	4.111
凌霄	3.957	2.043
流畅	3.400	2.600
隆重	3.333	2.667
马贼	2.125	3.875
免费	2.259	3.741
面粉	1.148	4.852
民营	2.462	3.538
哪怕	4.292	1.708
纳豆	2.130	3.870
内容	3.000	3.000
泥泞	2.296	3.704
啤酒	1.222	4.778
恰当	3.500	2.500
潜能	3.741	2.259
强身	2.926	3.074
樵夫	1.444	4.556
劝说	3.037	2.963
雀巢	2.360	3.640
柔软	3.000	3.000
肉类	2.259	3.741
润滑	2.808	3.192
撒旦	2.667	3.333
神志	4.074	1.926
盛情	3.667	2.333
寿命	2.593	3.407
水泥	1.333	4.667
抬举	3.538	2.462
炭火	1.741	4.259
提倡	3.333	2.667
头晕	2.296	3.704
透彻	3.880	2.120
团长	2.111	3.889
挖掘	2.630	3.370
外国	2.519	3.481
晚节	3.720	2.280
王国	2.667	3.333
文盲	2.370	3.630
问罪	2.960	3.040
犀牛	1.222	4.778
锡纸	1.259	4.741
夏天	1.846	4.154
罅隙	3.714	2.286
肖像	2.741	3.259
消暑	3.037	2.963
协助	3.074	2.926
信念	4.296	1.704
信誉	3.444	2.556
演化	4.037	1.963
谣言	3.148	2.852
逸事	3.600	2.400
音讯	3.154	2.846
迎合	3.556	2.444
臃肿	2.462	3.538
渔村	1.815	4.185
远方	3.815	2.185
长度	2.407	3.593
着色	2.875	3.125
志向	3.741	2.259
制伏	2.704	3.296
重点	2.741	3.259
重视	3.192	2.808
骤变	3.444	2.556
珠峰	1.963	4.037
逐出	3.160	2.840
自卑	3.259	2.741
挨打	2.222	3.778
暗号	3.037	2.963
伴侣	1.889	4.111
报答	3.370	2.630
本剧	2.962	3.038
比武	2.333	3.667
表带	2.000	4.000
病毒	2.692	3.308
播放	2.519	3.481
才貌	3.259	2.741
测验	2.704	3.296
臣服	3.115	2.885
呈现	3.346	2.654
迟钝	3.185	2.815
持械	2.583	3.417
辞职	2.111	3.889
凑数	2.963	3.037
挡风	2.385	3.615
倒闭	2.481	3.519
冬天	1.667	4.333
躲避	2.704	3.296
恶劣	3.481	2.519
房间	1.630	4.370
飞越	3.444	2.556
分娩	1.962	4.038
蜂巢	1.704	4.296
福分	3.808	2.192
附加	3.154	2.846
复兴	3.630	2.370
丐帮	2.308	3.692
甘甜	2.778	3.222
感伤	3.741	2.259
各种	3.750	2.250
根茎	1.731	4.269
恭迎	3.269	2.731
还债	2.037	3.963
海狮	1.407	4.593
酣睡	2.519	3.481
好恶	3.400	2.600
狠心	3.111	2.889
惠及	3.731	2.269
火柴	1.481	4.519
火锅	1.704	4.296
伙计	2.296	3.704
击球	2.222	3.778
计较	3.593	2.407
季刊	2.000	4.000
寄居	2.519	3.481
夹击	2.769	3.231
奸细	2.148	3.852
检查	2.692	3.308
狡猾	3.519	2.481
届时	3.296	2.704
警醒	3.519	2.481
久违	3.778	2.222
口才	3.259	2.741
苦楚	3.630	2.370
垃圾	2.259	3.741
来宾	2.111	3.889
劳工	1.852	4.148
离间	3.538	2.462
立国	2.926	3.074
良师	2.407	3.593
两岸	2.407	3.593
料理	2.654	3.346
令尊	2.037	3.963
旅行	2.037	3.963
麦片	1.222	4.778
麋鹿	1.333	4.667
秘鲁	1.481	4.519
魔王	3.111	2.889
末日	3.556	2.444
呢喃	3.375	2.625
农夫	1.556	4.444
迁怒	3.481	2.519
遣返	2.778	3.222
倩影	3.630	2.370
强制	3.000	3.000
翘首	3.423	2.577
侵华	2.038	3.962
青铜	2.077	3.923
扔掉	2.259	3.741
赛车	1.692	4.308
散布	3.231	2.769
煽动	3.308	2.692
少爷	2.296	3.704
舍下	3.120	2.880
生日	2.185	3.815
史前	3.000	3.000
视频	2.370	3.630
收缩	2.923	3.077
他乡	2.852	3.148
泰然	3.923	2.077
毯子	1.259	4.741
停车	1.926	4.074
同居	2.000	4.000
外泄	3.083	2.917
委任	2.556	3.444
握拳	1.815	4.185
无情	3.556	2.444
吸吮	2.259	3.741
嘻笑	2.444	3.556
细节	3.222	2.778
响亮	2.926	3.074
销魂	3.963	2.037
须知	3.080	2.920
咬噬	3.125	2.875
夜晚	1.704	4.296
医学	2.259	3.741
盈利	2.593	3.407
优势	2.741	3.259
鱼缸	1.222	4.778
咋舌	3.200	2.800
灾难	3.111	2.889
暂停	2.667	3.333
张望	2.778	3.222
长大	3.148	2.852
值得	3.654	2.346
指尖	1.593	4.407
中队	2.731	3.269
中原	2.654	3.346
钟爱	3.370	2.630
滋生	3.423	2.577
凹陷	2.231	3.769
白酒	1.308	4.692
鸨母	2.708	3.292
北方	2.440	3.560
本部	3.120	2.880
绷带	1.346	4.654
别人	2.960	3.040
采光	2.538	3.462
参观	2.692	3.308
侧面	2.960	3.040
拆毁	2.269	3.731
炒饭	1.269	4.731
出众	3.440	2.560
初中	1.577	4.423
除草	1.538	4.462
处事	3.769	2.231
唇膏	1.154	4.846
词语	2.423	3.577
辞世	2.192	3.808
从容	3.615	2.385
大战	3.360	2.640
代用	3.680	2.320
淡化	3.800	2.200
灯光	1.769	4.231
敌人	2.462	3.538
点将	2.957	3.043
鼎盛	3.692	2.308
订价	2.600	3.400
发育	3.192	2.808
方案	2.577	3.423
方针	3.154	2.846
放学	1.846	4.154
非礼	2.923	3.077
粪便	1.308	4.692
奉承	3.577	2.423
付款	1.731	4.269
改写	3.192	2.808
告急	3.600	2.400
归去	3.120	2.880
豪放	3.462	2.538
合适	3.640	2.360
哄骗	2.923	3.077
户口	1.462	4.538
划分	3.042	2.958
灰烬	2.231	3.769
祭祖	1.885	4.115
家人	1.654	4.346
阶梯	2.280	3.720
金属	1.808	4.192
举重	1.800	4.200
巨匠	3.769	2.231
君主	2.077	3.923
可以	3.783	2.217
苦战	3.462	2.538
窥探	3.192	2.808
擂台	2.269	3.731
炼狱	4.269	1.731
亮相	2.720	3.280
凌晨	1.654	4.346
柳树	1.077	4.923
露宿	2.115	3.885
马路	1.346	4.654
矛盾	3.962	2.038
媒体	2.346	3.654
蒙福	4.118	1.882
妙法	4.150	1.850
年幼	2.231	3.769
牛犊	1.692	4.308
排列	3.000	3.000
聘礼	2.038	3.962
其中	3.818	2.182
前行	2.615	3.385
前脚	2.174	3.826
枪决	1.962	4.038
屈服	3.385	2.615
雀跃	3.346	2.654
舢板	1.739	4.261
上级	2.154	3.846
施主	2.423	3.577
时代	3.440	2.560
实验	2.346	3.654
事变	3.360	2.640
是否	3.500	2.500
树立	3.615	2.385
天使	3.520	2.480
挑剔	3.462	2.538
调剂	3.720	2.280
投缘	3.731	2.269
脱险	3.308	2.692
妄想	4.080	1.920
物质	2.920	3.080
洗劫	2.692	3.308
戏曲	1.615	4.385
限定	3.440	2.560
歇息	2.462	3.538
压榨	3.231	2.769
夜市	1.538	4.462
仪容	2.462	3.538
倚赖	3.600	2.400
意义	4.080	1.920
隐蔽	3.038	2.962
隐瞒	3.308	2.692
影印	2.292	3.708
邮件	1.500	4.500
预约	2.385	3.615
缘分	3.962	2.038
越野	2.462	3.538
赞同	2.885	3.115
早期	3.192	2.808
造谣	3.269	2.731
战略	3.538	2.462
招兵	2.600	3.400
照料	2.808	3.192
正面	3.000	3.000
纸质	1.440	4.560
致电	2.269	3.731
珠宝	1.346	4.654
竹竿	1.154	4.846
主见	3.615	2.385
转化	3.917	2.083
转换	3.458	2.542
滋味	3.385	2.615
走动	2.231	3.769
醉汉	1.615	4.385
把手	2.115	3.885
半天	2.769	3.231
报名	2.115	3.885
必要	3.250	2.750
兵器	1.808	4.192
采矿	1.731	4.269
超越	3.846	2.154
丑话	3.520	2.480
出勤	2.346	3.654
淳朴	3.500	2.500
慈悲	3.760	2.240
刺探	3.520	2.480
促销	2.462	3.538
搭讪	2.654	3.346
达成	3.240	2.760
大概	3.920	2.080
胆小	3.192	2.808
雕像	1.885	4.115
冻结	3.208	2.792
蹲伏	2.632	3.368
发髻	1.769	4.231
伐木	1.731	4.269
肥壮	2.192	3.808
废气	2.400	3.600
蜂拥	3.160	2.840
逢迎	3.720	2.280
腐烂	2.577	3.423
妇孺	1.885	4.115
改良	3.385	2.615
高楼	1.846	4.154
各式	3.609	2.391
苟活	4.192	1.808
乖巧	3.308	2.692
关闭	2.120	3.880
瑰丽	3.600	2.400
贵人	2.923	3.077
耗尽	3.308	2.692
话剧	1.962	4.038
坏死	2.920	3.080
荒凉	2.885	3.115
回合	3.042	2.958
继续	3.440	2.560
加速	2.769	3.231
奸商	2.500	3.500
经营	3.231	2.769
净水	2.154	3.846
聚焦	3.385	2.615
均匀	3.077	2.923
开导	3.808	2.192
靠近	2.720	3.280
扣杀	2.522	3.478
辣椒	1.154	4.846
浪花	1.500	4.500
怜悯	3.538	2.462
联手	2.962	3.038
灵魂	4.231	1.769
漏水	1.923	4.077
绿化	2.200	3.800
漫长	3.720	2.280
忙乱	3.360	2.640
磨坊	2.080	3.920
农场	1.423	4.577
喷漆	1.692	4.308
烹饪	1.692	4.308
皮具	1.560	4.440
脾胃	1.692	4.308
平稳	3.269	2.731
铺路	1.923	4.077
其间	4.100	1.900
丘陵	1.769	4.231
权利	3.385	2.615
绕道	2.577	3.423
日裔	2.217	3.783
溶化	2.577	3.423
伞兵	1.560	4.440
上诉	2.385	3.615
史料	2.600	3.400
始祖	3.038	2.962
顺眼	3.577	2.423
说明	2.923	3.077
死结	3.174	2.826
算命	2.885	3.115
调节	3.269	2.731
突袭	3.160	2.840
徒劳	3.800	2.200
臀部	1.385	4.615
唾弃	3.120	2.880
往日	3.308	2.692
往事	3.269	2.731
违反	2.846	3.154
味精	1.308	4.692
温柔	3.577	2.423
文书	2.308	3.692
下身	1.913	4.087
夏日	1.885	4.115
相处	3.308	2.692
邪教	2.720	3.280
腥红	3.038	2.962
修女	1.769	4.231
眼泪	1.423	4.577
隐晦	4.115	1.885
印象	3.846	2.154
用品	2.667	3.333
幼童	1.692	4.308
余生	3.577	2.423
玉露	3.727	2.273
育婴	2.120	3.880
园丁	1.846	4.154
原本	3.667	2.333
岳父	1.400	4.600
增值	3.040	2.960
站稳	2.520	3.480
长征	2.833	3.167
蛰伏	3.652	2.348
诊所	1.500	4.500
只有	3.773	2.227
周边	2.826	3.174
注射	1.962	4.038
注视	2.462	3.538
子民	2.440	3.560
宗族	2.615	3.385
阻力	3.348	2.652
坐垫	1.440	4.560
安全	3.040	2.960
暗算	3.000	3.000
遨游	4.240	1.760
懊恼	3.160	2.840
把脉	2.160	3.840
保镖	1.480	4.520
堡垒	2.240	3.760
被褥	1.840	4.160
辈分	3.000	3.000
本能	3.720	2.280
逼真	3.680	2.320
便壶	1.560	4.440
补助	2.840	3.160
不凡	3.880	2.120
不祥	3.875	2.125
残余	3.080	2.920
策动	3.375	2.625
朝拜	2.800	3.200
痴呆	2.480	3.520
船坞	1.800	4.200
催眠	2.880	3.120
打探	2.720	3.280
电费	1.320	4.680
跌倒	1.640	4.360
动乱	3.080	2.920
乏味	3.500	2.500
翻录	3.043	2.957
反光	2.200	3.800
反思	3.400	2.600
分散	3.280	2.720
疯癫	2.960	3.040
各地	3.000	3.000
宫殿	1.320	4.680
固体	1.680	4.320
关门	1.520	4.480
海藻	1.440	4.560
河道	1.840	4.160
宏大	4.040	1.960
喉咙	1.360	4.640
呼唤	3.200	2.800
画质	3.120	2.880
夹缝	2.760	3.240
甲虫	1.280	4.720
驾驶	2.200	3.800
间谍	2.360	3.640
建交	3.042	2.958
金色	1.920	4.080
金牙	1.600	4.400
尽力	3.680	2.320
精细	3.625	2.375
镜子	1.400	4.600
开设	3.520	2.480
考试	1.880	4.120
客机	1.840	4.160
劳驾	3.400	2.600
棱镜	2.080	3.920
理科	2.320	3.680
疗效	3.292	2.708
路轨	1.760	4.240
蚂蚁	1.080	4.920
名单	2.120	3.880
明显	3.640	2.360
木偶	1.880	4.120
木纹	2.480	3.520
目标	3.304	2.696
鸟类	2.280	3.720
怒吼	3.000	3.000
派兵	3.040	2.960
疲劳	3.320	2.680
寝室	1.400	4.600
球迷	2.167	3.833
区别	3.520	2.480
渠道	3.160	2.840
权威	3.800	2.200
人民	2.720	3.280
善良	3.600	2.400
尚且	3.905	2.095
舍命	3.520	2.480
审慎	3.560	2.440
盛装	3.080	2.920
刷牙	1.280	4.720
私欲	3.640	2.360
夙怨	4.083	1.917
素养	3.920	2.080
讨债	2.200	3.800
调控	3.320	2.680
挺直	2.800	3.200
铜钱	1.440	4.560
危急	3.400	2.600
未知	4.000	2.000
文具	1.760	4.240
纹理	2.880	3.120
紊乱	4.120	1.880
稳妥	3.800	2.200
熙攘	3.400	2.600
下凡	3.682	2.318
相貌	2.400	3.600
销量	2.600	3.400
写照	3.160	2.840
性情	3.720	2.280
虚空	4.280	1.720
绚烂	3.680	2.320
寻觅	3.200	2.800
岩壁	2.000	4.000
盐分	2.440	3.560
衍生	3.840	2.160
眼睛	1.120	4.880
邀请	3.000	3.000
摇篮	2.200	3.800
也许	4.091	1.909
移植	2.958	3.042
疫苗	1.680	4.320
硬朗	3.240	2.760
幽灵	3.880	2.120
熨斗	1.160	4.840
着急	3.360	2.640
着迷	3.560	2.440
着想	3.542	2.458
直通	3.160	2.840
忠义	3.440	2.560
专辑	1.920	4.080
装甲	1.920	4.080
字典	1.200	4.800
罪犯	2.080	3.920
按揭	3.120	2.880
败类	3.280	2.720
包场	2.600	3.400
必需	3.750	2.250
毕业	1.920	4.080
剥削	3.600	2.400
车祸	1.760	4.240
承继	3.240	2.760
迟早	3.522	2.478
传奇	3.880	2.120
次数	2.375	3.625
摧毁	3.000	3.000
呆板	3.400	2.600
倒塌	2.480	3.520
道教	2.458	3.542
底牌	3.160	2.840
点滴	3.696	2.304
电讯	2.760	3.240
吊桥	1.760	4.240
俄语	1.800	4.200
分行	3.174	2.826
坟墓	1.520	4.480
粉末	1.960	4.040
风湿	2.560	3.440
风味	3.625	2.375
浮冰	2.522	3.478
符咒	3.160	2.840
干净	2.720	3.280
干预	3.440	2.560
格斗	2.400	3.600
过奖	3.400	2.600
湖水	1.800	4.200
环岛	2.200	3.800
缓刑	2.720	3.280
毁坏	3.000	3.000
火警	1.920	4.080
极地	2.417	3.583
监犯	2.080	3.920
介意	3.720	2.280
芥蒂	3.800	2.200
巨星	3.208	2.792
军队	1.680	4.320
口径	3.280	2.720
葵花	1.560	4.440
昆布	2.938	3.062
喇叭	1.360	4.640
愣住	3.240	2.760
轮流	3.200	2.800
盲人	1.360	4.640
磨损	3.160	2.840
谋生	3.360	2.640
奶油	1.720	4.280
难度	3.880	2.120
内心	3.920	2.080
娘胎	2.680	3.320
排骨	1.360	4.640
彷徨	3.960	2.040
批评	3.160	2.840
片段	3.040	2.960
剽窃	3.160	2.840
拼盘	2.542	3.458
匍匐	2.520	3.480
齐心	3.760	2.240
乞丐	1.520	4.480
迁徙	3.120	2.880
轻生	3.280	2.720
热血	3.320	2.680
蠕动	2.800	3.200
少妇	1.920	4.080
神韵	4.160	1.840
审讯	2.720	3.280
升天	3.760	2.240
圣母	3.208	2.792
圣书	3.280	2.720
失策	3.640	2.360
湿度	2.840	3.160
实行	3.480	2.520
市价	3.120	2.880
手腕	2.125	3.875
首饰	1.920	4.080
树干	1.680	4.320
数据	2.600	3.400
苔藓	1.520	4.480
太医	1.760	4.240
陶艺	2.320	3.680
提神	3.600	2.400
提问	2.800	3.200
天井	2.200	3.800
天气	2.760	3.240
田地	1.560	4.440
田鸡	1.625	4.375
眺望	3.320	2.680
通讯	2.840	3.160
头筹	3.625	2.375
头领	2.583	3.417
完成	3.120	2.880
亡命	3.640	2.360
位置	2.840	3.160
涡轮	2.160	3.840
无故	3.960	2.040
舞步	2.360	3.640
消息	2.840	3.160
小产	2.600	3.400
亵渎	3.480	2.520
辛苦	3.480	2.520
信鸽	1.640	4.360
炫耀	3.600	2.400
勋章	2.000	4.000
颜面	3.400	2.600
疑犯	2.440	3.560
印痕	2.800	3.200
有时	3.739	2.261
孕吐	2.208	3.792
针孔	1.720	4.280
真挚	3.840	2.160
政党	2.640	3.360
钟意	3.520	2.480
重犯	2.280	3.720
主动	3.160	2.840
驻留	3.160	2.840
专题	2.840	3.160
追兵	2.640	3.360
准备	3.400	2.600
白天	2.065	3.935
背囊	2.097	3.903
捕猎	2.194	3.806
不孕	2.161	3.839
参与	3.000	3.000
插班	2.484	3.516
茶花	1.484	4.516
车站	1.645	4.355
臣民	2.710	3.290
崇敬	3.533	2.467
宠物	1.968	4.032
出殡	2.000	4.000
搓洗	2.000	4.000
搭配	3.258	2.742
打坐	2.387	3.613
大胆	3.667	2.333
单向	3.107	2.893
当初	3.733	2.267
到底	4.077	1.923
嘟囔	3.000	3.000
放大	2.645	3.355
氛围	3.581	2.419
风月	4.000	2.000
父爱	2.871	3.129
干货	2.857	3.143
工作	2.367	3.633
恭贺	3.032	2.968
瓜葛	3.516	2.484
行业	3.097	2.903
环境	3.419	2.581
会场	2.161	3.839
会长	2.032	3.968
即将	3.806	2.194
嘉宾	2.161	3.839
间歇	3.700	2.300
健谈	2.900	3.100
教室	1.387	4.613
接吻	1.710	4.290
解渴	2.645	3.355
戒备	3.032	2.968
界定	3.548	2.452
矜持	3.267	2.733
开花	1.742	4.258
看病	1.935	4.065
口岸	2.269	3.731
困乏	3.033	2.967
来去	3.467	2.533
老幼	2.258	3.742
冷酷	3.161	2.839
离心	3.724	2.276
理睬	3.000	3.000
帘子	1.452	4.548
劣质	3.032	2.968
领教	3.700	2.300
伦理	3.581	2.419
码头	1.581	4.419
谋略	3.700	2.300
纳闷	3.774	2.226
内幕	3.433	2.567
宁静	3.323	2.677
扭曲	3.710	2.290
弄堂	2.065	3.935
扑空	3.367	2.633
气枪	1.484	4.516
前途	3.667	2.333
桥梁	1.500	4.500
切开	2.258	3.742
荣光	3.871	2.129
色盲	1.800	4.200
麝香	1.633	4.367
伸展	2.806	3.194
疏忽	3.452	2.548
曙光	3.387	2.613
树叶	1.290	4.710
数量	2.548	3.452
肆虐	3.867	2.133
送礼	2.633	3.367
孙女	1.300	4.700
琐碎	3.806	2.194
檀香	1.903	4.097
套装	2.097	3.903
天台	1.400	4.600
土葬	1.871	4.129
妥协	3.581	2.419
外力	3.655	2.345
王妃	1.677	4.323
往来	3.355	2.645
问鼎	3.448	2.552
无关	3.677	2.323
武将	1.839	4.161
洗澡	1.452	4.548
心术	3.839	2.161
信号	3.067	2.933
信心	3.581	2.419
凶猛	2.871	3.129
絮叨	3.100	2.900
宣布	2.733	3.267
湮没	3.567	2.433
扬名	3.548	2.452
羊肉	1.161	4.839
依从	3.516	2.484
易燃	2.100	3.900
迎娶	2.065	3.935
拥有	3.065	2.935
有喜	3.000	3.000
语文	2.161	3.839
原谅	3.226	2.774
栽赃	2.839	3.161
宰相	1.419	4.581
斋戒	2.581	3.419
招呼	2.800	3.200
真假	3.500	2.500
振奋	3.581	2.419
争斗	2.968	3.032
整齐	2.419	3.581
正统	3.323	2.677
证明	3.067	2.933
证物	2.000	4.000
致力	3.742	2.258
中止	2.967	3.033
州长	1.677	4.323
姿色	3.133	2.867
纵横	3.250	2.750
坐下	1.710	4.290
败坏	3.533	2.467
拜访	2.267	3.733
半夜	2.226	3.774
伴唱	2.194	3.806
贝壳	1.387	4.613
本金	2.000	4.000
比如	3.935	2.065
必定	3.367	2.633
边境	1.871	4.129
沉睡	2.516	3.484
乘坐	2.267	3.733
吃力	3.733	2.267
抽屉	1.387	4.613
绸缎	1.355	4.645
出访	2.677	3.323
措辞	3.323	2.677
导电	2.567	3.433
杜撰	3.333	2.667
躲藏	2.871	3.129
范围	3.581	2.419
贩毒	1.839	4.161
非洲	1.452	4.548
浮游	3.069	2.931
雇主	1.710	4.290
关心	3.387	2.613
观察	2.806	3.194
官僚	2.567	3.433
滚动	2.452	3.548
海豚	1.290	4.710
憨笑	2.710	3.290
韩国	1.452	4.548
汗腺	1.935	4.065
号哭	2.931	3.069
河边	1.903	4.097
核心	3.194	2.806
寂寞	3.806	2.194
甲壳	1.867	4.133
假设	4.167	1.833
剪影	2.483	3.517
将军	1.548	4.452
焦耳	2.889	3.111
结怨	3.742	2.258
疥癣	2.379	3.621
就此	3.963	2.037
开船	1.871	4.129
苦瓜	1.290	4.710
垮台	3.000	3.000
乐曲	1.677	4.323
连体	2.677	3.323
潦倒	3.600	2.400
临别	2.935	3.065
领袖	2.258	3.742
炉火	1.968	4.032
炉灶	1.355	4.645
陆续	3.806	2.194
落败	3.226	2.774
蛮横	3.194	2.806
慢慢	3.690	2.310
米饭	1.290	4.710
密切	3.645	2.355
腼腆	3.452	2.548
明朗	3.129	2.871
耐热	2.667	3.333
内情	3.800	2.200
钮扣	1.290	4.710
女色	3.000	3.000
派遣	2.903	3.097
跑步	1.548	4.452
赔偿	2.516	3.484
僻静	3.161	2.839
栖身	3.133	2.867
奇妙	4.065	1.935
乾坤	4.310	1.690
强奸	1.774	4.226
琴弦	1.452	4.548
确诊	2.516	3.484
熔岩	1.742	4.258
儒教	3.065	2.935
省力	3.233	2.767
石阶	1.516	4.484
始末	3.581	2.419
世人	3.194	2.806
树敌	3.290	2.710
衰微	3.759	2.241
税收	2.032	3.968
饲养	2.226	3.774
碎片	2.367	3.633
螳螂	1.226	4.774
特价	2.774	3.226
体态	2.645	3.355
投机	3.710	2.290
透过	3.467	2.533
拓展	3.567	2.433
亡国	2.258	3.742
污点	2.967	3.033
西方	2.645	3.355
吸引	3.839	2.161
席位	2.367	3.633
喜好	3.400	2.600
鲜奶	1.548	4.452
想到	3.600	2.400
选择	3.323	2.677
压力	3.710	2.290
押韵	3.034	2.966
牙刷	1.161	4.839
摇摆	3.032	2.968
议定	3.233	2.767
意思	4.033	1.967
迎头	3.500	2.500
营地	1.871	4.129
庸才	2.903	3.097
优雅	3.548	2.452
雨天	1.516	4.484
原罪	3.774	2.226
跃升	3.429	2.571
云雾	2.032	3.968
造就	3.548	2.452
哲理	3.800	2.200
忠孝	3.067	2.933
重返	3.138	2.862
注定	3.733	2.267
装束	2.333	3.667
宗旨	3.258	2.742
白发	1.520	4.480
白蚁	1.440	4.560
本来	3.833	2.167
宾客	2.000	4.000
殡仪	2.680	3.320
拨款	2.520	3.480
伯乐	2.960	3.040
布鞋	1.360	4.640
步履	2.920	3.080
残存	3.960	2.040
成效	3.600	2.400
城镇	1.880	4.120
出使	3.500	2.500
出世	2.625	3.375
辞令	3.609	2.391
歹徒	1.920	4.080
道路	1.880	4.120
淀粉	1.280	4.720
顶撞	3.080	2.920
冬眠	2.600	3.400
耳膜	1.360	4.640
发妻	1.840	4.160
法则	3.520	2.480
反省	3.960	2.040
分析	4.000	2.000
风云	3.042	2.958
根据	4.043	1.957
梗塞	3.480	2.520
更加	4.125	1.875
工匠	1.917	4.083
孤独	3.800	2.200
光棍	2.208	3.792
广阔	3.542	2.458
捍卫	3.800	2.200
黑道	3.167	2.833
喉舌	2.040	3.960
弧形	2.360	3.640
活跃	3.750	2.250
货舱	1.400	4.600
加价	3.042	2.958
加剧	4.125	1.875
嫁妆	2.080	3.920
芥末	1.400	4.600
进军	3.591	2.409
居民	2.200	3.800
菊花	1.200	4.800
决心	3.680	2.320
乐观	3.760	2.240
零乱	3.208	2.792
令堂	1.960	4.040
流水	2.240	3.760
鲁莽	3.920	2.080
旅途	3.280	2.720
忙碌	3.480	2.520
梅毒	2.200	3.800
媒人	1.720	4.280
名士	2.875	3.125
模糊	3.880	2.120
嫩芽	2.000	4.000
年迈	2.760	3.240
佩服	3.720	2.280
霹雳	3.250	2.750
漂亮	2.880	3.120
侨民	2.280	3.720
巧手	3.360	2.640
亲密	3.208	2.792
情歌	2.200	3.800
让步	3.917	2.083
任用	3.304	2.696
伤感	3.640	2.360
赏脸	3.920	2.080
稍后	4.087	1.913
石化	3.136	2.864
使唤	3.348	2.652
式样	3.409	2.591
室友	1.840	4.160
书写	2.292	3.708
赎金	2.040	3.960
熟睡	2.417	3.583
提灯	2.250	3.750
田径	2.280	3.720
跳舞	1.840	4.160
通话	2.320	3.680
头昏	2.417	3.583
投手	2.800	3.200
碗筷	1.240	4.760
威信	3.640	2.360
无缝	3.318	2.682
无礼	3.360	2.640
无恙	3.520	2.480
无知	3.583	2.417
喜欢	3.320	2.680
系数	3.208	2.792
纤弱	3.400	2.600
闲聊	2.792	3.208
萧瑟	3.840	2.160
谢意	3.348	2.652
修改	3.125	2.875
血液	1.440	4.560
氧化	3.250	2.750
遗迹	2.400	3.600
阴天	1.800	4.200
应验	4.125	1.875
优先	3.208	2.792
游离	4.182	1.818
有意	3.760	2.240
与会	3.650	2.350
玉石	1.840	4.160
约会	2.880	3.120
越南	1.320	4.680
造型	2.800	3.200
账户	2.120	3.880
拯救	3.520	2.480
职业	2.320	3.680
重伤	2.417	3.583
周薪	2.250	3.750
蛛网	1.680	4.320
主将	2.160	3.840
转车	3.040	2.960
资讯	2.680	3.320
滋养	3.520	2.480
自豪	3.750	2.250
总部	2.120	3.880
钻戒	1.200	4.800
白吃	3.375	2.625
帮凶	2.480	3.520
保留	3.440	2.560
闭塞	3.625	2.375
冰箱	1.240	4.760
布告	2.542	3.458
参战	2.880	3.120
苍穹	3.320	2.680
场地	2.200	3.800
畜生	3.000	3.000
打开	2.682	3.318
大同	3.391	2.609
待续	3.750	2.250
电影	1.640	4.360
定居	2.720	3.280
发球	2.455	3.545
帆船	1.360	4.640
肥皂	1.240	4.760
复印	2.083	3.917
甘泉	2.167	3.833
割裂	3.333	2.667
革新	3.958	2.042
格局	3.920	2.080
格调	4.160	1.840
更新	3.520	2.480
工场	2.083	3.917
公堂	2.360	3.640
公主	1.640	4.360
古诗	1.840	4.160
国王	1.560	4.440
和局	3.957	2.043
后事	3.640	2.360
滑梯	1.640	4.360
欢笑	3.160	2.840
货车	1.240	4.760
激励	3.960	2.040
急切	4.000	2.000
疾走	2.720	3.280
家电	1.960	4.040
家业	3.250	2.750
简介	2.840	3.160
建材	2.000	4.000
焦距	3.130	2.870
街道	1.680	4.320
截断	3.042	2.958
旧时	4.087	1.913
沮丧	3.720	2.280
举报	3.040	2.960
据点	2.680	3.320
捐赠	2.720	3.280
刻薄	3.760	2.240
枯萎	3.000	3.000
喇嘛	1.750	4.250
蜡像	1.600	4.400
拦截	3.304	2.696
篱笆	1.458	4.542
利己	4.125	1.875
涟漪	3.667	2.333
量化	3.800	2.200
磷光	2.905	3.095
六月	1.800	4.200
轮船	1.360	4.640
盲目	3.958	2.042
美德	3.800	2.200
敏捷	3.520	2.480
名誉	3.583	2.417
抹黑	4.042	1.958
默契	4.125	1.875
母乳	1.680	4.320
难关	3.480	2.520
难民	2.000	4.000
牌坊	1.920	4.080
屁股	1.240	4.760
其次	4.000	2.000
钱包	1.240	4.760
欠缺	4.160	1.840
巧妇	2.880	3.120
巧妙	3.833	2.167
怯懦	3.920	2.080
钦差	2.280	3.720
清凉	3.240	2.760
秋波	4.000	2.000
深闺	3.480	2.520
石头	1.240	4.760
实践	3.583	2.417
水壶	1.280	4.720
死心	3.957	2.043
摊贩	2.240	3.760
谈判	3.333	2.667
探访	3.333	2.667
糖果	1.440	4.560
特工	1.960	4.040
提名	3.160	2.840
提醒	3.458	2.542
通告	2.560	3.440
推敲	4.040	1.960
袜子	1.200	4.800
蚊帐	1.240	4.760
问世	3.917	2.083
息怒	4.000	2.000
稀少	3.600	2.400
显眼	3.667	2.333
陷阱	2.640	3.360
向前	2.840	3.160
校订	3.250	2.750
协定	3.080	2.920
星空	1.920	4.080
嘘声	2.792	3.208
熏鱼	1.720	4.280
训练	2.880	3.120
已往	4.143	1.857
隐形	3.318	2.682
语法	3.250	2.750
炸伤	2.480	3.520
整天	2.957	3.043
之前	3.500	2.500
肢解	2.800	3.200
纸币	1.280	4.720
重地	2.960	3.040
重温	3.750	2.250
咒骂	3.280	2.720
主修	3.440	2.560
子弹	1.200	4.800
岸边	1.826	4.174
摆脱	3.174	2.826
半生	3.700	2.300
本年	2.095	3.905
变异	3.435	2.565
波长	2.913	3.087
补救	3.000	3.000
禅师	2.174	3.826
缠绵	3.348	2.652
蝉联	2.652	3.348
潮流	3.522	2.478
翅膀	1.500	4.500
仇视	3.304	2.696
出力	2.913	3.087
纯洁	3.609	2.391
戳穿	2.870	3.130
赐福	3.318	2.682
促进	3.304	2.696
达到	3.391	2.609
打包	2.000	4.000
打消	3.130	2.870
打造	2.739	3.261
当权	2.957	3.043
导读	2.591	3.409
得知	2.739	3.261
底线	3.478	2.522
地带	2.739	3.261
电光	2.682	3.318
电毯	1.696	4.304
定罪	3.043	2.957
冬泳	1.391	4.609
斗争	3.391	2.609
豆芽	1.391	4.609
鳄鱼	1.087	4.913
发报	2.762	3.238
方舟	2.952	3.048
放任	3.565	2.435
分红	2.348	3.652
服务	3.565	2.435
腐朽	3.565	2.435
副业	2.652	3.348
橄榄	1.565	4.435
高手	3.045	2.955
羔羊	1.682	4.318
工价	2.913	3.087
行李	1.636	4.364
黑云	2.714	3.286
红茶	1.435	4.565
洪流	2.783	3.217
后悔	3.522	2.478
灰尘	1.913	4.087
火坑	2.864	3.136
祭坛	2.227	3.773
坚持	3.870	2.130
见闻	3.304	2.696
结交	2.913	3.087
结识	3.000	3.000
结扎	1.957	4.043
进行	3.565	2.435
近来	3.364	2.636
竞选	2.565	3.435
拒绝	2.174	3.826
剧变	3.696	2.304
绝技	3.000	3.000
快感	3.591	2.409
快攻	3.368	2.632
累赘	3.391	2.609
棱角	2.609	3.391
礼仪	2.913	3.087
路人	2.261	3.739
貌似	3.826	2.174
萌芽	3.217	2.783
谜语	2.348	3.652
民房	1.696	4.304
民女	2.348	3.652
鸟笼	1.727	4.273
排挤	3.609	2.391
派系	3.522	2.478
频道	2.818	3.182
屏幕	1.913	4.087
扑面	3.409	2.591
期待	3.696	2.304
侵犯	3.217	2.783
顷刻	3.435	2.565
屈膝	2.500	3.500
认命	3.652	2.348
容许	3.391	2.609
弱点	2.870	3.130
善忘	3.304	2.696
涉嫌	3.565	2.435
生动	3.826	2.174
使女	2.737	3.263
首次	2.136	3.864
搜查	2.783	3.217
随时	3.435	2.565
吞咽	1.909	4.091
外伤	2.043	3.957
万恶	3.909	2.091
侮辱	3.435	2.565
虾酱	1.609	4.391
现在	2.348	3.652
消防	2.000	4.000
心寒	4.000	2.000
削弱	3.304	2.696
咽喉	1.522	4.478
眼球	1.348	4.652
养子	1.727	4.273
义肢	1.864	4.136
忆起	3.773	2.227
抑止	3.727	2.273
粘液	2.136	3.864
张力	3.696	2.304
昭雪	3.227	2.773
哲学	3.870	2.130
真理	3.870	2.130
旨意	3.565	2.435
质感	3.522	2.478
中肯	3.435	2.565
重新	3.182	2.818
重要	3.261	2.739
主力	3.000	3.000
砖墙	1.739	4.261
壮大	3.217	2.783
嘴唇	1.304	4.696
安分	3.261	2.739
暗淡	3.364	2.636
疤痕	1.913	4.087
班机	1.727	4.273
半路	3.364	2.636
暴躁	3.455	2.545
标准	3.318	2.682
表示	3.435	2.565
别针	1.455	4.545
捕食	2.304	3.696
残疾	2.087	3.913
超级	3.957	2.043
撤兵	2.522	3.478
创口	2.045	3.955
创世	4.158	1.842
锤子	1.348	4.652
粗鄙	3.636	2.364
粗略	3.522	2.478
翠绿	2.217	3.783
担心	3.522	2.478
蛋卷	1.435	4.565
当时	3.261	2.739
德行	3.696	2.304
登记	2.182	3.818
电视	1.217	4.783
短期	3.304	2.696
峨眉	2.300	3.700
乏力	3.391	2.609
阀门	1.609	4.391
反常	3.565	2.435
肺腑	3.091	2.909
费心	3.609	2.391
丰盈	3.429	2.571
俯卧	2.522	3.478
复诊	1.957	4.043
割舍	3.333	2.667
工蜂	1.619	4.381
顾客	1.609	4.391
瓜分	3.087	2.913
光洁	3.409	2.591
国债	1.696	4.304
寒风	2.478	3.522
行劫	3.500	2.500
合约	2.130	3.870
猴子	1.174	4.826
胡同	1.565	4.435
护送	2.739	3.261
化解	3.478	2.522
化妆	2.043	3.957
霍乱	2.591	3.409
鸡汤	2.048	3.952
基石	2.909	3.091
监视	2.652	3.348
建树	3.550	2.450
界限	3.364	2.636
酒壶	1.435	4.565
开办	3.087	2.913
课程	2.000	4.000
枯干	2.773	3.227
哭闹	2.174	3.826
亏欠	3.348	2.652
例会	1.957	4.043
亮点	3.261	2.739
轮胎	1.304	4.696
卖国	3.000	3.000
密谋	3.261	2.739
名将	2.273	3.727
懦夫	2.864	3.136
排除	3.435	2.565
披肩	1.909	4.091
疲乏	3.391	2.609
偏食	2.905	3.095
漂白	2.913	3.087
拼命	3.381	2.619
朴实	3.348	2.652
曝光	3.174	2.826
奇特	3.913	2.087
气味	2.870	3.130
牵扯	3.478	2.522
去世	1.913	4.087
全员	2.043	3.957
忍心	3.652	2.348
任职	2.571	3.429
荣誉	3.273	2.727
锐意	3.952	2.048
散文	2.565	3.435
扫黄	2.304	3.696
擅长	3.478	2.522
射箭	1.522	4.478
身份	2.696	3.304
盛大	3.696	2.304
仕女	1.952	4.048
手术	1.783	4.217
硕果	3.043	2.957
素色	3.000	3.000
胎记	1.565	4.435
套餐	2.619	3.381
团队	2.043	3.957
脱身	3.261	2.739
陀螺	1.727	4.273
危难	3.478	2.522
畏惧	3.652	2.348
温室	2.478	3.522
卧病	2.304	3.696
小巷	1.696	4.304
小学	1.478	4.522
幸免	3.522	2.478
性能	3.545	2.455
淫荡	3.652	2.348
影评	2.652	3.348
油漆	1.435	4.565
鱿鱼	1.522	4.478
愚昧	3.652	2.348
育儿	2.870	3.130
月初	2.478	3.522
赞美	3.522	2.478
账单	1.783	4.217
争吵	2.826	3.174
支行	2.200	3.800
致谢	2.870	3.130
竹林	1.478	4.522
主使	3.273	2.727
作乱	3.348	2.652
盎司	2.630	3.370
白干	3.346	2.654
白兔	1.407	4.593
白云	1.385	4.615
柏油	2.037	3.963
班长	2.000	4.000
本乡	2.926	3.074
蓖麻	1.889	4.111
便宜	3.296	2.704
标点	2.370	3.630
别扭	3.519	2.481
裁员	2.593	3.407
曾经	3.000	3.000
查访	2.889	3.111
朝圣	3.148	2.852
车程	2.667	3.333
陈皮	1.704	4.296
成立	3.185	2.815
承诺	3.481	2.519
处境	3.667	2.333
粗野	3.154	2.846
大夫	2.308	3.692
大脑	1.593	4.407
耽误	3.296	2.704
当兵	2.222	3.778
党派	2.630	3.370
等待	3.296	2.704
蝶泳	2.074	3.926
跺脚	1.963	4.037
法力	4.200	1.800
烦忧	3.593	2.407
肤浅	3.680	2.320
伏击	2.963	3.037
幅度	3.407	2.593
鸽子	1.370	4.630
公告	2.259	3.741
攻击	3.185	2.815
观战	3.000	3.000
罐头	1.667	4.333
果园	1.556	4.444
蛤蟆	1.333	4.667
汉堡	1.481	4.519
黑钱	3.400	2.600
厚礼	3.231	2.769
花盆	1.481	4.519
会聚	3.480	2.520
混账	3.519	2.481
计时	2.815	3.185
架空	3.692	2.308
饯别	3.038	2.962
结巴	2.111	3.889
浸染	3.259	2.741
橘子	1.444	4.556
开张	3.111	2.889
可怕	3.692	2.308
口臭	2.000	4.000
口吻	3.423	2.577
拉扯	2.741	3.259
勒索	2.885	3.115
冷箭	3.407	2.593
凌乱	3.593	2.407
陵墓	1.741	4.259
领养	2.593	3.407
龙虾	1.222	4.778
脉象	3.615	2.385
木鱼	1.926	4.074
那些	4.304	1.696
爬虫	2.296	3.704
盘旋	3.037	2.963
配方	3.000	3.000
皮肤	1.462	4.538
飘渺	4.231	1.769
骑兵	1.889	4.111
虔诚	4.074	1.926
请求	3.259	2.741
去除	2.880	3.120
全力	3.370	2.630
缺点	3.259	2.741
上班	2.423	3.577
圣像	2.815	3.185
圣旨	2.308	3.692
湿疹	1.963	4.037
使馆	2.000	4.000
市长	1.519	4.481
适当	3.808	2.192
死守	3.407	2.593
苏醒	2.926	3.074
素颜	2.346	3.654
随军	2.920	3.080
统率	3.600	2.400
偷生	3.875	2.125
头饰	2.185	3.815
完美	3.600	2.400
晚上	1.963	4.037
无理	3.481	2.519
妩媚	3.556	2.444
武术	2.111	3.889
吸力	3.320	2.680
习作	3.130	2.870
遐想	4.308	1.692
弦乐	2.769	3.231
萧条	3.963	2.037
小声	2.923	3.077
协会	2.407	3.593
辛劳	3.240	2.760
形势	3.741	2.259
序言	2.148	3.852
学界	3.222	2.778
压缩	2.962	3.038
掩护	3.185	2.815
央求	3.077	2.923
扬言	3.185	2.815
洋酒	1.852	4.148
药房	1.667	4.333
迎接	2.769	3.231
友人	2.037	3.963
愚弄	3.704	2.296
运营	3.440	2.560
赞叹	2.808	3.192
长假	2.481	3.519
中风	2.407	3.593
重赏	3.037	2.963
猪肉	1.222	4.778
准时	2.815	3.185
拜托	3.444	2.556
包车	2.185	3.815
孢子	2.222	3.778
备战	3.185	2.815
财产	2.615	3.385
测量	2.962	3.038
仇人	2.741	3.259
传染	3.074	2.926
丛书	2.538	3.462
弹弓	1.481	4.519
当地	2.593	3.407
等价	3.320	2.680
电台	1.778	4.222
店铺	1.852	4.148
貂皮	1.407	4.593
碉堡	1.741	4.259
动工	3.200	2.800
发生	3.962	2.038
发声	2.926	3.074
仿佛	4.560	1.440
费神	4.037	1.963
府上	2.333	3.667
负责	3.852	2.148
复苏	3.259	2.741
肝火	3.667	2.333
高傲	3.926	2.074
高考	1.846	4.154
根源	3.720	2.280
官方	2.630	3.370
轨迹	2.963	3.037
韩文	1.704	4.296
和平	3.333	2.667
欢呼	2.889	3.111
寰宇	3.217	2.783
换取	3.240	2.760
积极	3.846	2.154
技艺	3.111	2.889
坚硬	3.077	2.923
俭朴	3.519	2.481
将士	2.222	3.778
讲座	2.222	3.778
降落	2.615	3.385
借助	3.615	2.385
金发	2.037	3.963
进士	2.000	4.000
科幻	4.000	2.000
裤子	1.370	4.630
拉锯	2.960	3.040
拦阻	3.481	2.519
良心	4.111	1.889
鳞片	2.074	3.926
乱动	3.083	2.917
美食	2.519	3.481
模范	3.038	2.962
能够	3.680	2.320
怕事	3.741	2.259
培养	3.600	2.400
贫血	2.444	3.556
泼妇	2.630	3.370
普遍	3.560	2.440
起锚	2.577	3.423
签收	2.074	3.926
浅显	4.000	2.000
倾诉	3.111	2.889
清洁	2.667	3.333
秋收	2.296	3.704
求婚	2.000	4.000
饶恕	3.741	2.259
杀害	2.500	3.500
沙哑	2.556	3.444
上报	2.704	3.296
涉案	2.852	3.148
升学	2.333	3.667
圣餐	3.364	2.636
胜券	3.500	2.500
失败	3.444	2.556
师徒	2.000	4.000
石碑	1.407	4.593
示威	3.259	2.741
售卖	2.741	3.259
水泵	1.407	4.593
塑造	4.037	1.963
随意	4.077	1.923
瘫痪	2.615	3.385
炭笔	1.926	4.074
探病	2.704	3.296
桃树	1.333	4.667
题目	2.346	3.654
体统	4.000	2.000
天明	2.846	3.154
跳远	1.704	4.296
退学	2.074	3.926
褪色	2.741	3.259
歪曲	3.654	2.346
外币	2.111	3.889
网友	2.423	3.577
武断	3.778	2.222
武林	3.407	2.593
物业	2.259	3.741
小城	2.704	3.296
校服	1.538	4.462
姓名	1.731	4.269
胸怀	4.000	2.000
血管	1.852	4.148
讯息	3.037	2.963
验血	2.154	3.846
英文	1.593	4.407
幼苗	2.074	3.926
余地	3.769	2.231
援助	3.185	2.815
札记	2.600	3.400
正确	3.440	2.560
重建	3.000	3.000
轴心	2.600	3.400
昼间	2.560	3.440
主菜	2.417	3.583
专线	2.926	3.074
壮丁	2.222	3.778
拙劣	3.962	2.038
桌子	1.296	4.704
资料	2.519	3.481
自嘲	3.630	2.370
尊敬	3.667	2.333
爱心	2.913	3.087
安睡	2.826	3.174
报道	2.217	3.783
鄙视	3.174	2.826
币值	2.565	3.435
才干	3.348	2.652
仓库	1.435	4.565
草案	2.500	3.500
查核	3.043	2.957
刹那	3.318	2.682
搀杂	3.455	2.545
成熟	2.957	3.043
程式	3.150	2.850
出兵	2.174	3.826
出处	2.739	3.261
处分	2.087	3.913
春天	1.783	4.217
打劫	2.045	3.955
带兵	2.435	3.565
丹田	3.435	2.565
倒戈	3.174	2.826
道德	3.565	2.435
独有	2.783	3.217
对比	2.955	3.045
赋税	2.696	3.304
赋予	3.455	2.545
甘草	1.818	4.182
肛门	1.435	4.565
高度	2.217	3.783
公愤	3.478	2.522
共同	2.682	3.318
姑爷	1.435	4.565
海绵	1.696	4.304
行家	3.043	2.957
花钱	2.091	3.909
环节	2.957	3.043
集结	2.826	3.174
家属	1.739	4.261
简陋	2.870	3.130
交叉	3.304	2.696
杰出	3.087	2.913
结论	2.609	3.391
解雇	2.087	3.913
近况	2.913	3.087
景仰	3.727	2.273
竞逐	3.609	2.391
聚变	3.750	2.250
苦恼	3.000	3.000
苦役	2.818	3.182
磊落	3.455	2.545
里面	2.826	3.174
连环	3.174	2.826
怜恤	3.455	2.545
联系	2.870	3.130
两旁	2.682	3.318
裂痕	2.522	3.478
留神	3.318	2.682
轮班	2.409	3.591
民兵	1.739	4.261
摸索	3.304	2.696
抹杀	3.435	2.565
牧师	1.909	4.091
耐力	3.217	2.783
泥沙	2.043	3.957
怒骂	2.522	3.478
疟疾	2.348	3.652
葡萄	1.565	4.435
凄美	4.048	1.952
奇异	3.571	2.429
枪战	1.773	4.227
蔷薇	2.000	4.000
情形	3.783	2.217
裙子	1.682	4.318
肉身	2.045	3.955
善于	3.565	2.435
伸长	2.818	3.182
升空	2.500	3.500
胜任	3.000	3.000
时间	3.182	2.818
双方	1.955	4.045
死人	1.435	4.565
死亡	2.227	3.773
太子	1.739	4.261
堂兄	1.783	4.217
藤蔓	1.955	4.045
天梯	2.957	3.043
跳伞	1.522	4.478
退避	2.826	3.174
文学	3.095	2.905
稳固	2.826	3.174
巫术	3.429	2.571
诬告	2.957	3.043
午后	1.957	4.043
物流	2.130	3.870
西药	2.304	3.696
洗衣	1.826	4.174
下颚	1.391	4.609
箱子	1.609	4.391
校园	1.826	4.174
形成	3.909	2.091
宿主	3.364	2.636
喧哗	2.783	3.217
旋风	2.727	3.273
选拔	2.652	3.348
烟花	2.000	4.000
言谈	2.773	3.227
吆喝	2.957	3.043
业绩	2.565	3.435
蚁穴	2.043	3.957
殷勤	3.609	2.391
英雄	2.304	3.696
羽绒	1.818	4.182
狱卒	2.143	3.857
原价	2.478	3.522
窄小	2.609	3.391
沼气	2.348	3.652
阵痛	3.087	2.913
直线	1.913	4.087
止痛	2.304	3.696
治疗	2.522	3.478
周末	1.773	4.227
自传	2.000	4.000
恣意	3.818	2.182
宗教	2.800	3.200
按钮	1.609	4.391
芭蕾	2.043	3.957
白费	3.304	2.696
傍晚	2.522	3.478
笔直	2.174	3.826
必须	3.043	2.957
闭幕	2.261	3.739
标语	2.043	3.957
别名	2.478	3.522
敞开	3.130	2.870
超模	2.364	3.636
持有	2.913	3.087
赤裸	2.696	3.304
宠儿	3.043	2.957
出让	3.048	2.952
穿过	3.043	2.957
春节	1.739	4.261
蛋黄	1.652	4.348
癫狂	3.773	2.227
点心	2.174	3.826
赌场	2.000	4.000
缎带	2.522	3.478
丰满	3.409	2.591
风暴	2.909	3.091
该死	3.450	2.550
钙化	2.870	3.130
歌声	2.217	3.783
灌木	1.783	4.217
寒微	4.136	1.864
豪爽	3.522	2.478
号码	1.913	4.087
合照	2.087	3.913
火海	3.261	2.739
季度	2.435	3.565
家族	2.087	3.913
坚定	3.348	2.652
鉴赏	3.261	2.739
角度	3.522	2.478
介怀	3.750	2.250
进口	2.783	3.217
经书	2.333	3.667
鲸鱼	1.545	4.455
静候	3.130	2.870
救命	2.565	3.435
凯旋	2.826	3.174
可耻	3.455	2.545
狂欢	3.130	2.870
离题	3.524	2.476
理想	4.435	1.565
连队	2.478	3.522
淋巴	2.143	3.857
零度	2.273	3.727
落难	3.318	2.682
买入	2.304	3.696
慢性	3.609	2.391
毛虫	1.957	4.043
煤矿	1.304	4.696
美丽	3.609	2.391
末梢	3.304	2.696
年薪	1.909	4.091
酿制	2.652	3.348
暖炉	1.957	4.043
欧盟	1.826	4.174
欧洲	1.739	4.261
磐石	2.818	3.182
盼望	3.783	2.217
批判	3.435	2.565
偏僻	2.818	3.182
拼音	2.130	3.870
千禧	3.136	2.864
铅笔	1.609	4.391
强迫	3.478	2.522
倾吐	3.500	2.500
球员	1.739	4.261
取缔	3.087	2.913
肉丸	2.045	3.955
桑树	1.783	4.217
骚动	3.565	2.435
深夜	2.522	3.478
审判	2.696	3.304
生锈	2.217	3.783
盛况	3.130	2.870
世仇	3.273	2.727
视窗	2.957	3.043
数字	1.696	4.304
双数	2.227	3.773
素质	3.826	2.174
虽然	4.143	1.857
同化	3.783	2.217
头发	1.609	4.391
投奔	3.478	2.522
透支	3.136	2.864
秃鹰	1.739	4.261
图谋	3.609	2.391
晚饭	1.826	4.174
惟独	3.364	2.636
维持	3.304	2.696
我军	2.130	3.870
乌龟	1.522	4.478
无罪	2.909	3.091
消毒	2.522	3.478
小巧	3.348	2.652
校规	2.174	3.826
心思	4.043	1.957
心态	3.696	2.304
宣称	2.955	3.045
摇晃	3.045	2.955
疑心	3.652	2.348
淫威	3.739	2.261
拥挤	2.696	3.304
油灯	1.652	4.348
有劳	3.696	2.304
韵母	2.522	3.478
造福	3.478	2.522
造价	2.696	3.304
长辈	1.870	4.130
中毒	2.087	3.913
中断	2.913	3.087
中暑	2.087	3.913
肘弯	2.478	3.522
注重	3.391	2.609
祖宗	1.957	4.043
嘴巴	1.435	4.565
挨着	2.385	3.615
庇佑	3.615	2.385
陛下	2.077	3.923
冰镇	2.000	4.000
博弈	3.000	3.000
不朽	4.000	2.000
猜忌	3.160	2.840
彩绘	1.808	4.192
残忍	3.000	3.000
仓鼠	1.346	4.654
产品	2.720	3.280
抄写	2.192	3.808
朝夕	2.960	3.040
车辆	1.269	4.731
充气	2.360	3.640
储君	2.417	3.583
次货	2.720	3.280
聪明	3.038	2.962
地铁	1.077	4.923
凋零	3.231	2.769
夺目	3.462	2.538
发烧	1.846	4.154
繁衍	2.654	3.346
犯罪	2.385	3.615
方块	1.962	4.038
方丈	2.000	4.000
飞碟	2.115	3.885
分批	3.400	2.600
奉陪	3.577	2.423
刚才	2.962	3.038
功劳	2.520	3.480
功用	3.192	2.808
孤寂	3.500	2.500
辜负	3.480	2.520
跪下	1.769	4.231
海鲜	1.692	4.308
涵盖	3.625	2.375
汉子	2.040	3.960
胡言	3.391	2.609
户籍	1.692	4.308
哗然	3.760	2.240
机师	2.269	3.731
基本	3.480	2.520
记号	2.538	3.462
兼具	3.240	2.760
剪接	3.077	2.923
舰长	1.440	4.560
接力	2.960	3.040
剧团	1.923	4.077
据说	4.000	2.000
可乐	1.346	4.654
克制	3.192	2.808
领土	1.808	4.192
龙眼	1.609	4.391
龙舟	1.385	4.615
埋伏	3.269	2.731
美术	2.600	3.400
糜烂	3.423	2.577
魔鬼	3.423	2.577
墨汁	1.462	4.538
排斥	3.577	2.423
盘点	2.826	3.174
偏激	3.480	2.520
枪毙	1.654	4.346
巧遇	2.846	3.154
榕树	1.462	4.538
孺子	3.042	2.958
嗓子	1.962	4.038
色狼	1.962	4.038
涉及	3.600	2.400
深奥	4.038	1.962
圣经	2.000	4.000
狮子	1.192	4.808
实物	2.808	3.192
手动	2.600	3.400
守门	2.077	3.923
输血	1.846	4.154
水晶	1.692	4.308
松绑	2.500	3.500
损失	3.115	2.885
特点	3.769	2.231
挑战	3.192	2.808
跳级	2.920	3.080
挺胸	1.692	4.308
通常	3.167	2.833
头版	2.458	3.542
头条	2.115	3.885
危言	3.360	2.640
微小	3.269	2.731
纬度	2.538	3.462
舞蹈	1.923	4.077
细菌	2.038	3.962
匣子	1.600	4.400
下等	3.480	2.520
先生	1.923	4.077
乡愁	3.962	2.038
香味	2.692	3.308
效劳	3.500	2.500
邪恶	3.654	2.346
卸货	1.885	4.115
蟹黄	1.462	4.538
熊猫	1.115	4.885
旋转	2.577	3.423
牙科	1.654	4.346
言论	3.269	2.731
岩石	1.346	4.654
要命	3.542	2.458
吟诗	2.654	3.346
黝黑	2.154	3.846
予以	4.083	1.917
玉女	3.038	2.962
原则	3.385	2.615
月刊	1.846	4.154
越战	2.636	3.364
争夺	3.077	2.923
之后	3.731	2.269
知会	3.458	2.542
主犯	1.885	4.115
助理	1.692	4.308
著书	2.440	3.560
子嗣	2.000	4.000
纵向	3.038	2.962
租户	1.692	4.308
阻挠	3.192	2.808
拜见	2.885	3.115
避免	3.083	2.917
变脸	2.720	3.280
财主	2.115	3.885
草鞋	1.385	4.615
查询	2.885	3.115
唱歌	1.731	4.269
打算	3.462	2.538
大树	1.692	4.308
担保	3.423	2.577
刀伤	1.769	4.231
底薪	2.231	3.769
法律	3.192	2.808
翻身	2.542	3.458
奉命	3.400	2.600
告假	2.520	3.480
隔间	3.038	2.962
隔音	2.846	3.154
公义	3.542	2.458
构图	3.040	2.960
孤立	3.192	2.808
古寺	1.600	4.400
拐杖	1.400	4.600
广大	3.654	2.346
含意	4.038	1.962
毫无	3.478	2.522
好人	2.760	3.240
烘托	3.615	2.385
胡扯	3.400	2.600
虎口	2.522	3.478
茴香	1.577	4.423
极限	3.480	2.520
加码	3.280	2.720
架构	3.385	2.615
建议	3.269	2.731
僵持	3.615	2.385
交织	3.680	2.320
觉悟	3.538	2.462
结盟	3.231	2.769
解毒	2.731	3.269
借出	2.840	3.160
酒鬼	1.885	4.115
就寝	2.269	3.731
卷曲	2.923	3.077
军火	1.846	4.154
开动	2.962	3.038
可惜	3.400	2.600
溃疡	2.480	3.520
蜡笔	1.269	4.731
来客	2.308	3.692
立志	3.654	2.346
例如	3.560	2.440
莲藕	1.423	4.577
凉快	2.692	3.308
两极	3.200	2.800
列席	2.923	3.077
领巾	1.769	4.231
陆地	1.654	4.346
录音	1.962	4.038
矛头	3.077	2.923
模仿	3.423	2.577
木匠	1.577	4.423
能干	3.462	2.538
酿酒	2.269	3.731
盘踞	3.346	2.654
碰面	2.423	3.577
譬如	3.720	2.280
签名	1.692	4.308
切忌	3.385	2.615
琴谱	1.808	4.192
清早	1.923	4.077
穷苦	2.808	3.192
求情	3.120	2.880
驱使	3.615	2.385
去路	3.346	2.654
热狗	1.808	4.192
人情	3.462	2.538
身手	2.885	3.115
升压	3.385	2.615
尸体	1.577	4.423
守护	3.500	2.500
首都	1.692	4.308
四季	2.115	3.885
汤碗	1.462	4.538
体会	3.560	2.440
填补	3.200	2.800
停电	1.577	4.423
透明	2.769	3.231
屠杀	2.077	3.923
歪理	3.423	2.577
万岁	3.870	2.130
网球	1.154	4.846
违规	2.923	3.077
窝心	3.880	2.120
稀释	2.885	3.115
膝盖	1.385	4.615
嬉笑	2.538	3.462
席卷	3.760	2.240
心窝	3.154	2.846
刑法	2.462	3.538
幸亏	3.769	2.231
牙痛	1.692	4.308
炎热	2.269	3.731
沿途	2.692	3.308
依靠	3.654	2.346
议席	2.962	3.038
英镑	1.692	4.308
营救	2.692	3.308
有效	3.269	2.731
预感	3.654	2.346
月底	2.000	4.000
增强	2.880	3.120
占星	3.792	2.208
长久	3.160	2.840
致歉	2.500	3.500
重罚	2.692	3.308
住户	1.769	4.231
专横	3.423	2.577
庄稼	1.577	4.423
资格	3.192	2.808
自从	3.792	2.208
总管	2.308	3.692
最后	2.962	3.038
靶场	1.739	4.261
褒奖	2.864	3.136
保密	2.652	3.348
被捕	1.957	4.043
逼供	2.333	3.667
逼迫	3.348	2.652
比试	2.652	3.348
镖客	2.087	3.913
财经	3.304	2.696
尝试	3.217	2.783
出产	3.130	2.870
出轨	2.619	3.381
出家	2.304	3.696
处世	4.087	1.913
脆弱	3.000	3.000
搭建	2.522	3.478
大麻	1.591	4.409
代表	3.087	2.913
殆尽	3.818	2.182
但愿	4.000	2.000
弹匣	1.478	4.522
底价	2.565	3.435
地步	3.900	2.100
电压	2.304	3.696
殿宇	2.217	3.783
顶尖	2.739	3.261
冬至	1.739	4.261
斗气	3.143	2.857
短促	3.652	2.348
短见	3.435	2.565
堕落	3.696	2.304
番茄	1.087	4.913
范例	2.650	3.350
风骚	3.773	2.227
风水	3.609	2.391
讽刺	3.409	2.591
服药	1.696	4.304
各方	3.200	2.800
工会	1.864	4.136
公德	3.273	2.727
公开	2.409	3.591
古董	1.739	4.261
股东	2.045	3.955
观光	2.565	3.435
规章	2.174	3.826
和善	2.913	3.087
虎穴	2.762	3.238
户主	1.565	4.435
挥手	1.522	4.478
回暖	3.000	3.000
击败	2.455	3.545
脊椎	1.174	4.826
记载	2.043	3.957
监狱	1.348	4.652
见谅	3.391	2.609
剑道	2.739	3.261
胶囊	1.500	4.500
觉醒	3.810	2.190
竭力	3.545	2.455
解散	2.304	3.696
警觉	3.636	2.364
就要	3.944	2.056
捐躯	2.455	3.545
倔强	3.174	2.826
扩建	2.435	3.565
牢记	3.182	2.818
乐趣	3.652	2.348
冷气	2.174	3.826
理念	4.261	1.739
吝啬	3.348	2.652
迷你	3.476	2.524
觅食	2.455	3.545
蔑视	3.500	2.500
民怨	3.318	2.682
明理	3.478	2.522
墓碑	1.348	4.652
柠檬	1.130	4.870
配音	2.130	3.870
盆地	2.182	3.818
皮带	1.304	4.696
皮鞋	1.130	4.870
漂泊	3.273	2.727
妻子	1.435	4.565
气节	3.619	2.381
趣事	3.174	2.826
忍让	3.455	2.545
容量	2.762	3.238
赏月	2.087	3.913
慎重	3.455	2.545
世界	3.429	2.571
事主	2.474	3.526
水力	2.714	3.286
司机	1.522	4.478
素食	2.304	3.696
缩小	2.913	3.087
逃避	3.435	2.565
透露	3.130	2.870
托运	2.043	3.957
违约	2.391	3.609
武士	2.000	4.000
夏令	2.909	3.091
先进	3.318	2.682
消遣	3.391	2.609
心志	3.955	2.045
形容	4.043	1.957
眩晕	2.696	3.304
阳台	1.261	4.739
依恋	3.696	2.304
移居	2.652	3.348
抑扬	3.773	2.227
易地	3.000	3.000
音波	3.000	3.000
引发	3.783	2.217
永恒	4.333	1.667
怨恨	3.565	2.435
杂志	1.435	4.565
站岗	1.727	4.273
鹧鸪	1.348	4.652
知道	2.909	3.091
致辞	2.391	3.609
众人	2.609	3.391
煮饭	1.783	4.217
住持	2.273	3.727
作用	3.636	2.364
绊倒	2.043	3.957
鼻孔	1.130	4.870
编辑	2.957	3.043
贬低	3.522	2.478
冰凉	2.217	3.783
捕捉	2.364	3.636
惭愧	3.565	2.435
潮水	1.565	4.435
车速	1.870	4.130
成员	2.652	3.348
诚意	3.500	2.500
驰名	3.842	2.158
丑陋	3.043	2.957
储存	2.348	3.652
猝死	2.087	3.913
大计	3.579	2.421
大戏	3.143	2.857
带动	3.478	2.522
档案	1.696	4.304
殿下	2.455	3.545
东部	2.455	3.545
毒气	1.696	4.304
夺取	2.913	3.087
发根	2.105	3.895
方寸	3.609	2.391
放弃	3.087	2.913
封印	3.318	2.682
扶手	1.348	4.652
讣闻	2.278	3.722
覆盖	3.174	2.826
改动	2.739	3.261
赶到	2.773	3.227
高调	3.727	2.273
根基	3.261	2.739
工商	2.696	3.304
故人	2.435	3.565
挂彩	2.913	3.087
过去	3.522	2.478
函数	2.905	3.095
悍匪	2.174	3.826
行踪	3.043	2.957
好客	3.478	2.522
浩瀚	4.000	2.000
滑稽	3.391	2.609
环顾	3.048	2.952
激情	3.435	2.565
羁绊	3.955	2.045
集资	2.609	3.391
驾车	1.783	4.217
讲话	1.826	4.174
奖券	1.783	4.217
降温	2.174	3.826
轿车	1.348	4.652
解剖	2.348	3.652
戒律	3.136	2.864
金融	3.391	2.609
经济	3.435	2.565
旧闻	2.696	3.304
决赛	1.957	4.043
苦笑	2.391	3.609
篮球	1.217	4.783
类比	3.727	2.273
俚语	3.000	3.000
沥青	1.435	4.565
掠夺	2.870	3.130
茅厕	1.565	4.435
盟国	2.174	3.826
渺茫	4.261	1.739
明星	2.043	3.957
鸣叫	2.261	3.739
品评	3.455	2.545
婆媳	1.783	4.217
普通	3.364	2.636
棋盘	1.435	4.565
麒麟	2.045	3.955
牵制	3.522	2.478
敲诈	2.957	3.043
驱逐	2.682	3.318
热闹	3.000	3.000
撒种	2.182	3.818
散步	1.826	4.174
上进	3.409	2.591
深海	2.435	3.565
胜败	2.696	3.304
失陪	3.000	3.000
石榴	1.273	4.727
视点	3.318	2.682
熟食	1.783	4.217
酸雨	2.091	3.909
堂皇	3.857	2.143
讨论	2.957	3.043
调子	3.273	2.727
听觉	2.522	3.478
突出	3.304	2.696
团体	2.565	3.435
外地	2.348	3.652
外围	3.091	2.909
呜呼	4.211	1.789
无悔	3.714	2.286
物资	2.348	3.652
香水	1.609	4.391
小心	3.273	2.727
信件	1.565	4.435
信息	3.217	2.783
杏林	2.391	3.609
虚拟	3.870	2.130
悬挂	2.522	3.478
伊朗	1.478	4.522
英俊	3.435	2.565
悠久	3.304	2.696
邮轮	1.609	4.391
犹如	4.182	1.818
元年	3.136	2.864
跃动	3.409	2.591
云层	2.435	3.565
责备	3.087	2.913
珍贵	3.348	2.652
支配	3.304	2.696
只求	3.611	2.389
中年	2.714	3.286
捉拿	2.682	3.318
宗师	3.000	3.000
做东	3.261	2.739
败军	2.529	3.471
薄饼	1.471	4.529
豹子	1.333	4.667
爆竹	1.486	4.514
杯子	1.314	4.686
北岸	2.647	3.353
本周	2.143	3.857
禀告	2.943	3.057
病态	3.229	2.771
布丁	1.829	4.171
常识	3.400	2.600
嫦娥	2.314	3.686
沉醉	3.727	2.273
成败	3.486	2.514
成语	2.800	3.200
筹备	3.000	3.000
处女	1.886	4.114
慈善	2.647	3.353
存货	2.400	3.600
导弹	1.457	4.543
冬装	1.800	4.200
逗留	3.000	3.000
独裁	3.000	3.000
俄国	1.559	4.441
恶果	3.571	2.429
发病	2.735	3.265
反差	3.545	2.455
分裂	3.257	2.743
付账	1.714	4.286
赴约	2.029	3.971
告白	2.743	3.257
工具	2.500	3.500
工人	1.829	4.171
工艺	3.429	2.571
供应	3.242	2.758
焊接	1.912	4.088
好色	2.771	3.229
糊口	3.559	2.441
互通	3.121	2.879
华人	1.829	4.171
汇合	3.088	2.912
继母	1.600	4.400
家务	2.314	3.686
监考	1.882	4.118
搅扰	3.441	2.559
接济	2.886	3.114
竭尽	3.485	2.515
界线	2.686	3.314
京剧	1.714	4.286
就算	4.250	1.750
看法	3.500	2.500
咳嗽	1.829	4.171
口角	2.471	3.529
框架	3.000	3.000
离婚	1.600	4.400
礼服	1.629	4.371
荔枝	1.314	4.686
刘海	1.829	4.171
流感	2.000	4.000
漏网	2.970	3.030
迈进	3.606	2.394
毛笔	1.314	4.686
名片	1.714	4.286
慕名	3.371	2.629
能力	3.647	2.353
拍戏	2.086	3.914
排练	2.457	3.543
拚命	3.143	2.857
平庸	3.657	2.343
启发	3.735	2.265
强大	3.412	2.588
抢修	2.286	3.714
清楚	3.343	2.657
认证	3.000	3.000
日程	2.686	3.314
设定	3.657	2.343
申请	2.812	3.188
失眠	2.257	3.743
施肥	2.086	3.914
时兴	3.824	2.176
释然	4.176	1.824
收费	2.171	3.829
守夜	2.000	4.000
死神	3.143	2.857
蓑衣	1.824	4.176
锁头	1.844	4.156
坦承	3.429	2.571
讨厌	3.371	2.629
土法	3.731	2.269
外衣	1.657	4.343
忘我	4.000	2.000
胃口	3.147	2.853
卧床	2.229	3.771
希望	4.171	1.829
习惯	3.441	2.559
喜庆	2.794	3.206
下届	2.848	3.152
显现	3.629	2.371
线性	3.969	2.031
象形	3.647	2.353
潇洒	3.559	2.441
校长	1.400	4.600
心灵	3.943	2.057
羞愧	3.400	2.600
寻找	3.091	2.909
训话	2.800	3.200
鸭蛋	1.182	4.818
腌制	2.235	3.765
羊奶	1.343	4.657
洋人	2.147	3.853
养病	2.543	3.457
摇曳	3.576	2.424
引诱	3.382	2.618
油轮	1.429	4.571
幼儿	1.743	4.257
孕妇	1.429	4.571
运河	1.857	4.143
长矛	1.629	4.371
蜘蛛	1.353	4.647
挚友	2.543	3.457
中心	2.970	3.030
主婚	2.636	3.364
嘱咐	3.086	2.914
作风	3.714	2.286
跋涉	3.303	2.697
半死	3.647	2.353
保持	3.429	2.571
奔驰	2.030	3.970
婢女	2.257	3.743
鞭打	2.088	3.912
博爱	3.529	2.471
布景	2.879	3.121
超市	1.514	4.486
陈述	3.029	2.971
趁机	3.514	2.486
出租	2.273	3.727
除恶	2.941	3.059
传授	3.143	2.857
醇厚	3.771	2.229
粗俗	3.257	2.743
存折	1.886	4.114
盗窃	2.400	3.600
悼念	3.059	2.941
抵制	3.229	2.771
奠定	3.886	2.114
洞穴	1.829	4.171
独处	2.714	3.286
发现	2.886	3.114
法网	3.457	2.543
愤怒	2.886	3.114
概况	3.429	2.571
果仁	1.743	4.257
过节	2.324	3.676
海底	2.200	3.800
寒冷	2.629	3.371
嚎哭	2.600	3.400
好奇	3.485	2.515
浩大	3.914	2.086
哄动	3.581	2.419
忽略	3.514	2.486
嘉奖	2.914	3.086
剪刀	1.457	4.543
矫健	3.314	2.686
锦囊	2.676	3.324
景物	2.543	3.457
迥异	3.848	2.152
鞠躬	2.257	3.743
开发	3.714	2.286
客观	4.000	2.000
老虎	1.286	4.714
老实	3.600	2.400
理论	3.676	2.324
连接	3.114	2.886
凉亭	1.676	4.324
猎人	1.486	4.514
留级	2.429	3.571
楼房	1.514	4.486
麻疹	1.727	4.273
马夫	1.735	4.265
卖艺	2.735	3.265
毛巾	1.314	4.686
懵懂	4.000	2.000
名义	3.912	2.088
拟定	3.829	2.171
牛郎	2.273	3.727
牛乳	1.486	4.514
拍手	1.600	4.400
袍子	1.914	4.086
赔罪	3.171	2.829
盆栽	1.743	4.257
批发	2.743	3.257
批准	3.114	2.886
票价	2.286	3.714
平反	3.412	2.588
期刊	2.229	3.771
旗帜	1.706	4.294
起伏	3.600	2.400
怯场	3.400	2.600
拳法	2.394	3.606
人像	2.057	3.943
丧假	2.697	3.303
森林	1.600	4.400
沙发	1.400	4.600
释义	3.714	2.286
受制	3.743	2.257
水产	2.229	3.771
水缸	1.400	4.600
死党	2.657	3.343
随便	3.886	2.114
胎儿	1.800	4.200
题材	3.143	2.857
天窗	1.844	4.156
同学	1.886	4.114
头目	2.286	3.714
投胎	3.500	2.500
团圆	3.114	2.886
推崇	3.735	2.265
推荐	2.971	3.029
完整	2.914	3.086
顽强	3.686	2.314
宛如	3.943	2.057
威胁	3.457	2.543
唯一	3.088	2.912
猥琐	3.559	2.441
唏嘘	3.688	2.312
奚落	3.676	2.324
瞎说	3.429	2.571
心脏	1.657	4.343
兴旺	3.471	2.529
幸福	3.457	2.543
遗失	2.886	3.114
印堂	2.400	3.600
庸俗	3.735	2.265
鱼鳞	1.629	4.371
逾期	3.086	2.914
杂食	2.514	3.486
债主	2.000	4.000
毡帽	1.606	4.394
蒸发	3.286	2.714
正派	3.257	2.743
证人	1.943	4.057
朱红	2.424	3.576
主管	2.143	3.857
住口	2.824	3.176
自主	3.176	2.824
奏效	3.371	2.629
祖传	3.057	2.943
安顿	2.633	3.367
报失	3.000	3.000
必败	2.300	3.700
标题	1.567	4.433
表弟	1.233	4.767
并肩	2.533	3.467
病人	1.500	4.500
菜谱	1.533	4.467
禅修	3.448	2.552
厂长	1.467	4.533
抄袭	2.241	3.759
带病	2.448	3.552
待定	3.300	2.700
弹簧	1.448	4.552
倒叙	2.833	3.167
灯笼	1.333	4.667
钓竿	1.400	4.600
动情	3.533	2.467
度假	2.000	4.000
对白	2.100	3.900
干果	1.633	4.367
供求	2.690	3.310
构造	2.800	3.200
估算	3.300	2.700
故障	2.300	3.700
瓜果	1.533	4.467
关于	3.464	2.536
规划	3.033	2.967
鬼魂	3.571	2.429
黑手	3.483	2.517
浑身	2.667	3.333
基因	2.533	3.467
既然	3.621	2.379
礁石	1.633	4.367
解释	2.867	3.133
经过	3.207	2.793
君子	2.821	3.179
开始	2.433	3.567
慷慨	2.833	3.167
烤鸭	1.300	4.700
瞌睡	2.133	3.867
苦海	3.900	2.100
阔别	3.367	2.633
累及	3.826	2.174
利刃	2.621	3.379
撩乱	3.520	2.480
燎原	3.633	2.367
领导	1.793	4.207
骡子	1.500	4.500
麦芽	1.467	4.533
脉冲	3.103	2.897
美军	1.767	4.233
迷路	2.033	3.967
魔术	2.300	3.700
泥浆	1.567	4.433
年假	1.724	4.276
宁可	3.667	2.333
奴役	2.833	3.167
讴歌	3.233	2.767
攀登	1.933	4.067
配给	3.414	2.586
癖好	2.733	3.267
旗袍	1.300	4.700
汽水	1.333	4.667
亲情	2.733	3.267
亲热	2.900	3.100
仁慈	3.167	2.833
砂糖	1.433	4.567
商人	1.767	4.233
盛事	3.000	3.000
饰物	1.967	4.033
释放	3.367	2.633
首脑	2.103	3.897
顺从	3.100	2.900
司令	1.433	4.567
袒护	3.000	3.000
提前	2.586	3.414
体魄	2.667	3.333
田螺	1.333	4.667
通宵	1.867	4.133
同伴	1.862	4.138
偷窃	1.833	4.167
投入	3.033	2.967
蛙人	2.462	3.538
外传	3.357	2.643
蟋蟀	1.300	4.700
洗尘	3.267	2.733
洗礼	3.552	2.448
险阻	3.207	2.793
现役	2.500	3.500
向往	3.300	2.700
蝎子	1.267	4.733
信赖	3.100	2.900
悬殊	3.633	2.367
旋律	3.000	3.000
哑巴	1.467	4.533
颜色	1.793	4.207
遥望	3.233	2.767
咬牙	1.897	4.103
倚重	3.310	2.690
阴沉	3.400	2.600
泳池	1.433	4.567
用处	2.793	3.207
用功	2.931	3.069
用刑	2.367	3.633
邮差	1.500	4.500
圆梦	3.069	2.931
月食	1.567	4.433
运转	3.034	2.966
葬礼	1.733	4.267
粘膜	2.500	3.500
占卜	2.828	3.172
榛子	1.567	4.433
阵风	2.621	3.379
正常	2.862	3.138
证件	1.467	4.533
症状	2.400	3.600
止咳	2.000	4.000
纸袋	1.533	4.467
重逢	2.967	3.033
周围	2.867	3.133
紫色	1.333	4.667
左侧	1.700	4.300
作息	2.367	3.633
版权	2.667	3.333
半空	3.100	2.900
包办	3.034	2.966
参拜	2.655	3.345
沧海	3.333	2.667
草药	1.867	4.133
草纸	1.733	4.267
嘲笑	2.933	3.067
成分	2.767	3.233
承受	3.241	2.759
出现	2.897	3.103
厨师	1.300	4.700
打赌	2.767	3.233
捣乱	2.867	3.133
到期	2.600	3.400
抵押	2.533	3.467
地利	3.393	2.607
帝王	1.633	4.367
典范	3.100	2.900
丢脸	3.100	2.900
反叛	3.133	2.867
犯法	2.067	3.933
服役	2.300	3.700
妇女	1.433	4.567
高中	1.500	4.500
耿直	3.233	2.767
勾引	3.036	2.964
古语	2.733	3.267
顾念	3.607	2.393
拐卖	2.200	3.800
观众	1.600	4.400
光年	2.333	3.667
果酱	1.600	4.400
海啸	1.667	4.333
合力	3.300	2.700
虹吸	3.040	2.960
后裔	2.267	3.733
悔改	2.900	3.100
火箭	1.467	4.533
激流	2.867	3.133
急躁	2.933	3.067
假说	3.533	2.467
奸夫	1.900	4.100
借贷	2.400	3.600
筋斗	2.867	3.133
筋骨	1.967	4.033
井水	1.367	4.633
眷顾	3.172	2.828
决意	3.600	2.400
勘探	2.600	3.400
可贵	3.367	2.633
累积	3.033	2.967
理性	3.333	2.667
连长	1.533	4.467
莲花	1.333	4.667
量刑	2.621	3.379
踉跄	3.367	2.633
凌辱	3.133	2.867
领地	2.100	3.900
留堂	2.692	3.308
留心	3.000	3.000
论文	1.567	4.433
盲肠	1.600	4.400
盟军	2.167	3.833
猛烈	3.267	2.733
秘密	2.828	3.172
排泄	1.857	4.143
批斗	2.433	3.567
拼图	1.862	4.138
凭空	3.767	2.233
歧视	3.200	2.800
启事	2.724	3.276
起诉	2.500	3.500
器材	1.533	4.467
擒拿	2.400	3.600
青松	1.690	4.310
求职	1.967	4.033
圈套	2.767	3.233
全盛	3.483	2.517
全新	2.593	3.407
群岛	1.933	4.067
韧带	1.800	4.200
少林	1.741	4.259
声浪	2.759	3.241
诗歌	1.833	4.167
手指	1.400	4.600
熟悉	3.138	2.862
搜集	2.967	3.033
太平	3.321	2.679
糖水	1.500	4.500
天空	1.433	4.567
透视	2.724	3.276
挽救	2.900	3.100
闻名	3.345	2.655
诬蔑	3.167	2.833
无害	2.900	3.100
细则	2.800	3.200
限额	2.552	3.448
骁勇	3.600	2.400
笑话	2.276	3.724
鞋带	1.300	4.700
星期	2.233	3.767
腥臭	2.400	3.600
雄狮	1.533	4.467
修正	3.138	2.862
宣泄	3.250	2.750
亚洲	1.600	4.400
艳阳	2.333	3.667
样板	2.333	3.667
窈窕	3.700	2.300
医生	1.367	4.633
佚名	2.931	3.069
引擎	2.034	3.966
召集	2.733	3.267
召募	2.897	3.103
真相	2.828	3.172
镇静	3.133	2.867
芝士	1.633	4.367
痔疮	1.467	4.533
中午	1.967	4.033
重压	3.133	2.867
子孙	1.900	4.100
租约	2.483	3.517
摆设	2.840	3.160
比例	2.423	3.577
贬值	2.840	3.160
步兵	1.440	4.560
部门	2.308	3.692
嘈杂	2.840	3.160
草木	2.077	3.923
差别	3.538	2.462
畅快	3.308	2.692
畅谈	2.962	3.038
朝廷	2.240	3.760
称职	3.077	2.923
丞相	1.600	4.400
筹码	2.769	3.231
储物	2.346	3.654
触手	2.840	3.160
雌性	1.615	4.385
窜改	3.231	2.769
担架	1.346	4.654
法文	2.115	3.885
翻版	2.846	3.154
反胃	2.346	3.654
飞禽	2.077	3.923
分期	2.308	3.692
奋战	3.423	2.577
糕点	1.385	4.615
共振	3.440	2.560
雇员	1.692	4.308
皈依	3.783	2.217
海报	1.692	4.308
汗水	1.577	4.423
豪门	3.038	2.962
花招	3.731	2.269
划船	1.462	4.538
环抱	2.346	3.654
浣熊	1.538	4.462
慌忙	3.115	2.885
会谈	2.692	3.308
火鸡	1.577	4.423
鸡蛋	1.038	4.962
集团	2.692	3.308
剂量	3.115	2.885
检点	3.640	2.360
降级	2.308	3.692
觉得	4.042	1.958
街灯	1.538	4.462
街坊	1.962	4.038
节哀	3.080	2.920
解放	3.231	2.769
精力	3.385	2.615
警察	1.192	4.808
考虑	3.480	2.520
口音	2.577	3.423
懒虫	3.077	2.923
劳动	2.423	3.577
历史	2.808	3.192
笼络	3.640	2.360
楼价	2.577	3.423
旅馆	1.500	4.500
毛发	1.462	4.538
梦游	3.038	2.962
绵延	3.760	2.240
霓虹	2.846	3.154
炮制	3.583	2.417
旗舰	2.875	3.125
亲属	1.615	4.385
清理	2.654	3.346
琼浆	3.174	2.826
润饰	3.789	2.211
杀价	3.423	2.577
傻瓜	2.808	3.192
神童	2.808	3.192
渗透	3.462	2.538
手艺	3.000	3.000
守信	2.654	3.346
属于	3.522	2.478
署名	2.192	3.808
怂恿	3.692	2.308
俗语	2.880	3.120
损害	2.962	3.038
损伤	2.500	3.500
所属	3.625	2.375
铜牌	1.385	4.615
统一	3.000	3.000
图腾	3.080	2.920
兔子	1.038	4.962
王子	2.192	3.808
威势	3.692	2.308
维和	3.346	2.654
畏缩	3.538	2.462
污染	2.538	3.462
仙鹤	2.308	3.692
娴熟	3.423	2.577
厢房	1.840	4.160
笑容	2.000	4.000
效力	3.269	2.731
薪火	3.522	2.478
幸运	3.923	2.077
宣判	2.462	3.538
压抑	3.538	2.462
阉割	2.400	3.600
眼光	3.423	2.577
谚语	2.680	3.320
议论	2.885	3.115
银杏	1.192	4.808
拥抱	1.731	4.269
诱因	3.731	2.269
冤情	3.115	2.885
允诺	3.346	2.654
诈骗	2.885	3.115
照顾	2.923	3.077
照耀	3.160	2.840
着数	3.600	2.400
贞洁	3.320	2.680
政治	3.038	2.962
质询	3.120	2.880
逐渐	3.462	2.538
主持	2.269	3.731
撞倒	1.808	4.192
资金	1.654	4.346
字数	1.385	4.615
踪迹	2.769	3.231
尊崇	3.731	2.269
座垫	1.240	4.760
按照	3.308	2.692
版画	2.038	3.962
别致	3.654	2.346
部署	2.846	3.154
参照	3.192	2.808
惨剧	2.885	3.115
草图	2.231	3.769
车身	1.500	4.500
赤贫	3.409	2.591
冲击	3.385	2.615
存亡	3.000	3.000
打闹	2.500	3.500
当家	2.731	3.269
得失	3.115	2.885
登场	2.360	3.640
等于	2.269	3.731
缔结	3.273	2.727
电动	2.385	3.615
电子	2.231	3.769
动听	3.615	2.385
独立	3.192	2.808
珐琅	2.368	3.632
凡事	3.440	2.560
方可	3.455	2.545
风流	3.731	2.269
伏笔	3.423	2.577
负数	2.000	4.000
富豪	2.615	3.385
攻陷	3.038	2.962
共鸣	3.520	2.480
沟渠	2.280	3.720
观念	3.769	2.231
管工	2.480	3.520
管状	2.385	3.615
贯彻	3.400	2.600
汉字	1.385	4.615
行程	2.346	3.654
豪华	3.080	2.920
浩荡	3.346	2.654
合谋	3.308	2.692
恒久	3.720	2.280
横财	2.667	3.333
轰炸	2.115	3.885
呼吸	1.962	4.038
黄金	1.200	4.800
绘图	1.769	4.231
集会	2.308	3.692
挟持	2.840	3.160
坚毅	3.577	2.423
缄默	3.261	2.739
简直	3.625	2.375
骄傲	3.154	2.846
皎洁	3.269	2.731
脚跟	1.654	4.346
较量	3.423	2.577
今生	3.000	3.000
谨慎	3.038	2.962
酒吧	1.280	4.720
考究	3.231	2.769
夸口	3.500	2.500
冷汗	2.308	3.692
例外	2.840	3.160
聆听	2.808	3.192
笼子	1.385	4.615
录取	1.808	4.192
路障	2.038	3.962
马甲	2.038	3.962
面善	3.308	2.692
摸黑	2.962	3.038
牟利	3.042	2.958
跑腿	2.654	3.346
撇下	2.960	3.040
平价	3.000	3.000
仆人	1.462	4.538
蒲扇	1.385	4.615
其实	3.625	2.375
其他	3.773	2.227
弃权	2.615	3.385
千万	3.600	2.400
前奏	2.520	3.480
墙纸	1.500	4.500
腮腺	2.160	3.840
山谷	1.577	4.423
蛇头	2.154	3.846
胜利	2.808	3.192
盛怒	3.160	2.840
世代	3.423	2.577
市郊	2.115	3.885
收市	2.636	3.364
受苦	3.346	2.654
数学	2.077	3.923
衰弱	3.462	2.538
寺庙	1.231	4.769
滩头	2.120	3.880
探索	3.577	2.423
通商	2.792	3.208
投靠	2.962	3.038
喜剧	2.231	3.769
喜帖	1.577	4.423
细心	3.400	2.600
享乐	3.423	2.577
象牙	1.269	4.731
续借	3.120	2.880
选手	1.680	4.320
学问	3.462	2.538
移民	1.885	4.115
应用	3.000	3.000
用力	2.769	3.231
由衷	3.615	2.385
渔民	1.462	4.538
语言	2.192	3.808
缘起	3.680	2.320
源头	2.885	3.115
粤语	1.731	4.269
遭受	3.385	2.615
展望	3.615	2.385
照着	3.400	2.600
枕头	1.269	4.731
只好	3.625	2.375
直视	2.577	3.423
制衡	3.360	2.640
制作	2.462	3.538
坐镇	3.115	2.885
报刊	1.821	4.179
鲍鱼	1.321	4.679
辩护	3.407	2.593
病症	3.036	2.964
博物	3.692	2.308
布局	3.464	2.536
茶点	2.000	4.000
常理	3.607	2.393
车牌	1.464	4.536
车胎	1.107	4.893
成就	3.643	2.357
处理	3.393	2.607
垂钓	1.929	4.071
搭救	2.643	3.357
捣碎	2.321	3.679
道士	1.643	4.357
德文	2.143	3.857
低迷	3.357	2.643
电力	2.333	3.667
刁民	2.500	3.500
冬瓜	1.107	4.893
动向	3.808	2.192
豆浆	1.250	4.750
对联	1.893	4.107
扼要	3.593	2.407
凡间	3.360	2.640
非议	3.630	2.370
分享	3.143	2.857
辅导	3.071	2.929
复古	3.679	2.321
复习	2.821	3.179
感想	4.107	1.893
干脆	3.111	2.889
格式	3.000	3.000
个人	2.519	3.481
根部	2.407	3.593
公牛	1.704	4.296
购物	2.036	3.964
顾主	2.407	3.593
冠军	1.786	4.214
孩童	1.679	4.321
和尚	1.393	4.607
画风	4.214	1.786
画家	1.893	4.107
怀疑	3.429	2.571
皇宫	1.857	4.143
积怨	3.500	2.500
基调	4.143	1.857
煎熬	3.464	2.536
见鬼	3.800	2.200
焦急	3.179	2.821
叫骂	2.407	3.593
叫声	2.250	3.750
酒杯	1.429	4.571
旧式	3.370	2.630
救济	3.107	2.893
竣工	2.370	3.630
开端	2.926	3.074
刊登	2.643	3.357
可是	3.667	2.333
可喜	3.148	2.852
库房	1.679	4.321
魁梧	2.778	3.222
褴褛	3.185	2.815
乐意	3.143	2.857
劣等	3.500	2.500
毛毯	1.429	4.571
美元	1.571	4.429
魅力	3.815	2.185
名额	2.536	3.464
明君	2.846	3.154
冥想	3.929	2.071
摹仿	2.893	3.107
母婴	2.000	4.000
怒火	3.286	2.714
配角	2.750	3.250
翩翩	4.167	1.833
气温	2.429	3.571
契约	2.571	3.429
前瞻	3.692	2.308
抢先	3.179	2.821
窃贼	1.643	4.357
缺口	2.893	3.107
日用	2.778	3.222
沙包	1.889	4.111
山峰	1.679	4.321
伤疤	1.750	4.250
上网	2.250	3.750
上周	1.929	4.071
舌战	2.963	3.037
身材	2.321	3.679
实际	3.043	2.957
世纪	2.778	3.222
手记	2.500	3.500
肃穆	3.741	2.259
贪婪	3.222	2.778
坦诚	3.667	2.333
坦率	3.222	2.778
提议	2.926	3.074
统治	3.111	2.889
推广	2.741	3.259
脱发	1.571	4.429
舞伴	1.750	4.250
雾气	2.393	3.607
喜爱	3.000	3.000
限界	3.593	2.407
穴居	2.407	3.593
盐矿	1.593	4.407
要紧	3.519	2.481
异端	3.560	2.440
易经	2.259	3.741
音叉	2.750	3.250
影片	2.179	3.821
有福	3.821	2.179
元音	2.680	3.320
院长	1.679	4.321
震荡	2.963	3.037
正数	2.444	3.556
指甲	1.500	4.500
侏儒	2.214	3.786
主导	3.536	2.464
转让	2.893	3.107
自古	3.519	2.481
祖父	1.357	4.643
巴士	1.357	4.643
保释	2.929	3.071
报恩	3.214	2.786
奔走	2.786	3.214
臂膀	1.769	4.231
不过	3.957	2.043
部落	2.179	3.821
财富	3.111	2.889
豺狼	2.074	3.926
衬衫	1.357	4.643
城堡	1.679	4.321
创造	3.750	2.250
匆忙	3.464	2.536
篡改	3.148	2.852
大忌	3.852	2.148
带领	3.071	2.929
抵偿	3.222	2.778
店员	1.704	4.296
独占	2.923	3.077
翻越	3.148	2.852
泛滥	3.481	2.519
翡翠	1.643	4.357
分隔	2.889	3.111
负心	3.654	2.346
负重	2.857	3.143
高升	3.037	2.963
搁浅	3.250	2.750
古怪	3.821	2.179
骨骼	1.593	4.407
海鸥	1.393	4.607
旱季	2.750	3.250
行骗	3.000	3.000
护理	2.750	3.250
滑雪	1.857	4.143
化学	2.607	3.393
昏庸	3.333	2.667
见状	3.727	2.273
降临	3.321	2.679
交际	3.074	2.926
胶水	1.714	4.286
接见	2.857	3.143
姐弟	1.500	4.500
进入	2.880	3.120
浸水	2.679	3.321
惊讶	3.214	2.786
精美	3.536	2.464
敬爱	3.357	2.643
纠结	3.714	2.286
劳损	3.519	2.481
联欢	2.760	3.240
灵柩	2.185	3.815
美容	2.750	3.250
迷信	3.500	2.500
偶像	2.630	3.370
缥缈	3.926	2.074
破碎	2.964	3.036
洽谈	3.143	2.857
切合	3.760	2.240
请教	3.000	3.000
曲谱	1.929	4.071
日报	1.741	4.259
柔和	3.357	2.643
塞车	1.929	4.071
煞车	2.524	3.476
闪电	1.536	4.464
上天	3.520	2.480
设施	2.500	3.500
师团	2.320	3.680
蚀刻	3.250	2.750
使徒	2.870	3.130
士气	3.714	2.286
嗜好	3.250	2.750
授课	2.214	3.786
梳妆	2.500	3.500
舒服	3.536	2.464
疏通	3.154	2.846
双人	1.964	4.036
税金	1.964	4.036
堂会	2.481	3.519
天边	3.296	2.704
田园	2.214	3.786
铁汉	2.704	3.296
童年	2.393	3.607
统领	2.704	3.296
瓦片	1.393	4.607
外号	2.667	3.333
顽固	3.607	2.393
万民	3.200	2.800
旺季	3.321	2.679
萎缩	3.115	2.885
温馨	3.643	2.357
稳定	3.250	2.750
无常	3.583	2.417
舞弊	3.148	2.852
夕阳	2.222	3.778
闲谈	2.786	3.214
消费	2.786	3.214
消失	3.143	2.857
晓得	3.370	2.630
效忠	3.259	2.741
撷取	3.148	2.852
欣赏	3.222	2.778
凶手	1.821	4.179
兄弟	1.571	4.429
燕子	1.370	4.630
业主	1.964	4.036
姨妈	1.692	4.308
引入	3.385	2.615
硬盘	1.536	4.464
浴室	1.321	4.679
预计	3.500	2.500
院校	1.929	4.071
宅门	1.852	4.148
珍珠	1.321	4.679
争取	3.250	2.750
制度	2.714	3.286
智慧	3.893	2.107
朱砂	1.741	4.259
状告	2.929	3.071
准将	2.714	3.286
自此	3.440	2.560
粽子	1.464	4.536
嘴脸	2.519	3.481
